9pqcjKMyUd	200	{'Content-Type': 'text/html; charset=utf-8', 'Vary': 'Accept-Language, Cookie, Accept-Encoding', 'Content-Language': 'en', 'Date': 'Thu, 21 Apr 2022 04:05:11 GMT', 'Content-Encoding': 'gzip', 'Strict-Transport-Security': 'max-age=31536000', 'Cache-Control': 'private, no-cache, no-store, must-revalidate', 'Pragma': 'no-cache', 'Expires': 'Sat, 01 Jan 2000 00:00:00 GMT', 'X-Frame-Options': 'SAMEORIGIN', 'content-security-policy': "report-uri https://www.instagram.com/security/csp_report/; default-src 'self' https://www.instagram.com; img-src data: blob: https://*.fbcdn.net https://*.instagram.com https://*.cdninstagram.com https://*.facebook.com https://*.fbsbx.com https://*.giphy.com; font-src data: https://*.fbcdn.net https://*.instagram.com https://*.cdninstagram.com; media-src 'self' blob: https://www.instagram.com https://*.cdninstagram.com https://*.fbcdn.net; manifest-src 'self' https://www.instagram.com; script-src 'self' https://instagram.com https://www.instagram.com https://*.www.instagram.com https://*.cdninstagram.com wss://www.instagram.com https://*.facebook.com https://*.fbcdn.net https://*.facebook.net 'unsafe-inline' 'unsafe-eval' blob:; style-src 'self' https://*.www.instagram.com https://www.instagram.com 'unsafe-inline'; connect-src 'self' https://instagram.com https://www.instagram.com https://*.www.instagram.com https://graph.instagram.com https://*.graph.instagram.com https://i.instagram.com/graphql_www https://graphql.instagram.com https://*.cdninstagram.com https://api.instagram.com https://i.instagram.com https://*.i.instagram.com https://*.od.instagram.com wss://www.instagram.com wss://edge-chat.instagram.com https://*.facebook.com https://*.fbcdn.net https://*.facebook.net chrome-extension://boadgeojelhgndaghljhdicfkmllpafd blob:; worker-src 'self' blob: https://www.instagram.com; frame-src 'self' https://instagram.com https://www.instagram.com https://*.instagram.com https://staticxx.facebook.com https://www.facebook.com https://web.facebook.com https://connect.facebook.net https://m.facebook.com; object-src 'none'; upgrade-insecure-requests", 'origin-trial': 'AuqWincgAuXeuu3KypEMnrrFEJHySaesyJS3EaIH40zvafzrU0Irhb7+5QwZpOqMZrPTjgvFl7Z5jJgy1dNAcQMAAAB6eyJvcmlnaW4iOiJodHRwczovL2luc3RhZ3JhbS5jb206NDQzIiwiZmVhdHVyZSI6IkNyb3NzT3JpZ2luT3BlbmVyUG9saWN5UmVwb3J0aW5nIiwiZXhwaXJ5IjoxNjEzNDExNjYyLCJpc1N1YmRvbWFpbiI6dHJ1ZX0=', 'report-to': '{"group": "coop", "max_age": 86400, "endpoints": [{"url": "/security/coop_report/"}]}', 'cross-origin-opener-policy': 'same-origin-allow-popups;report-to="coop"', 'X-Content-Type-Options': 'nosniff', 'X-XSS-Protection': '0', 'x-ig-push-state': 'c2', 'x-aed': '49', 'Access-Control-Expose-Headers': 'X-IG-Set-WWW-Claim', 'x-ig-request-elapsed-time-ms': '770', 'x-ig-peak-time': '0', 'Set-Cookie': 'csrftoken=uef4d8NijHrcI7qMMjoYTl2WhuDdu8mp; Domain=.instagram.com; expires=Thu, 20-Apr-2023 04:05:11 GMT; Max-Age=31449600; Path=/; Secure, mid=YmDX9gAEAAFBAjeeeCi5GqBEJ9je; Domain=.instagram.com; expires=Sat, 20-Apr-2024 04:05:11 GMT; Max-Age=63072000; Path=/; Secure, ig_did=704067D5-8164-4C1A-B37A-E7F4E98022DB; Domain=.instagram.com; expires=Sat, 20-Apr-2024 04:05:11 GMT; HttpOnly; Max-Age=63072000; Path=/; Secure, ig_nrcb=1; Domain=.instagram.com; expires=Fri, 21-Apr-2023 04:05:11 GMT; Max-Age=31536000; Path=/; Secure', 'x-ig-origin-region': 'rva', 'X-FB-TRIP-ID': '1679558926', 'Alt-Svc': 'h3=":443"; ma=86400,h3-29=":443"; ma=86400', 'Connection': 'keep-alive', 'Content-Length': '33799'}
9rcx0Oid0P	404	{'Content-Type': 'text/html; charset=utf-8', 'Vary': 'Accept-Language, Cookie', 'Content-Language': 'en', 'Date': 'Thu, 21 Apr 2022 04:05:22 GMT', 'Strict-Transport-Security': 'max-age=31536000', 'Cache-Control': 'private, no-cache, no-store, must-revalidate', 'Pragma': 'no-cache', 'Expires': 'Sat, 01 Jan 2000 00:00:00 GMT', 'X-Frame-Options': 'SAMEORIGIN', 'content-security-policy': "report-uri https://www.instagram.com/security/csp_report/; default-src 'self' https://www.instagram.com; img-src data: blob: https://*.fbcdn.net https://*.instagram.com https://*.cdninstagram.com https://*.facebook.com https://*.fbsbx.com https://*.giphy.com; font-src data: https://*.fbcdn.net https://*.instagram.com https://*.cdninstagram.com; media-src 'self' blob: https://www.instagram.com https://*.cdninstagram.com https://*.fbcdn.net; manifest-src 'self' https://www.instagram.com; script-src 'self' https://instagram.com https://www.instagram.com https://*.www.instagram.com https://*.cdninstagram.com wss://www.instagram.com https://*.facebook.com https://*.fbcdn.net https://*.facebook.net 'unsafe-inline' 'unsafe-eval' blob:; style-src 'self' https://*.www.instagram.com https://www.instagram.com 'unsafe-inline'; connect-src 'self' https://instagram.com https://www.instagram.com https://*.www.instagram.com https://graph.instagram.com https://*.graph.instagram.com https://i.instagram.com/graphql_www https://graphql.instagram.com https://*.cdninstagram.com https://api.instagram.com https://i.instagram.com https://*.i.instagram.com https://*.od.instagram.com wss://www.instagram.com wss://edge-chat.instagram.com https://*.facebook.com https://*.fbcdn.net https://*.facebook.net chrome-extension://boadgeojelhgndaghljhdicfkmllpafd blob:; worker-src 'self' blob: https://www.instagram.com; frame-src 'self' https://instagram.com https://www.instagram.com https://*.instagram.com https://staticxx.facebook.com https://www.facebook.com https://web.facebook.com https://connect.facebook.net https://m.facebook.com; object-src 'none'; upgrade-insecure-requests", 'cross-origin-embedder-policy-report-only': 'require-corp;report-to="coep"', 'report-to': '{"group": "coep", "max_age": 86400, "endpoints": [{"url": "/security/coep_report/"}]},{"group": "coop", "max_age": 86400, "endpoints": [{"url": "/security/coop_report/"}]}', 'origin-trial': 'AuqWincgAuXeuu3KypEMnrrFEJHySaesyJS3EaIH40zvafzrU0Irhb7+5QwZpOqMZrPTjgvFl7Z5jJgy1dNAcQMAAAB6eyJvcmlnaW4iOiJodHRwczovL2luc3RhZ3JhbS5jb206NDQzIiwiZmVhdHVyZSI6IkNyb3NzT3JpZ2luT3BlbmVyUG9saWN5UmVwb3J0aW5nIiwiZXhwaXJ5IjoxNjEzNDExNjYyLCJpc1N1YmRvbWFpbiI6dHJ1ZX0=', 'cross-origin-opener-policy': 'same-origin-allow-popups;report-to="coop"', 'X-Content-Type-Options': 'nosniff', 'X-XSS-Protection': '0', 'x-ig-push-state': 'c2', 'x-aed': '49', 'Access-Control-Expose-Headers': 'X-IG-Set-WWW-Claim', 'x-ig-request-elapsed-time-ms': '113', 'x-ig-peak-time': '0', 'Set-Cookie': 'csrftoken=HrSOQjk4w4iLBaONYFN3mk3b7BCHlyMm; Domain=.instagram.com; expires=Thu, 20-Apr-2023 04:05:22 GMT; Max-Age=31449600; Path=/; Secure, mid=YmDYAgAEAAFgCmNVWb2DHpXeJofd; Domain=.instagram.com; expires=Sat, 20-Apr-2024 04:05:22 GMT; Max-Age=63072000; Path=/; Secure, ig_did=6FFD49AC-41F5-4796-8E6F-AE2A228F25DC; Domain=.instagram.com; expires=Sat, 20-Apr-2024 04:05:22 GMT; HttpOnly; Max-Age=63072000; Path=/; Secure, ig_nrcb=1; Domain=.instagram.com; expires=Fri, 21-Apr-2023 04:05:22 GMT; Max-Age=31536000; Path=/; Secure', 'x-ig-origin-region': 'rva', 'X-FB-TRIP-ID': '1679558926', 'Alt-Svc': 'h3=":443"; ma=86400,h3-29=":443"; ma=86400', 'Connection': 'keep-alive', 'Content-Length': '94008'}
9So9EPIQco	200	{'Content-Type': 'text/html; charset=utf-8', 'Vary': 'Accept-Language, Cookie, Accept-Encoding', 'Content-Language': 'en', 'Date': 'Thu, 21 Apr 2022 04:05:33 GMT', 'Content-Encoding': 'gzip', 'Strict-Transport-Security': 'max-age=31536000', 'Cache-Control': 'private, no-cache, no-store, must-revalidate', 'Pragma': 'no-cache', 'Expires': 'Sat, 01 Jan 2000 00:00:00 GMT', 'X-Frame-Options': 'SAMEORIGIN', 'content-security-policy': "report-uri https://www.instagram.com/security/csp_report/; default-src 'self' https://www.instagram.com; img-src data: blob: https://*.fbcdn.net https://*.instagram.com https://*.cdninstagram.com https://*.facebook.com https://*.fbsbx.com https://*.giphy.com; font-src data: https://*.fbcdn.net https://*.instagram.com https://*.cdninstagram.com; media-src 'self' blob: https://www.instagram.com https://*.cdninstagram.com https://*.fbcdn.net; manifest-src 'self' https://www.instagram.com; script-src 'self' https://instagram.com https://www.instagram.com https://*.www.instagram.com https://*.cdninstagram.com wss://www.instagram.com https://*.facebook.com https://*.fbcdn.net https://*.facebook.net 'unsafe-inline' 'unsafe-eval' blob:; style-src 'self' https://*.www.instagram.com https://www.instagram.com 'unsafe-inline'; connect-src 'self' https://instagram.com https://www.instagram.com https://*.www.instagram.com https://graph.instagram.com https://*.graph.instagram.com https://i.instagram.com/graphql_www https://graphql.instagram.com https://*.cdninstagram.com https://api.instagram.com https://i.instagram.com https://*.i.instagram.com https://*.od.instagram.com wss://www.instagram.com wss://edge-chat.instagram.com https://*.facebook.com https://*.fbcdn.net https://*.facebook.net chrome-extension://boadgeojelhgndaghljhdicfkmllpafd blob:; worker-src 'self' blob: https://www.instagram.com; frame-src 'self' https://instagram.com https://www.instagram.com https://*.instagram.com https://staticxx.facebook.com https://www.facebook.com https://web.facebook.com https://connect.facebook.net https://m.facebook.com; object-src 'none'; upgrade-insecure-requests", 'origin-trial': 'AuqWincgAuXeuu3KypEMnrrFEJHySaesyJS3EaIH40zvafzrU0Irhb7+5QwZpOqMZrPTjgvFl7Z5jJgy1dNAcQMAAAB6eyJvcmlnaW4iOiJodHRwczovL2luc3RhZ3JhbS5jb206NDQzIiwiZmVhdHVyZSI6IkNyb3NzT3JpZ2luT3BlbmVyUG9saWN5UmVwb3J0aW5nIiwiZXhwaXJ5IjoxNjEzNDExNjYyLCJpc1N1YmRvbWFpbiI6dHJ1ZX0=', 'report-to': '{"group": "coop", "max_age": 86400, "endpoints": [{"url": "/security/coop_report/"}]}', 'cross-origin-opener-policy': 'same-origin-allow-popups;report-to="coop"', 'X-Content-Type-Options': 'nosniff', 'X-XSS-Protection': '0', 'x-ig-push-state': 'c2', 'x-aed': '49', 'Access-Control-Expose-Headers': 'X-IG-Set-WWW-Claim', 'x-ig-request-elapsed-time-ms': '334', 'x-ig-peak-time': '0', 'Set-Cookie': 'csrftoken=ECofBivLrDhdeK1HkXBtRf2TnoPgqAnK; Domain=.instagram.com; expires=Thu, 20-Apr-2023 04:05:33 GMT; Max-Age=31449600; Path=/; Secure, mid=YmDYDQAEAAECTGQsJxcETXwsMHGb; Domain=.instagram.com; expires=Sat, 20-Apr-2024 04:05:33 GMT; Max-Age=63072000; Path=/; Secure, ig_did=22CD59A2-CAC9-4F7F-AF99-0762E1F60B5F; Domain=.instagram.com; expires=Sat, 20-Apr-2024 04:05:33 GMT; HttpOnly; Max-Age=63072000; Path=/; Secure, ig_nrcb=1; Domain=.instagram.com; expires=Fri, 21-Apr-2023 04:05:33 GMT; Max-Age=31536000; Path=/; Secure', 'x-ig-origin-region': 'rva', 'X-FB-TRIP-ID': '1679558926', 'Alt-Svc': 'h3=":443"; ma=86400,h3-29=":443"; ma=86400', 'Connection': 'keep-alive', 'Content-Length': '35574'}
9Wz0F2Eu4m	200	{'Content-Type': 'text/html; charset=utf-8', 'Vary': 'Accept-Language, Cookie, Accept-Encoding', 'Content-Language': 'en', 'Date': 'Thu, 21 Apr 2022 04:06:38 GMT', 'Content-Encoding': 'gzip', 'Strict-Transport-Security': 'max-age=31536000', 'Cache-Control': 'private, no-cache, no-store, must-revalidate', 'Pragma': 'no-cache', 'Expires': 'Sat, 01 Jan 2000 00:00:00 GMT', 'X-Frame-Options': 'SAMEORIGIN', 'content-security-policy': "report-uri https://www.instagram.com/security/csp_report/; default-src 'self' https://www.instagram.com; img-src data: blob: https://*.fbcdn.net https://*.instagram.com https://*.cdninstagram.com https://*.facebook.com https://*.fbsbx.com https://*.giphy.com; font-src data: https://*.fbcdn.net https://*.instagram.com https://*.cdninstagram.com; media-src 'self' blob: https://www.instagram.com https://*.cdninstagram.com https://*.fbcdn.net; manifest-src 'self' https://www.instagram.com; script-src 'self' https://instagram.com https://www.instagram.com https://*.www.instagram.com https://*.cdninstagram.com wss://www.instagram.com https://*.facebook.com https://*.fbcdn.net https://*.facebook.net 'unsafe-inline' 'unsafe-eval' blob:; style-src 'self' https://*.www.instagram.com https://www.instagram.com 'unsafe-inline'; connect-src 'self' https://instagram.com https://www.instagram.com https://*.www.instagram.com https://graph.instagram.com https://*.graph.instagram.com https://i.instagram.com/graphql_www https://graphql.instagram.com https://*.cdninstagram.com https://api.instagram.com https://i.instagram.com https://*.i.instagram.com https://*.od.instagram.com wss://www.instagram.com wss://edge-chat.instagram.com https://*.facebook.com https://*.fbcdn.net https://*.facebook.net chrome-extension://boadgeojelhgndaghljhdicfkmllpafd blob:; worker-src 'self' blob: https://www.instagram.com; frame-src 'self' https://instagram.com https://www.instagram.com https://*.instagram.com https://staticxx.facebook.com https://www.facebook.com https://web.facebook.com https://connect.facebook.net https://m.facebook.com; object-src 'none'; upgrade-insecure-requests", 'origin-trial': 'AuqWincgAuXeuu3KypEMnrrFEJHySaesyJS3EaIH40zvafzrU0Irhb7+5QwZpOqMZrPTjgvFl7Z5jJgy1dNAcQMAAAB6eyJvcmlnaW4iOiJodHRwczovL2luc3RhZ3JhbS5jb206NDQzIiwiZmVhdHVyZSI6IkNyb3NzT3JpZ2luT3BlbmVyUG9saWN5UmVwb3J0aW5nIiwiZXhwaXJ5IjoxNjEzNDExNjYyLCJpc1N1YmRvbWFpbiI6dHJ1ZX0=', 'report-to': '{"group": "coop", "max_age": 86400, "endpoints": [{"url": "/security/coop_report/"}]}', 'cross-origin-opener-policy': 'same-origin-allow-popups;report-to="coop"', 'X-Content-Type-Options': 'nosniff', 'X-XSS-Protection': '0', 'x-ig-push-state': 'c2', 'x-aed': '49', 'Access-Control-Expose-Headers': 'X-IG-Set-WWW-Claim', 'x-ig-request-elapsed-time-ms': '1064', 'x-ig-peak-time': '0', 'Set-Cookie': 'csrftoken=5JUaL869QHl5XCtzamZFmGH8iivUlQrB; Domain=.instagram.com; expires=Thu, 20-Apr-2023 04:06:38 GMT; Max-Age=31449600; Path=/; Secure, mid=YmDYTAAEAAEnlfaR-4AuFk3eUHQy; Domain=.instagram.com; expires=Sat, 20-Apr-2024 04:06:38 GMT; Max-Age=63072000; Path=/; Secure, ig_did=25E36FE6-0008-4DE4-9E0D-6D243C8C56C1; Domain=.instagram.com; expires=Sat, 20-Apr-2024 04:06:38 GMT; HttpOnly; Max-Age=63072000; Path=/; Secure, ig_nrcb=1; Domain=.instagram.com; expires=Fri, 21-Apr-2023 04:06:38 GMT; Max-Age=31536000; Path=/; Secure', 'x-ig-origin-region': 'ncg', 'X-FB-TRIP-ID': '1679558926', 'Alt-Svc': 'h3=":443"; ma=86400,h3-29=":443"; ma=86400', 'Connection': 'keep-alive', 'Content-Length': '34944'}
aHjKwYyGFv	404	{'Content-Type': 'text/html; charset=utf-8', 'Vary': 'Accept-Language, Cookie', 'Content-Language': 'en', 'Date': 'Thu, 21 Apr 2022 04:06:49 GMT', 'Strict-Transport-Security': 'max-age=31536000', 'Cache-Control': 'private, no-cache, no-store, must-revalidate', 'Pragma': 'no-cache', 'Expires': 'Sat, 01 Jan 2000 00:00:00 GMT', 'X-Frame-Options': 'SAMEORIGIN', 'content-security-policy': "report-uri https://www.instagram.com/security/csp_report/; default-src 'self' https://www.instagram.com; img-src data: blob: https://*.fbcdn.net https://*.instagram.com https://*.cdninstagram.com https://*.facebook.com https://*.fbsbx.com https://*.giphy.com; font-src data: https://*.fbcdn.net https://*.instagram.com https://*.cdninstagram.com; media-src 'self' blob: https://www.instagram.com https://*.cdninstagram.com https://*.fbcdn.net; manifest-src 'self' https://www.instagram.com; script-src 'self' https://instagram.com https://www.instagram.com https://*.www.instagram.com https://*.cdninstagram.com wss://www.instagram.com https://*.facebook.com https://*.fbcdn.net https://*.facebook.net 'unsafe-inline' 'unsafe-eval' blob:; style-src 'self' https://*.www.instagram.com https://www.instagram.com 'unsafe-inline'; connect-src 'self' https://instagram.com https://www.instagram.com https://*.www.instagram.com https://graph.instagram.com https://*.graph.instagram.com https://i.instagram.com/graphql_www https://graphql.instagram.com https://*.cdninstagram.com https://api.instagram.com https://i.instagram.com https://*.i.instagram.com https://*.od.instagram.com wss://www.instagram.com wss://edge-chat.instagram.com https://*.facebook.com https://*.fbcdn.net https://*.facebook.net chrome-extension://boadgeojelhgndaghljhdicfkmllpafd blob:; worker-src 'self' blob: https://www.instagram.com; frame-src 'self' https://instagram.com https://www.instagram.com https://*.instagram.com https://staticxx.facebook.com https://www.facebook.com https://web.facebook.com https://connect.facebook.net https://m.facebook.com; object-src 'none'; upgrade-insecure-requests", 'cross-origin-embedder-policy-report-only': 'require-corp;report-to="coep"', 'report-to': '{"group": "coep", "max_age": 86400, "endpoints": [{"url": "/security/coep_report/"}]},{"group": "coop", "max_age": 86400, "endpoints": [{"url": "/security/coop_report/"}]}', 'origin-trial': 'AuqWincgAuXeuu3KypEMnrrFEJHySaesyJS3EaIH40zvafzrU0Irhb7+5QwZpOqMZrPTjgvFl7Z5jJgy1dNAcQMAAAB6eyJvcmlnaW4iOiJodHRwczovL2luc3RhZ3JhbS5jb206NDQzIiwiZmVhdHVyZSI6IkNyb3NzT3JpZ2luT3BlbmVyUG9saWN5UmVwb3J0aW5nIiwiZXhwaXJ5IjoxNjEzNDExNjYyLCJpc1N1YmRvbWFpbiI6dHJ1ZX0=', 'cross-origin-opener-policy': 'same-origin-allow-popups;report-to="coop"', 'X-Content-Type-Options': 'nosniff', 'X-XSS-Protection': '0', 'x-ig-push-state': 'c2', 'x-aed': '49', 'Access-Control-Expose-Headers': 'X-IG-Set-WWW-Claim', 'x-ig-request-elapsed-time-ms': '524', 'x-ig-peak-time': '0', 'Set-Cookie': 'csrftoken=zQTPe762U6XZwHzDgao1Bfd8h0F7yG5K; Domain=.instagram.com; expires=Thu, 20-Apr-2023 04:06:49 GMT; Max-Age=31449600; Path=/; Secure, mid=YmDYWAAEAAFkw0pPqjxnjYy5_LPA; Domain=.instagram.com; expires=Sat, 20-Apr-2024 04:06:49 GMT; Max-Age=63072000; Path=/; Secure, ig_did=B5BA0645-A007-4356-9C25-470A5F505543; Domain=.instagram.com; expires=Sat, 20-Apr-2024 04:06:49 GMT; HttpOnly; Max-Age=63072000; Path=/; Secure, ig_nrcb=1; Domain=.instagram.com; expires=Fri, 21-Apr-2023 04:06:49 GMT; Max-Age=31536000; Path=/; Secure', 'x-ig-origin-region': 'ncg', 'X-FB-TRIP-ID': '1679558926', 'Alt-Svc': 'h3=":443"; ma=86400,h3-29=":443"; ma=86400', 'Connection': 'keep-alive', 'Content-Length': '94125'}
akNC26uClL	200	{'Content-Type': 'text/html; charset=utf-8', 'Vary': 'Accept-Language, Cookie, Accept-Encoding', 'Content-Language': 'en', 'Date': 'Thu, 21 Apr 2022 04:07:01 GMT', 'Content-Encoding': 'gzip', 'Strict-Transport-Security': 'max-age=31536000', 'Cache-Control': 'private, no-cache, no-store, must-revalidate', 'Pragma': 'no-cache', 'Expires': 'Sat, 01 Jan 2000 00:00:00 GMT', 'X-Frame-Options': 'SAMEORIGIN', 'content-security-policy': "report-uri https://www.instagram.com/security/csp_report/; default-src 'self' https://www.instagram.com; img-src data: blob: https://*.fbcdn.net https://*.instagram.com https://*.cdninstagram.com https://*.facebook.com https://*.fbsbx.com https://*.giphy.com; font-src data: https://*.fbcdn.net https://*.instagram.com https://*.cdninstagram.com; media-src 'self' blob: https://www.instagram.com https://*.cdninstagram.com https://*.fbcdn.net; manifest-src 'self' https://www.instagram.com; script-src 'self' https://instagram.com https://www.instagram.com https://*.www.instagram.com https://*.cdninstagram.com wss://www.instagram.com https://*.facebook.com https://*.fbcdn.net https://*.facebook.net 'unsafe-inline' 'unsafe-eval' blob:; style-src 'self' https://*.www.instagram.com https://www.instagram.com 'unsafe-inline'; connect-src 'self' https://instagram.com https://www.instagram.com https://*.www.instagram.com https://graph.instagram.com https://*.graph.instagram.com https://i.instagram.com/graphql_www https://graphql.instagram.com https://*.cdninstagram.com https://api.instagram.com https://i.instagram.com https://*.i.instagram.com https://*.od.instagram.com wss://www.instagram.com wss://edge-chat.instagram.com https://*.facebook.com https://*.fbcdn.net https://*.facebook.net chrome-extension://boadgeojelhgndaghljhdicfkmllpafd blob:; worker-src 'self' blob: https://www.instagram.com; frame-src 'self' https://instagram.com https://www.instagram.com https://*.instagram.com https://staticxx.facebook.com https://www.facebook.com https://web.facebook.com https://connect.facebook.net https://m.facebook.com; object-src 'none'; upgrade-insecure-requests", 'origin-trial': 'AuqWincgAuXeuu3KypEMnrrFEJHySaesyJS3EaIH40zvafzrU0Irhb7+5QwZpOqMZrPTjgvFl7Z5jJgy1dNAcQMAAAB6eyJvcmlnaW4iOiJodHRwczovL2luc3RhZ3JhbS5jb206NDQzIiwiZmVhdHVyZSI6IkNyb3NzT3JpZ2luT3BlbmVyUG9saWN5UmVwb3J0aW5nIiwiZXhwaXJ5IjoxNjEzNDExNjYyLCJpc1N1YmRvbWFpbiI6dHJ1ZX0=', 'report-to': '{"group": "coop", "max_age": 86400, "endpoints": [{"url": "/security/coop_report/"}]}', 'cross-origin-opener-policy': 'same-origin-allow-popups;report-to="coop"', 'X-Content-Type-Options': 'nosniff', 'X-XSS-Protection': '0', 'x-ig-push-state': 'c2', 'x-aed': '49', 'Access-Control-Expose-Headers': 'X-IG-Set-WWW-Claim', 'x-ig-request-elapsed-time-ms': '504', 'x-ig-peak-time': '0', 'Set-Cookie': 'csrftoken=EjPowlXmieKolXAa094z2EOHS84BiS1o; Domain=.instagram.com; expires=Thu, 20-Apr-2023 04:07:01 GMT; Max-Age=31449600; Path=/; Secure, mid=YmDYZAAEAAGfXCJOzKu2qr0Nb_D6; Domain=.instagram.com; expires=Sat, 20-Apr-2024 04:07:01 GMT; Max-Age=63072000; Path=/; Secure, ig_did=CCA352A9-B13A-4974-90CA-69F7290A4AF6; Domain=.instagram.com; expires=Sat, 20-Apr-2024 04:07:01 GMT; HttpOnly; Max-Age=63072000; Path=/; Secure, ig_nrcb=1; Domain=.instagram.com; expires=Fri, 21-Apr-2023 04:07:01 GMT; Max-Age=31536000; Path=/; Secure', 'x-ig-origin-region': 'ncg', 'X-FB-TRIP-ID': '1679558926', 'Alt-Svc': 'h3=":443"; ma=86400,h3-29=":443"; ma=86400', 'Connection': 'keep-alive', 'Content-Length': '32215'}
aPx0JdKEIO	404	{'Content-Type': 'text/html; charset=utf-8', 'Vary': 'Accept-Language, Cookie', 'Content-Language': 'en', 'Date': 'Thu, 21 Apr 2022 04:08:05 GMT', 'Strict-Transport-Security': 'max-age=31536000', 'Cache-Control': 'private, no-cache, no-store, must-revalidate', 'Pragma': 'no-cache', 'Expires': 'Sat, 01 Jan 2000 00:00:00 GMT', 'X-Frame-Options': 'SAMEORIGIN', 'content-security-policy': "report-uri https://www.instagram.com/security/csp_report/; default-src 'self' https://www.instagram.com; img-src data: blob: https://*.fbcdn.net https://*.instagram.com https://*.cdninstagram.com https://*.facebook.com https://*.fbsbx.com https://*.giphy.com; font-src data: https://*.fbcdn.net https://*.instagram.com https://*.cdninstagram.com; media-src 'self' blob: https://www.instagram.com https://*.cdninstagram.com https://*.fbcdn.net; manifest-src 'self' https://www.instagram.com; script-src 'self' https://instagram.com https://www.instagram.com https://*.www.instagram.com https://*.cdninstagram.com wss://www.instagram.com https://*.facebook.com https://*.fbcdn.net https://*.facebook.net 'unsafe-inline' 'unsafe-eval' blob:; style-src 'self' https://*.www.instagram.com https://www.instagram.com 'unsafe-inline'; connect-src 'self' https://instagram.com https://www.instagram.com https://*.www.instagram.com https://graph.instagram.com https://*.graph.instagram.com https://i.instagram.com/graphql_www https://graphql.instagram.com https://*.cdninstagram.com https://api.instagram.com https://i.instagram.com https://*.i.instagram.com https://*.od.instagram.com wss://www.instagram.com wss://edge-chat.instagram.com https://*.facebook.com https://*.fbcdn.net https://*.facebook.net chrome-extension://boadgeojelhgndaghljhdicfkmllpafd blob:; worker-src 'self' blob: https://www.instagram.com; frame-src 'self' https://instagram.com https://www.instagram.com https://*.instagram.com https://staticxx.facebook.com https://www.facebook.com https://web.facebook.com https://connect.facebook.net https://m.facebook.com; object-src 'none'; upgrade-insecure-requests", 'cross-origin-embedder-policy-report-only': 'require-corp;report-to="coep"', 'report-to': '{"group": "coep", "max_age": 86400, "endpoints": [{"url": "/security/coep_report/"}]},{"group": "coop", "max_age": 86400, "endpoints": [{"url": "/security/coop_report/"}]}', 'origin-trial': 'AuqWincgAuXeuu3KypEMnrrFEJHySaesyJS3EaIH40zvafzrU0Irhb7+5QwZpOqMZrPTjgvFl7Z5jJgy1dNAcQMAAAB6eyJvcmlnaW4iOiJodHRwczovL2luc3RhZ3JhbS5jb206NDQzIiwiZmVhdHVyZSI6IkNyb3NzT3JpZ2luT3BlbmVyUG9saWN5UmVwb3J0aW5nIiwiZXhwaXJ5IjoxNjEzNDExNjYyLCJpc1N1YmRvbWFpbiI6dHJ1ZX0=', 'cross-origin-opener-policy': 'same-origin-allow-popups;report-to="coop"', 'X-Content-Type-Options': 'nosniff', 'X-XSS-Protection': '0', 'x-ig-push-state': 'c2', 'x-aed': '49', 'Access-Control-Expose-Headers': 'X-IG-Set-WWW-Claim', 'x-ig-request-elapsed-time-ms': '264', 'x-ig-peak-time': '0', 'Set-Cookie': 'csrftoken=azrwKo3jGRzNcy1fHfdeoeDn5SmjPW3s; Domain=.instagram.com; expires=Thu, 20-Apr-2023 04:08:05 GMT; Max-Age=31449600; Path=/; Secure, mid=YmDYpAAEAAEmzZ3LniPDR6UKe6uQ; Domain=.instagram.com; expires=Sat, 20-Apr-2024 04:08:05 GMT; Max-Age=63072000; Path=/; Secure, ig_did=B0C5916D-BBFA-4CEA-8E8D-E7237290AEEF; Domain=.instagram.com; expires=Sat, 20-Apr-2024 04:08:05 GMT; HttpOnly; Max-Age=63072000; Path=/; Secure, ig_nrcb=1; Domain=.instagram.com; expires=Fri, 21-Apr-2023 04:08:05 GMT; Max-Age=31536000; Path=/; Secure', 'x-ig-origin-region': 'rva', 'X-FB-TRIP-ID': '1679558926', 'Alt-Svc': 'h3=":443"; ma=86400,h3-29=":443"; ma=86400', 'Connection': 'keep-alive', 'Content-Length': '94122'}
aTbSMxMAmu	404	{'Content-Type': 'text/html; charset=utf-8', 'Vary': 'Accept-Language, Cookie', 'Content-Language': 'en', 'Date': 'Thu, 21 Apr 2022 04:08:16 GMT', 'Strict-Transport-Security': 'max-age=31536000', 'Cache-Control': 'private, no-cache, no-store, must-revalidate', 'Pragma': 'no-cache', 'Expires': 'Sat, 01 Jan 2000 00:00:00 GMT', 'X-Frame-Options': 'SAMEORIGIN', 'content-security-policy': "report-uri https://www.instagram.com/security/csp_report/; default-src 'self' https://www.instagram.com; img-src data: blob: https://*.fbcdn.net https://*.instagram.com https://*.cdninstagram.com https://*.facebook.com https://*.fbsbx.com https://*.giphy.com; font-src data: https://*.fbcdn.net https://*.instagram.com https://*.cdninstagram.com; media-src 'self' blob: https://www.instagram.com https://*.cdninstagram.com https://*.fbcdn.net; manifest-src 'self' https://www.instagram.com; script-src 'self' https://instagram.com https://www.instagram.com https://*.www.instagram.com https://*.cdninstagram.com wss://www.instagram.com https://*.facebook.com https://*.fbcdn.net https://*.facebook.net 'unsafe-inline' 'unsafe-eval' blob:; style-src 'self' https://*.www.instagram.com https://www.instagram.com 'unsafe-inline'; connect-src 'self' https://instagram.com https://www.instagram.com https://*.www.instagram.com https://graph.instagram.com https://*.graph.instagram.com https://i.instagram.com/graphql_www https://graphql.instagram.com https://*.cdninstagram.com https://api.instagram.com https://i.instagram.com https://*.i.instagram.com https://*.od.instagram.com wss://www.instagram.com wss://edge-chat.instagram.com https://*.facebook.com https://*.fbcdn.net https://*.facebook.net chrome-extension://boadgeojelhgndaghljhdicfkmllpafd blob:; worker-src 'self' blob: https://www.instagram.com; frame-src 'self' https://instagram.com https://www.instagram.com https://*.instagram.com https://staticxx.facebook.com https://www.facebook.com https://web.facebook.com https://connect.facebook.net https://m.facebook.com; object-src 'none'; upgrade-insecure-requests", 'cross-origin-embedder-policy-report-only': 'require-corp;report-to="coep"', 'report-to': '{"group": "coep", "max_age": 86400, "endpoints": [{"url": "/security/coep_report/"}]},{"group": "coop", "max_age": 86400, "endpoints": [{"url": "/security/coop_report/"}]}', 'origin-trial': 'AuqWincgAuXeuu3KypEMnrrFEJHySaesyJS3EaIH40zvafzrU0Irhb7+5QwZpOqMZrPTjgvFl7Z5jJgy1dNAcQMAAAB6eyJvcmlnaW4iOiJodHRwczovL2luc3RhZ3JhbS5jb206NDQzIiwiZmVhdHVyZSI6IkNyb3NzT3JpZ2luT3BlbmVyUG9saWN5UmVwb3J0aW5nIiwiZXhwaXJ5IjoxNjEzNDExNjYyLCJpc1N1YmRvbWFpbiI6dHJ1ZX0=', 'cross-origin-opener-policy': 'same-origin-allow-popups;report-to="coop"', 'X-Content-Type-Options': 'nosniff', 'X-XSS-Protection': '0', 'x-ig-push-state': 'c2', 'x-aed': '49', 'Access-Control-Expose-Headers': 'X-IG-Set-WWW-Claim', 'x-ig-request-elapsed-time-ms': '458', 'x-ig-peak-time': '0', 'Set-Cookie': 'csrftoken=k4H7ZWXcftXOmrMFgXWMnAnG1meRfMAo; Domain=.instagram.com; expires=Thu, 20-Apr-2023 04:08:16 GMT; Max-Age=31449600; Path=/; Secure, mid=YmDYsAAEAAFVX_6GrdkHng8GtC-6; Domain=.instagram.com; expires=Sat, 20-Apr-2024 04:08:16 GMT; Max-Age=63072000; Path=/; Secure, ig_did=F825F211-92A4-4780-8565-E6A61224267B; Domain=.instagram.com; expires=Sat, 20-Apr-2024 04:08:16 GMT; HttpOnly; Max-Age=63072000; Path=/; Secure, ig_nrcb=1; Domain=.instagram.com; expires=Fri, 21-Apr-2023 04:08:16 GMT; Max-Age=31536000; Path=/; Secure', 'x-ig-origin-region': 'rva', 'X-FB-TRIP-ID': '1679558926', 'Alt-Svc': 'h3=":443"; ma=86400,h3-29=":443"; ma=86400', 'Connection': 'keep-alive', 'Content-Length': '94005'}
B0hgJYxAScR	200	{'Content-Type': 'text/html; charset=utf-8', 'Vary': 'Accept-Language, Cookie, Accept-Encoding', 'Content-Language': 'en', 'Date': 'Thu, 21 Apr 2022 04:08:28 GMT', 'Content-Encoding': 'gzip', 'Strict-Transport-Security': 'max-age=31536000', 'Cache-Control': 'private, no-cache, no-store, must-revalidate', 'Pragma': 'no-cache', 'Expires': 'Sat, 01 Jan 2000 00:00:00 GMT', 'X-Frame-Options': 'SAMEORIGIN', 'content-security-policy': "report-uri https://www.instagram.com/security/csp_report/; default-src 'self' https://www.instagram.com; img-src data: blob: https://*.fbcdn.net https://*.instagram.com https://*.cdninstagram.com https://*.facebook.com https://*.fbsbx.com https://*.giphy.com; font-src data: https://*.fbcdn.net https://*.instagram.com https://*.cdninstagram.com; media-src 'self' blob: https://www.instagram.com https://*.cdninstagram.com https://*.fbcdn.net; manifest-src 'self' https://www.instagram.com; script-src 'self' https://instagram.com https://www.instagram.com https://*.www.instagram.com https://*.cdninstagram.com wss://www.instagram.com https://*.facebook.com https://*.fbcdn.net https://*.facebook.net 'unsafe-inline' 'unsafe-eval' blob:; style-src 'self' https://*.www.instagram.com https://www.instagram.com 'unsafe-inline'; connect-src 'self' https://instagram.com https://www.instagram.com https://*.www.instagram.com https://graph.instagram.com https://*.graph.instagram.com https://i.instagram.com/graphql_www https://graphql.instagram.com https://*.cdninstagram.com https://api.instagram.com https://i.instagram.com https://*.i.instagram.com https://*.od.instagram.com wss://www.instagram.com wss://edge-chat.instagram.com https://*.facebook.com https://*.fbcdn.net https://*.facebook.net chrome-extension://boadgeojelhgndaghljhdicfkmllpafd blob:; worker-src 'self' blob: https://www.instagram.com; frame-src 'self' https://instagram.com https://www.instagram.com https://*.instagram.com https://staticxx.facebook.com https://www.facebook.com https://web.facebook.com https://connect.facebook.net https://m.facebook.com; object-src 'none'; upgrade-insecure-requests", 'origin-trial': 'AuqWincgAuXeuu3KypEMnrrFEJHySaesyJS3EaIH40zvafzrU0Irhb7+5QwZpOqMZrPTjgvFl7Z5jJgy1dNAcQMAAAB6eyJvcmlnaW4iOiJodHRwczovL2luc3RhZ3JhbS5jb206NDQzIiwiZmVhdHVyZSI6IkNyb3NzT3JpZ2luT3BlbmVyUG9saWN5UmVwb3J0aW5nIiwiZXhwaXJ5IjoxNjEzNDExNjYyLCJpc1N1YmRvbWFpbiI6dHJ1ZX0=', 'report-to': '{"group": "coop", "max_age": 86400, "endpoints": [{"url": "/security/coop_report/"}]}', 'cross-origin-opener-policy': 'same-origin-allow-popups;report-to="coop"', 'X-Content-Type-Options': 'nosniff', 'X-XSS-Protection': '0', 'x-ig-push-state': 'c2', 'x-aed': '49', 'Access-Control-Expose-Headers': 'X-IG-Set-WWW-Claim', 'x-ig-request-elapsed-time-ms': '1279', 'x-ig-peak-time': '0', 'Set-Cookie': 'csrftoken=Hm3doYNemT7oLf5sGMtW7BWLHpl9Zb8W; Domain=.instagram.com; expires=Thu, 20-Apr-2023 04:08:28 GMT; Max-Age=31449600; Path=/; Secure, mid=YmDYuwAEAAFCFI_m3qptxGKtECd1; Domain=.instagram.com; expires=Sat, 20-Apr-2024 04:08:28 GMT; Max-Age=63072000; Path=/; Secure, ig_did=F42FFD00-A54D-48ED-B553-25EE7A42DF3A; Domain=.instagram.com; expires=Sat, 20-Apr-2024 04:08:28 GMT; HttpOnly; Max-Age=63072000; Path=/; Secure, ig_nrcb=1; Domain=.instagram.com; expires=Fri, 21-Apr-2023 04:08:28 GMT; Max-Age=31536000; Path=/; Secure', 'x-ig-origin-region': 'rva', 'X-FB-TRIP-ID': '1679558926', 'Alt-Svc': 'h3=":443"; ma=86400,h3-29=":443"; ma=86400', 'Connection': 'keep-alive', 'Content-Length': '38413'}
B0tXmbAnEuS	200	{'Content-Type': 'text/html; charset=utf-8', 'Vary': 'Accept-Language, Cookie, Accept-Encoding', 'Content-Language': 'en', 'Date': 'Thu, 21 Apr 2022 04:08:40 GMT', 'Content-Encoding': 'gzip', 'Strict-Transport-Security': 'max-age=31536000', 'Cache-Control': 'private, no-cache, no-store, must-revalidate', 'Pragma': 'no-cache', 'Expires': 'Sat, 01 Jan 2000 00:00:00 GMT', 'X-Frame-Options': 'SAMEORIGIN', 'content-security-policy': "report-uri https://www.instagram.com/security/csp_report/; default-src 'self' https://www.instagram.com; img-src data: blob: https://*.fbcdn.net https://*.instagram.com https://*.cdninstagram.com https://*.facebook.com https://*.fbsbx.com https://*.giphy.com; font-src data: https://*.fbcdn.net https://*.instagram.com https://*.cdninstagram.com; media-src 'self' blob: https://www.instagram.com https://*.cdninstagram.com https://*.fbcdn.net; manifest-src 'self' https://www.instagram.com; script-src 'self' https://instagram.com https://www.instagram.com https://*.www.instagram.com https://*.cdninstagram.com wss://www.instagram.com https://*.facebook.com https://*.fbcdn.net https://*.facebook.net 'unsafe-inline' 'unsafe-eval' blob:; style-src 'self' https://*.www.instagram.com https://www.instagram.com 'unsafe-inline'; connect-src 'self' https://instagram.com https://www.instagram.com https://*.www.instagram.com https://graph.instagram.com https://*.graph.instagram.com https://i.instagram.com/graphql_www https://graphql.instagram.com https://*.cdninstagram.com https://api.instagram.com https://i.instagram.com https://*.i.instagram.com https://*.od.instagram.com wss://www.instagram.com wss://edge-chat.instagram.com https://*.facebook.com https://*.fbcdn.net https://*.facebook.net chrome-extension://boadgeojelhgndaghljhdicfkmllpafd blob:; worker-src 'self' blob: https://www.instagram.com; frame-src 'self' https://instagram.com https://www.instagram.com https://*.instagram.com https://staticxx.facebook.com https://www.facebook.com https://web.facebook.com https://connect.facebook.net https://m.facebook.com; object-src 'none'; upgrade-insecure-requests", 'origin-trial': 'AuqWincgAuXeuu3KypEMnrrFEJHySaesyJS3EaIH40zvafzrU0Irhb7+5QwZpOqMZrPTjgvFl7Z5jJgy1dNAcQMAAAB6eyJvcmlnaW4iOiJodHRwczovL2luc3RhZ3JhbS5jb206NDQzIiwiZmVhdHVyZSI6IkNyb3NzT3JpZ2luT3BlbmVyUG9saWN5UmVwb3J0aW5nIiwiZXhwaXJ5IjoxNjEzNDExNjYyLCJpc1N1YmRvbWFpbiI6dHJ1ZX0=', 'report-to': '{"group": "coop", "max_age": 86400, "endpoints": [{"url": "/security/coop_report/"}]}', 'cross-origin-opener-policy': 'same-origin-allow-popups;report-to="coop"', 'X-Content-Type-Options': 'nosniff', 'X-XSS-Protection': '0', 'x-ig-push-state': 'c2', 'x-aed': '49', 'Access-Control-Expose-Headers': 'X-IG-Set-WWW-Claim', 'x-ig-request-elapsed-time-ms': '1076', 'x-ig-peak-time': '0', 'Set-Cookie': 'csrftoken=aI3tufPr61kjSZHHHJ1gQhvBiXNHpIZr; Domain=.instagram.com; expires=Thu, 20-Apr-2023 04:08:40 GMT; Max-Age=31449600; Path=/; Secure, mid=YmDYxwAEAAGn2taMctHZU_o9Qugs; Domain=.instagram.com; expires=Sat, 20-Apr-2024 04:08:40 GMT; Max-Age=63072000; Path=/; Secure, ig_did=675F243D-3E7B-440E-8C02-B693B5627A07; Domain=.instagram.com; expires=Sat, 20-Apr-2024 04:08:40 GMT; HttpOnly; Max-Age=63072000; Path=/; Secure, ig_nrcb=1; Domain=.instagram.com; expires=Fri, 21-Apr-2023 04:08:40 GMT; Max-Age=31536000; Path=/; Secure', 'x-ig-origin-region': 'rva', 'X-FB-TRIP-ID': '1679558926', 'Alt-Svc': 'h3=":443"; ma=86400,h3-29=":443"; ma=86400', 'Connection': 'keep-alive', 'Content-Length': '38657'}
B0W0A2KgZzh	404	{'Content-Type': 'text/html; charset=utf-8', 'Vary': 'Accept-Language, Cookie', 'Content-Language': 'en', 'Date': 'Thu, 21 Apr 2022 04:09:49 GMT', 'Strict-Transport-Security': 'max-age=31536000', 'Cache-Control': 'private, no-cache, no-store, must-revalidate', 'Pragma': 'no-cache', 'Expires': 'Sat, 01 Jan 2000 00:00:00 GMT', 'X-Frame-Options': 'SAMEORIGIN', 'content-security-policy': "report-uri https://www.instagram.com/security/csp_report/; default-src 'self' https://www.instagram.com; img-src data: blob: https://*.fbcdn.net https://*.instagram.com https://*.cdninstagram.com https://*.facebook.com https://*.fbsbx.com https://*.giphy.com; font-src data: https://*.fbcdn.net https://*.instagram.com https://*.cdninstagram.com; media-src 'self' blob: https://www.instagram.com https://*.cdninstagram.com https://*.fbcdn.net; manifest-src 'self' https://www.instagram.com; script-src 'self' https://instagram.com https://www.instagram.com https://*.www.instagram.com https://*.cdninstagram.com wss://www.instagram.com https://*.facebook.com https://*.fbcdn.net https://*.facebook.net 'unsafe-inline' 'unsafe-eval' blob:; style-src 'self' https://*.www.instagram.com https://www.instagram.com 'unsafe-inline'; connect-src 'self' https://instagram.com https://www.instagram.com https://*.www.instagram.com https://graph.instagram.com https://*.graph.instagram.com https://i.instagram.com/graphql_www https://graphql.instagram.com https://*.cdninstagram.com https://api.instagram.com https://i.instagram.com https://*.i.instagram.com https://*.od.instagram.com wss://www.instagram.com wss://edge-chat.instagram.com https://*.facebook.com https://*.fbcdn.net https://*.facebook.net chrome-extension://boadgeojelhgndaghljhdicfkmllpafd blob:; worker-src 'self' blob: https://www.instagram.com; frame-src 'self' https://instagram.com https://www.instagram.com https://*.instagram.com https://staticxx.facebook.com https://www.facebook.com https://web.facebook.com https://connect.facebook.net https://m.facebook.com; object-src 'none'; upgrade-insecure-requests", 'cross-origin-embedder-policy-report-only': 'require-corp;report-to="coep"', 'report-to': '{"group": "coep", "max_age": 86400, "endpoints": [{"url": "/security/coep_report/"}]},{"group": "coop", "max_age": 86400, "endpoints": [{"url": "/security/coop_report/"}]}', 'origin-trial': 'AuqWincgAuXeuu3KypEMnrrFEJHySaesyJS3EaIH40zvafzrU0Irhb7+5QwZpOqMZrPTjgvFl7Z5jJgy1dNAcQMAAAB6eyJvcmlnaW4iOiJodHRwczovL2luc3RhZ3JhbS5jb206NDQzIiwiZmVhdHVyZSI6IkNyb3NzT3JpZ2luT3BlbmVyUG9saWN5UmVwb3J0aW5nIiwiZXhwaXJ5IjoxNjEzNDExNjYyLCJpc1N1YmRvbWFpbiI6dHJ1ZX0=', 'cross-origin-opener-policy': 'same-origin-allow-popups;report-to="coop"', 'X-Content-Type-Options': 'nosniff', 'X-XSS-Protection': '0', 'x-ig-push-state': 'c2', 'x-aed': '49', 'Access-Control-Expose-Headers': 'X-IG-Set-WWW-Claim', 'x-ig-request-elapsed-time-ms': '195', 'x-ig-peak-time': '0', 'Set-Cookie': 'csrftoken=pb2ipIEfmgGRm9H2oamr8NQtwe12SJCf; Domain=.instagram.com; expires=Thu, 20-Apr-2023 04:09:49 GMT; Max-Age=31449600; Path=/; Secure, mid=YmDZDQAEAAG0RzpDV3Ndd8lc6LAo; Domain=.instagram.com; expires=Sat, 20-Apr-2024 04:09:49 GMT; Max-Age=63072000; Path=/; Secure, ig_did=CE8E0C02-F3D1-4BBA-8B13-916E422668E3; Domain=.instagram.com; expires=Sat, 20-Apr-2024 04:09:49 GMT; HttpOnly; Max-Age=63072000; Path=/; Secure, ig_nrcb=1; Domain=.instagram.com; expires=Fri, 21-Apr-2023 04:09:49 GMT; Max-Age=31536000; Path=/; Secure', 'x-ig-origin-region': 'rva', 'X-FB-TRIP-ID': '1679558926', 'Alt-Svc': 'h3=":443"; ma=86400,h3-29=":443"; ma=86400', 'Connection': 'keep-alive', 'Content-Length': '94200'}
B0ZR9fVlOcg	200	{'Content-Type': 'text/html; charset=utf-8', 'Vary': 'Accept-Language, Cookie, Accept-Encoding', 'Content-Language': 'en', 'Date': 'Thu, 21 Apr 2022 04:10:00 GMT', 'Content-Encoding': 'gzip', 'Strict-Transport-Security': 'max-age=31536000', 'Cache-Control': 'private, no-cache, no-store, must-revalidate', 'Pragma': 'no-cache', 'Expires': 'Sat, 01 Jan 2000 00:00:00 GMT', 'X-Frame-Options': 'SAMEORIGIN', 'content-security-policy': "report-uri https://www.instagram.com/security/csp_report/; default-src 'self' https://www.instagram.com; img-src data: blob: https://*.fbcdn.net https://*.instagram.com https://*.cdninstagram.com https://*.facebook.com https://*.fbsbx.com https://*.giphy.com; font-src data: https://*.fbcdn.net https://*.instagram.com https://*.cdninstagram.com; media-src 'self' blob: https://www.instagram.com https://*.cdninstagram.com https://*.fbcdn.net; manifest-src 'self' https://www.instagram.com; script-src 'self' https://instagram.com https://www.instagram.com https://*.www.instagram.com https://*.cdninstagram.com wss://www.instagram.com https://*.facebook.com https://*.fbcdn.net https://*.facebook.net 'unsafe-inline' 'unsafe-eval' blob:; style-src 'self' https://*.www.instagram.com https://www.instagram.com 'unsafe-inline'; connect-src 'self' https://instagram.com https://www.instagram.com https://*.www.instagram.com https://graph.instagram.com https://*.graph.instagram.com https://i.instagram.com/graphql_www https://graphql.instagram.com https://*.cdninstagram.com https://api.instagram.com https://i.instagram.com https://*.i.instagram.com https://*.od.instagram.com wss://www.instagram.com wss://edge-chat.instagram.com https://*.facebook.com https://*.fbcdn.net https://*.facebook.net chrome-extension://boadgeojelhgndaghljhdicfkmllpafd blob:; worker-src 'self' blob: https://www.instagram.com; frame-src 'self' https://instagram.com https://www.instagram.com https://*.instagram.com https://staticxx.facebook.com https://www.facebook.com https://web.facebook.com https://connect.facebook.net https://m.facebook.com; object-src 'none'; upgrade-insecure-requests", 'origin-trial': 'AuqWincgAuXeuu3KypEMnrrFEJHySaesyJS3EaIH40zvafzrU0Irhb7+5QwZpOqMZrPTjgvFl7Z5jJgy1dNAcQMAAAB6eyJvcmlnaW4iOiJodHRwczovL2luc3RhZ3JhbS5jb206NDQzIiwiZmVhdHVyZSI6IkNyb3NzT3JpZ2luT3BlbmVyUG9saWN5UmVwb3J0aW5nIiwiZXhwaXJ5IjoxNjEzNDExNjYyLCJpc1N1YmRvbWFpbiI6dHJ1ZX0=', 'report-to': '{"group": "coop", "max_age": 86400, "endpoints": [{"url": "/security/coop_report/"}]}', 'cross-origin-opener-policy': 'same-origin-allow-popups;report-to="coop"', 'X-Content-Type-Options': 'nosniff', 'X-XSS-Protection': '0', 'x-ig-push-state': 'c2', 'x-aed': '49', 'Access-Control-Expose-Headers': 'X-IG-Set-WWW-Claim', 'x-ig-request-elapsed-time-ms': '979', 'x-ig-peak-time': '0', 'Set-Cookie': 'csrftoken=xoInMmZ7CDpfm4vqRVxVUEku9Nv28IbS; Domain=.instagram.com; expires=Thu, 20-Apr-2023 04:10:00 GMT; Max-Age=31449600; Path=/; Secure, mid=YmDZFwAEAAFh28Pux3TyK7BgTTUb; Domain=.instagram.com; expires=Sat, 20-Apr-2024 04:10:00 GMT; Max-Age=63072000; Path=/; Secure, ig_did=5DBFC683-EA63-46E7-8955-5D556E8D760C; Domain=.instagram.com; expires=Sat, 20-Apr-2024 04:10:00 GMT; HttpOnly; Max-Age=63072000; Path=/; Secure, ig_nrcb=1; Domain=.instagram.com; expires=Fri, 21-Apr-2023 04:10:00 GMT; Max-Age=31536000; Path=/; Secure', 'x-ig-origin-region': 'rva', 'X-FB-TRIP-ID': '1679558926', 'Alt-Svc': 'h3=":443"; ma=86400,h3-29=":443"; ma=86400', 'Connection': 'keep-alive', 'Content-Length': '37517'}
B1GWm7OAHxG	200	{'Content-Type': 'text/html; charset=utf-8', 'Vary': 'Accept-Language, Cookie, Accept-Encoding', 'Content-Language': 'en', 'Date': 'Thu, 21 Apr 2022 04:10:11 GMT', 'Content-Encoding': 'gzip', 'Strict-Transport-Security': 'max-age=31536000', 'Cache-Control': 'private, no-cache, no-store, must-revalidate', 'Pragma': 'no-cache', 'Expires': 'Sat, 01 Jan 2000 00:00:00 GMT', 'X-Frame-Options': 'SAMEORIGIN', 'content-security-policy': "report-uri https://www.instagram.com/security/csp_report/; default-src 'self' https://www.instagram.com; img-src data: blob: https://*.fbcdn.net https://*.instagram.com https://*.cdninstagram.com https://*.facebook.com https://*.fbsbx.com https://*.giphy.com; font-src data: https://*.fbcdn.net https://*.instagram.com https://*.cdninstagram.com; media-src 'self' blob: https://www.instagram.com https://*.cdninstagram.com https://*.fbcdn.net; manifest-src 'self' https://www.instagram.com; script-src 'self' https://instagram.com https://www.instagram.com https://*.www.instagram.com https://*.cdninstagram.com wss://www.instagram.com https://*.facebook.com https://*.fbcdn.net https://*.facebook.net 'unsafe-inline' 'unsafe-eval' blob:; style-src 'self' https://*.www.instagram.com https://www.instagram.com 'unsafe-inline'; connect-src 'self' https://instagram.com https://www.instagram.com https://*.www.instagram.com https://graph.instagram.com https://*.graph.instagram.com https://i.instagram.com/graphql_www https://graphql.instagram.com https://*.cdninstagram.com https://api.instagram.com https://i.instagram.com https://*.i.instagram.com https://*.od.instagram.com wss://www.instagram.com wss://edge-chat.instagram.com https://*.facebook.com https://*.fbcdn.net https://*.facebook.net chrome-extension://boadgeojelhgndaghljhdicfkmllpafd blob:; worker-src 'self' blob: https://www.instagram.com; frame-src 'self' https://instagram.com https://www.instagram.com https://*.instagram.com https://staticxx.facebook.com https://www.facebook.com https://web.facebook.com https://connect.facebook.net https://m.facebook.com; object-src 'none'; upgrade-insecure-requests", 'origin-trial': 'AuqWincgAuXeuu3KypEMnrrFEJHySaesyJS3EaIH40zvafzrU0Irhb7+5QwZpOqMZrPTjgvFl7Z5jJgy1dNAcQMAAAB6eyJvcmlnaW4iOiJodHRwczovL2luc3RhZ3JhbS5jb206NDQzIiwiZmVhdHVyZSI6IkNyb3NzT3JpZ2luT3BlbmVyUG9saWN5UmVwb3J0aW5nIiwiZXhwaXJ5IjoxNjEzNDExNjYyLCJpc1N1YmRvbWFpbiI6dHJ1ZX0=', 'report-to': '{"group": "coop", "max_age": 86400, "endpoints": [{"url": "/security/coop_report/"}]}', 'cross-origin-opener-policy': 'same-origin-allow-popups;report-to="coop"', 'X-Content-Type-Options': 'nosniff', 'X-XSS-Protection': '0', 'x-ig-push-state': 'c2', 'x-aed': '49', 'Access-Control-Expose-Headers': 'X-IG-Set-WWW-Claim', 'x-ig-request-elapsed-time-ms': '234', 'x-ig-peak-time': '0', 'Set-Cookie': 'csrftoken=5yGAFBUcgr8mBCDNpTeq4b7l5LDkRCHQ; Domain=.instagram.com; expires=Thu, 20-Apr-2023 04:10:11 GMT; Max-Age=31449600; Path=/; Secure, mid=YmDZIwAEAAEIjzefav96I0i9s7qq; Domain=.instagram.com; expires=Sat, 20-Apr-2024 04:10:11 GMT; Max-Age=63072000; Path=/; Secure, ig_did=CD37F5C6-3244-427F-810E-D14BE70DF872; Domain=.instagram.com; expires=Sat, 20-Apr-2024 04:10:11 GMT; HttpOnly; Max-Age=63072000; Path=/; Secure, ig_nrcb=1; Domain=.instagram.com; expires=Fri, 21-Apr-2023 04:10:11 GMT; Max-Age=31536000; Path=/; Secure', 'x-ig-origin-region': 'rva', 'X-FB-TRIP-ID': '1679558926', 'Alt-Svc': 'h3=":443"; ma=86400,h3-29=":443"; ma=86400', 'Connection': 'keep-alive', 'Content-Length': '31764'}
B1hNJkMDH6a	200	{'Content-Type': 'text/html; charset=utf-8', 'Vary': 'Accept-Language, Cookie, Accept-Encoding', 'Content-Language': 'en', 'Date': 'Thu, 21 Apr 2022 04:10:23 GMT', 'Content-Encoding': 'gzip', 'Strict-Transport-Security': 'max-age=31536000', 'Cache-Control': 'private, no-cache, no-store, must-revalidate', 'Pragma': 'no-cache', 'Expires': 'Sat, 01 Jan 2000 00:00:00 GMT', 'X-Frame-Options': 'SAMEORIGIN', 'content-security-policy': "report-uri https://www.instagram.com/security/csp_report/; default-src 'self' https://www.instagram.com; img-src data: blob: https://*.fbcdn.net https://*.instagram.com https://*.cdninstagram.com https://*.facebook.com https://*.fbsbx.com https://*.giphy.com; font-src data: https://*.fbcdn.net https://*.instagram.com https://*.cdninstagram.com; media-src 'self' blob: https://www.instagram.com https://*.cdninstagram.com https://*.fbcdn.net; manifest-src 'self' https://www.instagram.com; script-src 'self' https://instagram.com https://www.instagram.com https://*.www.instagram.com https://*.cdninstagram.com wss://www.instagram.com https://*.facebook.com https://*.fbcdn.net https://*.facebook.net 'unsafe-inline' 'unsafe-eval' blob:; style-src 'self' https://*.www.instagram.com https://www.instagram.com 'unsafe-inline'; connect-src 'self' https://instagram.com https://www.instagram.com https://*.www.instagram.com https://graph.instagram.com https://*.graph.instagram.com https://i.instagram.com/graphql_www https://graphql.instagram.com https://*.cdninstagram.com https://api.instagram.com https://i.instagram.com https://*.i.instagram.com https://*.od.instagram.com wss://www.instagram.com wss://edge-chat.instagram.com https://*.facebook.com https://*.fbcdn.net https://*.facebook.net chrome-extension://boadgeojelhgndaghljhdicfkmllpafd blob:; worker-src 'self' blob: https://www.instagram.com; frame-src 'self' https://instagram.com https://www.instagram.com https://*.instagram.com https://staticxx.facebook.com https://www.facebook.com https://web.facebook.com https://connect.facebook.net https://m.facebook.com; object-src 'none'; upgrade-insecure-requests", 'origin-trial': 'AuqWincgAuXeuu3KypEMnrrFEJHySaesyJS3EaIH40zvafzrU0Irhb7+5QwZpOqMZrPTjgvFl7Z5jJgy1dNAcQMAAAB6eyJvcmlnaW4iOiJodHRwczovL2luc3RhZ3JhbS5jb206NDQzIiwiZmVhdHVyZSI6IkNyb3NzT3JpZ2luT3BlbmVyUG9saWN5UmVwb3J0aW5nIiwiZXhwaXJ5IjoxNjEzNDExNjYyLCJpc1N1YmRvbWFpbiI6dHJ1ZX0=', 'report-to': '{"group": "coop", "max_age": 86400, "endpoints": [{"url": "/security/coop_report/"}]}', 'cross-origin-opener-policy': 'same-origin-allow-popups;report-to="coop"', 'X-Content-Type-Options': 'nosniff', 'X-XSS-Protection': '0', 'x-ig-push-state': 'c2', 'x-aed': '49', 'Access-Control-Expose-Headers': 'X-IG-Set-WWW-Claim', 'x-ig-request-elapsed-time-ms': '959', 'x-ig-peak-time': '0', 'Set-Cookie': 'csrftoken=TlMITLBxF8Xyo9kXU52NO1iDOg00i9gC; Domain=.instagram.com; expires=Thu, 20-Apr-2023 04:10:23 GMT; Max-Age=31449600; Path=/; Secure, mid=YmDZLgAEAAFEQLHlCOBfKsEDZpB4; Domain=.instagram.com; expires=Sat, 20-Apr-2024 04:10:23 GMT; Max-Age=63072000; Path=/; Secure, ig_did=03844AF6-6AA4-4924-AEE9-2311B242B4D5; Domain=.instagram.com; expires=Sat, 20-Apr-2024 04:10:23 GMT; HttpOnly; Max-Age=63072000; Path=/; Secure, ig_nrcb=1; Domain=.instagram.com; expires=Fri, 21-Apr-2023 04:10:23 GMT; Max-Age=31536000; Path=/; Secure', 'x-ig-origin-region': 'rva', 'X-FB-TRIP-ID': '1679558926', 'Alt-Svc': 'h3=":443"; ma=86400,h3-29=":443"; ma=86400', 'Connection': 'keep-alive', 'Content-Length': '33096'}
B1I00dDFhr1	404	{'Content-Type': 'text/html; charset=utf-8', 'Vary': 'Accept-Language, Cookie', 'Content-Language': 'en', 'Date': 'Thu, 21 Apr 2022 04:11:12 GMT', 'Strict-Transport-Security': 'max-age=31536000', 'Cache-Control': 'private, no-cache, no-store, must-revalidate', 'Pragma': 'no-cache', 'Expires': 'Sat, 01 Jan 2000 00:00:00 GMT', 'X-Frame-Options': 'SAMEORIGIN', 'content-security-policy': "report-uri https://www.instagram.com/security/csp_report/; default-src 'self' https://www.instagram.com; img-src data: blob: https://*.fbcdn.net https://*.instagram.com https://*.cdninstagram.com https://*.facebook.com https://*.fbsbx.com https://*.giphy.com; font-src data: https://*.fbcdn.net https://*.instagram.com https://*.cdninstagram.com; media-src 'self' blob: https://www.instagram.com https://*.cdninstagram.com https://*.fbcdn.net; manifest-src 'self' https://www.instagram.com; script-src 'self' https://instagram.com https://www.instagram.com https://*.www.instagram.com https://*.cdninstagram.com wss://www.instagram.com https://*.facebook.com https://*.fbcdn.net https://*.facebook.net 'unsafe-inline' 'unsafe-eval' blob:; style-src 'self' https://*.www.instagram.com https://www.instagram.com 'unsafe-inline'; connect-src 'self' https://instagram.com https://www.instagram.com https://*.www.instagram.com https://graph.instagram.com https://*.graph.instagram.com https://i.instagram.com/graphql_www https://graphql.instagram.com https://*.cdninstagram.com https://api.instagram.com https://i.instagram.com https://*.i.instagram.com https://*.od.instagram.com wss://www.instagram.com wss://edge-chat.instagram.com https://*.facebook.com https://*.fbcdn.net https://*.facebook.net chrome-extension://boadgeojelhgndaghljhdicfkmllpafd blob:; worker-src 'self' blob: https://www.instagram.com; frame-src 'self' https://instagram.com https://www.instagram.com https://*.instagram.com https://staticxx.facebook.com https://www.facebook.com https://web.facebook.com https://connect.facebook.net https://m.facebook.com; object-src 'none'; upgrade-insecure-requests", 'cross-origin-embedder-policy-report-only': 'require-corp;report-to="coep"', 'report-to': '{"group": "coep", "max_age": 86400, "endpoints": [{"url": "/security/coep_report/"}]},{"group": "coop", "max_age": 86400, "endpoints": [{"url": "/security/coop_report/"}]}', 'origin-trial': 'AuqWincgAuXeuu3KypEMnrrFEJHySaesyJS3EaIH40zvafzrU0Irhb7+5QwZpOqMZrPTjgvFl7Z5jJgy1dNAcQMAAAB6eyJvcmlnaW4iOiJodHRwczovL2luc3RhZ3JhbS5jb206NDQzIiwiZmVhdHVyZSI6IkNyb3NzT3JpZ2luT3BlbmVyUG9saWN5UmVwb3J0aW5nIiwiZXhwaXJ5IjoxNjEzNDExNjYyLCJpc1N1YmRvbWFpbiI6dHJ1ZX0=', 'cross-origin-opener-policy': 'same-origin-allow-popups;report-to="coop"', 'X-Content-Type-Options': 'nosniff', 'X-XSS-Protection': '0', 'x-ig-push-state': 'c2', 'x-aed': '49', 'Access-Control-Expose-Headers': 'X-IG-Set-WWW-Claim', 'x-ig-request-elapsed-time-ms': '242', 'x-ig-peak-time': '0', 'Set-Cookie': 'csrftoken=cZG6Iv2bgogDHMsjLmYeWmtVShbSkEpx; Domain=.instagram.com; expires=Thu, 20-Apr-2023 04:11:12 GMT; Max-Age=31449600; Path=/; Secure, mid=YmDZXwAEAAFBckvnj7oX_tQrZgg9; Domain=.instagram.com; expires=Sat, 20-Apr-2024 04:11:12 GMT; Max-Age=63072000; Path=/; Secure, ig_did=B860DFC7-CC8C-459C-BEE8-315EF6099351; Domain=.instagram.com; expires=Sat, 20-Apr-2024 04:11:12 GMT; HttpOnly; Max-Age=63072000; Path=/; Secure, ig_nrcb=1; Domain=.instagram.com; expires=Fri, 21-Apr-2023 04:11:12 GMT; Max-Age=31536000; Path=/; Secure', 'x-ig-origin-region': 'ncg', 'X-FB-TRIP-ID': '1679558926', 'Alt-Svc': 'h3=":443"; ma=86400,h3-29=":443"; ma=86400', 'Connection': 'keep-alive', 'Content-Length': '94081'}
B208sxWFkbW	200	{'Content-Type': 'text/html; charset=utf-8', 'Vary': 'Accept-Language, Cookie, Accept-Encoding', 'Content-Language': 'en', 'Date': 'Thu, 21 Apr 2022 04:11:23 GMT', 'Content-Encoding': 'gzip', 'Strict-Transport-Security': 'max-age=31536000', 'Cache-Control': 'private, no-cache, no-store, must-revalidate', 'Pragma': 'no-cache', 'Expires': 'Sat, 01 Jan 2000 00:00:00 GMT', 'X-Frame-Options': 'SAMEORIGIN', 'content-security-policy': "report-uri https://www.instagram.com/security/csp_report/; default-src 'self' https://www.instagram.com; img-src data: blob: https://*.fbcdn.net https://*.instagram.com https://*.cdninstagram.com https://*.facebook.com https://*.fbsbx.com https://*.giphy.com; font-src data: https://*.fbcdn.net https://*.instagram.com https://*.cdninstagram.com; media-src 'self' blob: https://www.instagram.com https://*.cdninstagram.com https://*.fbcdn.net; manifest-src 'self' https://www.instagram.com; script-src 'self' https://instagram.com https://www.instagram.com https://*.www.instagram.com https://*.cdninstagram.com wss://www.instagram.com https://*.facebook.com https://*.fbcdn.net https://*.facebook.net 'unsafe-inline' 'unsafe-eval' blob:; style-src 'self' https://*.www.instagram.com https://www.instagram.com 'unsafe-inline'; connect-src 'self' https://instagram.com https://www.instagram.com https://*.www.instagram.com https://graph.instagram.com https://*.graph.instagram.com https://i.instagram.com/graphql_www https://graphql.instagram.com https://*.cdninstagram.com https://api.instagram.com https://i.instagram.com https://*.i.instagram.com https://*.od.instagram.com wss://www.instagram.com wss://edge-chat.instagram.com https://*.facebook.com https://*.fbcdn.net https://*.facebook.net chrome-extension://boadgeojelhgndaghljhdicfkmllpafd blob:; worker-src 'self' blob: https://www.instagram.com; frame-src 'self' https://instagram.com https://www.instagram.com https://*.instagram.com https://staticxx.facebook.com https://www.facebook.com https://web.facebook.com https://connect.facebook.net https://m.facebook.com; object-src 'none'; upgrade-insecure-requests", 'origin-trial': 'AuqWincgAuXeuu3KypEMnrrFEJHySaesyJS3EaIH40zvafzrU0Irhb7+5QwZpOqMZrPTjgvFl7Z5jJgy1dNAcQMAAAB6eyJvcmlnaW4iOiJodHRwczovL2luc3RhZ3JhbS5jb206NDQzIiwiZmVhdHVyZSI6IkNyb3NzT3JpZ2luT3BlbmVyUG9saWN5UmVwb3J0aW5nIiwiZXhwaXJ5IjoxNjEzNDExNjYyLCJpc1N1YmRvbWFpbiI6dHJ1ZX0=', 'report-to': '{"group": "coop", "max_age": 86400, "endpoints": [{"url": "/security/coop_report/"}]}', 'cross-origin-opener-policy': 'same-origin-allow-popups;report-to="coop"', 'X-Content-Type-Options': 'nosniff', 'X-XSS-Protection': '0', 'x-ig-push-state': 'c2', 'x-aed': '49', 'Access-Control-Expose-Headers': 'X-IG-Set-WWW-Claim', 'x-ig-request-elapsed-time-ms': '504', 'x-ig-peak-time': '0', 'Set-Cookie': 'csrftoken=c2gnjEeIi9W0mJWChAEH2cDWBNUa0fX8; Domain=.instagram.com; expires=Thu, 20-Apr-2023 04:11:23 GMT; Max-Age=31449600; Path=/; Secure, mid=YmDZawAEAAGC3nyvQghbpMzvKA_-; Domain=.instagram.com; expires=Sat, 20-Apr-2024 04:11:23 GMT; Max-Age=63072000; Path=/; Secure, ig_did=15F6B36B-A274-41EF-AAD7-4FD4B34B1317; Domain=.instagram.com; expires=Sat, 20-Apr-2024 04:11:23 GMT; HttpOnly; Max-Age=63072000; Path=/; Secure, ig_nrcb=1; Domain=.instagram.com; expires=Fri, 21-Apr-2023 04:11:23 GMT; Max-Age=31536000; Path=/; Secure', 'x-ig-origin-region': 'ncg', 'X-FB-TRIP-ID': '1679558926', 'Alt-Svc': 'h3=":443"; ma=86400,h3-29=":443"; ma=86400', 'Connection': 'keep-alive', 'Content-Length': '36593'}
B20NW2yJiMZ	404	{'Content-Type': 'text/html; charset=utf-8', 'Vary': 'Accept-Language, Cookie', 'Content-Language': 'en', 'Date': 'Thu, 21 Apr 2022 04:11:34 GMT', 'Strict-Transport-Security': 'max-age=31536000', 'Cache-Control': 'private, no-cache, no-store, must-revalidate', 'Pragma': 'no-cache', 'Expires': 'Sat, 01 Jan 2000 00:00:00 GMT', 'X-Frame-Options': 'SAMEORIGIN', 'content-security-policy': "report-uri https://www.instagram.com/security/csp_report/; default-src 'self' https://www.instagram.com; img-src data: blob: https://*.fbcdn.net https://*.instagram.com https://*.cdninstagram.com https://*.facebook.com https://*.fbsbx.com https://*.giphy.com; font-src data: https://*.fbcdn.net https://*.instagram.com https://*.cdninstagram.com; media-src 'self' blob: https://www.instagram.com https://*.cdninstagram.com https://*.fbcdn.net; manifest-src 'self' https://www.instagram.com; script-src 'self' https://instagram.com https://www.instagram.com https://*.www.instagram.com https://*.cdninstagram.com wss://www.instagram.com https://*.facebook.com https://*.fbcdn.net https://*.facebook.net 'unsafe-inline' 'unsafe-eval' blob:; style-src 'self' https://*.www.instagram.com https://www.instagram.com 'unsafe-inline'; connect-src 'self' https://instagram.com https://www.instagram.com https://*.www.instagram.com https://graph.instagram.com https://*.graph.instagram.com https://i.instagram.com/graphql_www https://graphql.instagram.com https://*.cdninstagram.com https://api.instagram.com https://i.instagram.com https://*.i.instagram.com https://*.od.instagram.com wss://www.instagram.com wss://edge-chat.instagram.com https://*.facebook.com https://*.fbcdn.net https://*.facebook.net chrome-extension://boadgeojelhgndaghljhdicfkmllpafd blob:; worker-src 'self' blob: https://www.instagram.com; frame-src 'self' https://instagram.com https://www.instagram.com https://*.instagram.com https://staticxx.facebook.com https://www.facebook.com https://web.facebook.com https://connect.facebook.net https://m.facebook.com; object-src 'none'; upgrade-insecure-requests", 'cross-origin-embedder-policy-report-only': 'require-corp;report-to="coep"', 'report-to': '{"group": "coep", "max_age": 86400, "endpoints": [{"url": "/security/coep_report/"}]},{"group": "coop", "max_age": 86400, "endpoints": [{"url": "/security/coop_report/"}]}', 'origin-trial': 'AuqWincgAuXeuu3KypEMnrrFEJHySaesyJS3EaIH40zvafzrU0Irhb7+5QwZpOqMZrPTjgvFl7Z5jJgy1dNAcQMAAAB6eyJvcmlnaW4iOiJodHRwczovL2luc3RhZ3JhbS5jb206NDQzIiwiZmVhdHVyZSI6IkNyb3NzT3JpZ2luT3BlbmVyUG9saWN5UmVwb3J0aW5nIiwiZXhwaXJ5IjoxNjEzNDExNjYyLCJpc1N1YmRvbWFpbiI6dHJ1ZX0=', 'cross-origin-opener-policy': 'same-origin-allow-popups;report-to="coop"', 'X-Content-Type-Options': 'nosniff', 'X-XSS-Protection': '0', 'x-ig-push-state': 'c2', 'x-aed': '49', 'Access-Control-Expose-Headers': 'X-IG-Set-WWW-Claim', 'x-ig-request-elapsed-time-ms': '162', 'x-ig-peak-time': '0', 'Set-Cookie': 'csrftoken=S5McrElsReT5z4vBiqugT5lsK87OUVQb; Domain=.instagram.com; expires=Thu, 20-Apr-2023 04:11:34 GMT; Max-Age=31449600; Path=/; Secure, mid=YmDZdgAEAAFCd8rUScI2w1LeRw9I; Domain=.instagram.com; expires=Sat, 20-Apr-2024 04:11:34 GMT; Max-Age=63072000; Path=/; Secure, ig_did=1FAD82FB-5C5A-4BB7-8C67-E9941DD151A1; Domain=.instagram.com; expires=Sat, 20-Apr-2024 04:11:34 GMT; HttpOnly; Max-Age=63072000; Path=/; Secure, ig_nrcb=1; Domain=.instagram.com; expires=Fri, 21-Apr-2023 04:11:34 GMT; Max-Age=31536000; Path=/; Secure', 'x-ig-origin-region': 'ncg', 'X-FB-TRIP-ID': '1679558926', 'Alt-Svc': 'h3=":443"; ma=86400,h3-29=":443"; ma=86400', 'Connection': 'keep-alive', 'Content-Length': '94156'}
B27lFRAA5mH	200	{'Content-Type': 'text/html; charset=utf-8', 'Vary': 'Accept-Language, Cookie, Accept-Encoding', 'Content-Language': 'en', 'Date': 'Thu, 21 Apr 2022 04:12:09 GMT', 'Content-Encoding': 'gzip', 'Strict-Transport-Security': 'max-age=31536000', 'Cache-Control': 'private, no-cache, no-store, must-revalidate', 'Pragma': 'no-cache', 'Expires': 'Sat, 01 Jan 2000 00:00:00 GMT', 'X-Frame-Options': 'SAMEORIGIN', 'content-security-policy': "report-uri https://www.instagram.com/security/csp_report/; default-src 'self' https://www.instagram.com; img-src data: blob: https://*.fbcdn.net https://*.instagram.com https://*.cdninstagram.com https://*.facebook.com https://*.fbsbx.com https://*.giphy.com; font-src data: https://*.fbcdn.net https://*.instagram.com https://*.cdninstagram.com; media-src 'self' blob: https://www.instagram.com https://*.cdninstagram.com https://*.fbcdn.net; manifest-src 'self' https://www.instagram.com; script-src 'self' https://instagram.com https://www.instagram.com https://*.www.instagram.com https://*.cdninstagram.com wss://www.instagram.com https://*.facebook.com https://*.fbcdn.net https://*.facebook.net 'unsafe-inline' 'unsafe-eval' blob:; style-src 'self' https://*.www.instagram.com https://www.instagram.com 'unsafe-inline'; connect-src 'self' https://instagram.com https://www.instagram.com https://*.www.instagram.com https://graph.instagram.com https://*.graph.instagram.com https://i.instagram.com/graphql_www https://graphql.instagram.com https://*.cdninstagram.com https://api.instagram.com https://i.instagram.com https://*.i.instagram.com https://*.od.instagram.com wss://www.instagram.com wss://edge-chat.instagram.com https://*.facebook.com https://*.fbcdn.net https://*.facebook.net chrome-extension://boadgeojelhgndaghljhdicfkmllpafd blob:; worker-src 'self' blob: https://www.instagram.com; frame-src 'self' https://instagram.com https://www.instagram.com https://*.instagram.com https://staticxx.facebook.com https://www.facebook.com https://web.facebook.com https://connect.facebook.net https://m.facebook.com; object-src 'none'; upgrade-insecure-requests", 'origin-trial': 'AuqWincgAuXeuu3KypEMnrrFEJHySaesyJS3EaIH40zvafzrU0Irhb7+5QwZpOqMZrPTjgvFl7Z5jJgy1dNAcQMAAAB6eyJvcmlnaW4iOiJodHRwczovL2luc3RhZ3JhbS5jb206NDQzIiwiZmVhdHVyZSI6IkNyb3NzT3JpZ2luT3BlbmVyUG9saWN5UmVwb3J0aW5nIiwiZXhwaXJ5IjoxNjEzNDExNjYyLCJpc1N1YmRvbWFpbiI6dHJ1ZX0=', 'report-to': '{"group": "coop", "max_age": 86400, "endpoints": [{"url": "/security/coop_report/"}]}', 'cross-origin-opener-policy': 'same-origin-allow-popups;report-to="coop"', 'X-Content-Type-Options': 'nosniff', 'X-XSS-Protection': '0', 'x-ig-push-state': 'c2', 'x-aed': '49', 'Access-Control-Expose-Headers': 'X-IG-Set-WWW-Claim', 'x-ig-request-elapsed-time-ms': '2380', 'x-ig-peak-time': '0', 'Set-Cookie': 'csrftoken=M3jUcrff3mpi5kKYQATAiZbl2yhwy1Fd; Domain=.instagram.com; expires=Thu, 20-Apr-2023 04:12:09 GMT; Max-Age=31449600; Path=/; Secure, mid=YmDZlwAEAAGyIyz6oqyKXxQAbQZN; Domain=.instagram.com; expires=Sat, 20-Apr-2024 04:12:09 GMT; Max-Age=63072000; Path=/; Secure, ig_did=63244468-D1B4-4495-8C78-167918C4031C; Domain=.instagram.com; expires=Sat, 20-Apr-2024 04:12:09 GMT; HttpOnly; Max-Age=63072000; Path=/; Secure, ig_nrcb=1; Domain=.instagram.com; expires=Fri, 21-Apr-2023 04:12:09 GMT; Max-Age=31536000; Path=/; Secure', 'x-ig-origin-region': 'ncg', 'X-FB-TRIP-ID': '1679558926', 'Alt-Svc': 'h3=":443"; ma=86400,h3-29=":443"; ma=86400', 'Connection': 'keep-alive', 'Content-Length': '36499'}
B27uDginqaN	200	{'Content-Type': 'text/html; charset=utf-8', 'Vary': 'Accept-Language, Cookie, Accept-Encoding', 'Content-Language': 'en', 'Date': 'Thu, 21 Apr 2022 04:12:20 GMT', 'Content-Encoding': 'gzip', 'Strict-Transport-Security': 'max-age=31536000', 'Cache-Control': 'private, no-cache, no-store, must-revalidate', 'Pragma': 'no-cache', 'Expires': 'Sat, 01 Jan 2000 00:00:00 GMT', 'X-Frame-Options': 'SAMEORIGIN', 'content-security-policy': "report-uri https://www.instagram.com/security/csp_report/; default-src 'self' https://www.instagram.com; img-src data: blob: https://*.fbcdn.net https://*.instagram.com https://*.cdninstagram.com https://*.facebook.com https://*.fbsbx.com https://*.giphy.com; font-src data: https://*.fbcdn.net https://*.instagram.com https://*.cdninstagram.com; media-src 'self' blob: https://www.instagram.com https://*.cdninstagram.com https://*.fbcdn.net; manifest-src 'self' https://www.instagram.com; script-src 'self' https://instagram.com https://www.instagram.com https://*.www.instagram.com https://*.cdninstagram.com wss://www.instagram.com https://*.facebook.com https://*.fbcdn.net https://*.facebook.net 'unsafe-inline' 'unsafe-eval' blob:; style-src 'self' https://*.www.instagram.com https://www.instagram.com 'unsafe-inline'; connect-src 'self' https://instagram.com https://www.instagram.com https://*.www.instagram.com https://graph.instagram.com https://*.graph.instagram.com https://i.instagram.com/graphql_www https://graphql.instagram.com https://*.cdninstagram.com https://api.instagram.com https://i.instagram.com https://*.i.instagram.com https://*.od.instagram.com wss://www.instagram.com wss://edge-chat.instagram.com https://*.facebook.com https://*.fbcdn.net https://*.facebook.net chrome-extension://boadgeojelhgndaghljhdicfkmllpafd blob:; worker-src 'self' blob: https://www.instagram.com; frame-src 'self' https://instagram.com https://www.instagram.com https://*.instagram.com https://staticxx.facebook.com https://www.facebook.com https://web.facebook.com https://connect.facebook.net https://m.facebook.com; object-src 'none'; upgrade-insecure-requests", 'origin-trial': 'AuqWincgAuXeuu3KypEMnrrFEJHySaesyJS3EaIH40zvafzrU0Irhb7+5QwZpOqMZrPTjgvFl7Z5jJgy1dNAcQMAAAB6eyJvcmlnaW4iOiJodHRwczovL2luc3RhZ3JhbS5jb206NDQzIiwiZmVhdHVyZSI6IkNyb3NzT3JpZ2luT3BlbmVyUG9saWN5UmVwb3J0aW5nIiwiZXhwaXJ5IjoxNjEzNDExNjYyLCJpc1N1YmRvbWFpbiI6dHJ1ZX0=', 'report-to': '{"group": "coop", "max_age": 86400, "endpoints": [{"url": "/security/coop_report/"}]}', 'cross-origin-opener-policy': 'same-origin-allow-popups;report-to="coop"', 'X-Content-Type-Options': 'nosniff', 'X-XSS-Protection': '0', 'x-ig-push-state': 'c2', 'x-aed': '49', 'Access-Control-Expose-Headers': 'X-IG-Set-WWW-Claim', 'x-ig-request-elapsed-time-ms': '699', 'x-ig-peak-time': '0', 'Set-Cookie': 'csrftoken=oWmYXOSuQDxE6iGFfqrTIK9LjqcVl9zA; Domain=.instagram.com; expires=Thu, 20-Apr-2023 04:12:20 GMT; Max-Age=31449600; Path=/; Secure, mid=YmDZpAAEAAFPe6THLtkfdAXponvM; Domain=.instagram.com; expires=Sat, 20-Apr-2024 04:12:20 GMT; Max-Age=63072000; Path=/; Secure, ig_did=83924EE7-7AA4-40DB-BCD8-078C2457E2C2; Domain=.instagram.com; expires=Sat, 20-Apr-2024 04:12:20 GMT; HttpOnly; Max-Age=63072000; Path=/; Secure, ig_nrcb=1; Domain=.instagram.com; expires=Fri, 21-Apr-2023 04:12:20 GMT; Max-Age=31536000; Path=/; Secure', 'x-ig-origin-region': 'ncg', 'X-FB-TRIP-ID': '1679558926', 'Alt-Svc': 'h3=":443"; ma=86400,h3-29=":443"; ma=86400', 'Connection': 'keep-alive', 'Content-Length': '38589'}
B2BHkangs67	404	{'Content-Type': 'text/html; charset=utf-8', 'Vary': 'Accept-Language, Cookie', 'Content-Language': 'en', 'Date': 'Thu, 21 Apr 2022 04:12:32 GMT', 'Strict-Transport-Security': 'max-age=31536000', 'Cache-Control': 'private, no-cache, no-store, must-revalidate', 'Pragma': 'no-cache', 'Expires': 'Sat, 01 Jan 2000 00:00:00 GMT', 'X-Frame-Options': 'SAMEORIGIN', 'content-security-policy': "report-uri https://www.instagram.com/security/csp_report/; default-src 'self' https://www.instagram.com; img-src data: blob: https://*.fbcdn.net https://*.instagram.com https://*.cdninstagram.com https://*.facebook.com https://*.fbsbx.com https://*.giphy.com; font-src data: https://*.fbcdn.net https://*.instagram.com https://*.cdninstagram.com; media-src 'self' blob: https://www.instagram.com https://*.cdninstagram.com https://*.fbcdn.net; manifest-src 'self' https://www.instagram.com; script-src 'self' https://instagram.com https://www.instagram.com https://*.www.instagram.com https://*.cdninstagram.com wss://www.instagram.com https://*.facebook.com https://*.fbcdn.net https://*.facebook.net 'unsafe-inline' 'unsafe-eval' blob:; style-src 'self' https://*.www.instagram.com https://www.instagram.com 'unsafe-inline'; connect-src 'self' https://instagram.com https://www.instagram.com https://*.www.instagram.com https://graph.instagram.com https://*.graph.instagram.com https://i.instagram.com/graphql_www https://graphql.instagram.com https://*.cdninstagram.com https://api.instagram.com https://i.instagram.com https://*.i.instagram.com https://*.od.instagram.com wss://www.instagram.com wss://edge-chat.instagram.com https://*.facebook.com https://*.fbcdn.net https://*.facebook.net chrome-extension://boadgeojelhgndaghljhdicfkmllpafd blob:; worker-src 'self' blob: https://www.instagram.com; frame-src 'self' https://instagram.com https://www.instagram.com https://*.instagram.com https://staticxx.facebook.com https://www.facebook.com https://web.facebook.com https://connect.facebook.net https://m.facebook.com; object-src 'none'; upgrade-insecure-requests", 'cross-origin-embedder-policy-report-only': 'require-corp;report-to="coep"', 'report-to': '{"group": "coep", "max_age": 86400, "endpoints": [{"url": "/security/coep_report/"}]},{"group": "coop", "max_age": 86400, "endpoints": [{"url": "/security/coop_report/"}]}', 'origin-trial': 'AuqWincgAuXeuu3KypEMnrrFEJHySaesyJS3EaIH40zvafzrU0Irhb7+5QwZpOqMZrPTjgvFl7Z5jJgy1dNAcQMAAAB6eyJvcmlnaW4iOiJodHRwczovL2luc3RhZ3JhbS5jb206NDQzIiwiZmVhdHVyZSI6IkNyb3NzT3JpZ2luT3BlbmVyUG9saWN5UmVwb3J0aW5nIiwiZXhwaXJ5IjoxNjEzNDExNjYyLCJpc1N1YmRvbWFpbiI6dHJ1ZX0=', 'cross-origin-opener-policy': 'same-origin-allow-popups;report-to="coop"', 'X-Content-Type-Options': 'nosniff', 'X-XSS-Protection': '0', 'x-ig-push-state': 'c2', 'x-aed': '49', 'Access-Control-Expose-Headers': 'X-IG-Set-WWW-Claim', 'x-ig-request-elapsed-time-ms': '651', 'x-ig-peak-time': '0', 'Set-Cookie': 'csrftoken=IjJVG8BG9UIoJ6TPiEznrt71WXnKoE68; Domain=.instagram.com; expires=Thu, 20-Apr-2023 04:12:32 GMT; Max-Age=31449600; Path=/; Secure, mid=YmDZsAAEAAEySQV94Bsuj1d3OKlI; Domain=.instagram.com; expires=Sat, 20-Apr-2024 04:12:32 GMT; Max-Age=63072000; Path=/; Secure, ig_did=7846B5F3-0472-4479-8901-327806B3AB42; Domain=.instagram.com; expires=Sat, 20-Apr-2024 04:12:32 GMT; HttpOnly; Max-Age=63072000; Path=/; Secure, ig_nrcb=1; Domain=.instagram.com; expires=Fri, 21-Apr-2023 04:12:32 GMT; Max-Age=31536000; Path=/; Secure', 'x-ig-origin-region': 'ncg', 'X-FB-TRIP-ID': '1679558926', 'Alt-Svc': 'h3=":443"; ma=86400,h3-29=":443"; ma=86400', 'Connection': 'keep-alive', 'Content-Length': '94161'}
B2JCv0OAVdf	200	{'Content-Type': 'text/html; charset=utf-8', 'Vary': 'Accept-Language, Cookie, Accept-Encoding', 'Content-Language': 'en', 'Date': 'Thu, 21 Apr 2022 04:13:10 GMT', 'Content-Encoding': 'gzip', 'Strict-Transport-Security': 'max-age=31536000', 'Cache-Control': 'private, no-cache, no-store, must-revalidate', 'Pragma': 'no-cache', 'Expires': 'Sat, 01 Jan 2000 00:00:00 GMT', 'X-Frame-Options': 'SAMEORIGIN', 'content-security-policy': "report-uri https://www.instagram.com/security/csp_report/; default-src 'self' https://www.instagram.com; img-src data: blob: https://*.fbcdn.net https://*.instagram.com https://*.cdninstagram.com https://*.facebook.com https://*.fbsbx.com https://*.giphy.com; font-src data: https://*.fbcdn.net https://*.instagram.com https://*.cdninstagram.com; media-src 'self' blob: https://www.instagram.com https://*.cdninstagram.com https://*.fbcdn.net; manifest-src 'self' https://www.instagram.com; script-src 'self' https://instagram.com https://www.instagram.com https://*.www.instagram.com https://*.cdninstagram.com wss://www.instagram.com https://*.facebook.com https://*.fbcdn.net https://*.facebook.net 'unsafe-inline' 'unsafe-eval' blob:; style-src 'self' https://*.www.instagram.com https://www.instagram.com 'unsafe-inline'; connect-src 'self' https://instagram.com https://www.instagram.com https://*.www.instagram.com https://graph.instagram.com https://*.graph.instagram.com https://i.instagram.com/graphql_www https://graphql.instagram.com https://*.cdninstagram.com https://api.instagram.com https://i.instagram.com https://*.i.instagram.com https://*.od.instagram.com wss://www.instagram.com wss://edge-chat.instagram.com https://*.facebook.com https://*.fbcdn.net https://*.facebook.net chrome-extension://boadgeojelhgndaghljhdicfkmllpafd blob:; worker-src 'self' blob: https://www.instagram.com; frame-src 'self' https://instagram.com https://www.instagram.com https://*.instagram.com https://staticxx.facebook.com https://www.facebook.com https://web.facebook.com https://connect.facebook.net https://m.facebook.com; object-src 'none'; upgrade-insecure-requests", 'origin-trial': 'AuqWincgAuXeuu3KypEMnrrFEJHySaesyJS3EaIH40zvafzrU0Irhb7+5QwZpOqMZrPTjgvFl7Z5jJgy1dNAcQMAAAB6eyJvcmlnaW4iOiJodHRwczovL2luc3RhZ3JhbS5jb206NDQzIiwiZmVhdHVyZSI6IkNyb3NzT3JpZ2luT3BlbmVyUG9saWN5UmVwb3J0aW5nIiwiZXhwaXJ5IjoxNjEzNDExNjYyLCJpc1N1YmRvbWFpbiI6dHJ1ZX0=', 'report-to': '{"group": "coop", "max_age": 86400, "endpoints": [{"url": "/security/coop_report/"}]}', 'cross-origin-opener-policy': 'same-origin-allow-popups;report-to="coop"', 'X-Content-Type-Options': 'nosniff', 'X-XSS-Protection': '0', 'x-ig-push-state': 'c2', 'x-aed': '49', 'Access-Control-Expose-Headers': 'X-IG-Set-WWW-Claim', 'x-ig-request-elapsed-time-ms': '1267', 'x-ig-peak-time': '0', 'Set-Cookie': 'csrftoken=8i8FIo65okSulFERAgzw4r7b1dNKDNB7; Domain=.instagram.com; expires=Thu, 20-Apr-2023 04:13:10 GMT; Max-Age=31449600; Path=/; Secure, mid=YmDZ1QAEAAHTnHsgsMPBp9IJ-D2n; Domain=.instagram.com; expires=Sat, 20-Apr-2024 04:13:10 GMT; Max-Age=63072000; Path=/; Secure, ig_did=66087B3E-A1DB-4D29-9B8E-515F5F03C3EA; Domain=.instagram.com; expires=Sat, 20-Apr-2024 04:13:10 GMT; HttpOnly; Max-Age=63072000; Path=/; Secure, ig_nrcb=1; Domain=.instagram.com; expires=Fri, 21-Apr-2023 04:13:10 GMT; Max-Age=31536000; Path=/; Secure', 'x-ig-origin-region': 'ncg', 'X-FB-TRIP-ID': '1679558926', 'Alt-Svc': 'h3=":443"; ma=86400,h3-29=":443"; ma=86400', 'Connection': 'keep-alive', 'Content-Length': '37049'}
B2TFsIdF4qz	200	{'Content-Type': 'text/html; charset=utf-8', 'Vary': 'Accept-Language, Cookie, Accept-Encoding', 'Content-Language': 'en', 'Date': 'Thu, 21 Apr 2022 04:13:22 GMT', 'Content-Encoding': 'gzip', 'Strict-Transport-Security': 'max-age=31536000', 'Cache-Control': 'private, no-cache, no-store, must-revalidate', 'Pragma': 'no-cache', 'Expires': 'Sat, 01 Jan 2000 00:00:00 GMT', 'X-Frame-Options': 'SAMEORIGIN', 'content-security-policy': "report-uri https://www.instagram.com/security/csp_report/; default-src 'self' https://www.instagram.com; img-src data: blob: https://*.fbcdn.net https://*.instagram.com https://*.cdninstagram.com https://*.facebook.com https://*.fbsbx.com https://*.giphy.com; font-src data: https://*.fbcdn.net https://*.instagram.com https://*.cdninstagram.com; media-src 'self' blob: https://www.instagram.com https://*.cdninstagram.com https://*.fbcdn.net; manifest-src 'self' https://www.instagram.com; script-src 'self' https://instagram.com https://www.instagram.com https://*.www.instagram.com https://*.cdninstagram.com wss://www.instagram.com https://*.facebook.com https://*.fbcdn.net https://*.facebook.net 'unsafe-inline' 'unsafe-eval' blob:; style-src 'self' https://*.www.instagram.com https://www.instagram.com 'unsafe-inline'; connect-src 'self' https://instagram.com https://www.instagram.com https://*.www.instagram.com https://graph.instagram.com https://*.graph.instagram.com https://i.instagram.com/graphql_www https://graphql.instagram.com https://*.cdninstagram.com https://api.instagram.com https://i.instagram.com https://*.i.instagram.com https://*.od.instagram.com wss://www.instagram.com wss://edge-chat.instagram.com https://*.facebook.com https://*.fbcdn.net https://*.facebook.net chrome-extension://boadgeojelhgndaghljhdicfkmllpafd blob:; worker-src 'self' blob: https://www.instagram.com; frame-src 'self' https://instagram.com https://www.instagram.com https://*.instagram.com https://staticxx.facebook.com https://www.facebook.com https://web.facebook.com https://connect.facebook.net https://m.facebook.com; object-src 'none'; upgrade-insecure-requests", 'origin-trial': 'AuqWincgAuXeuu3KypEMnrrFEJHySaesyJS3EaIH40zvafzrU0Irhb7+5QwZpOqMZrPTjgvFl7Z5jJgy1dNAcQMAAAB6eyJvcmlnaW4iOiJodHRwczovL2luc3RhZ3JhbS5jb206NDQzIiwiZmVhdHVyZSI6IkNyb3NzT3JpZ2luT3BlbmVyUG9saWN5UmVwb3J0aW5nIiwiZXhwaXJ5IjoxNjEzNDExNjYyLCJpc1N1YmRvbWFpbiI6dHJ1ZX0=', 'report-to': '{"group": "coop", "max_age": 86400, "endpoints": [{"url": "/security/coop_report/"}]}', 'cross-origin-opener-policy': 'same-origin-allow-popups;report-to="coop"', 'X-Content-Type-Options': 'nosniff', 'X-XSS-Protection': '0', 'x-ig-push-state': 'c2', 'x-aed': '49', 'Access-Control-Expose-Headers': 'X-IG-Set-WWW-Claim', 'x-ig-request-elapsed-time-ms': '558', 'x-ig-peak-time': '0', 'Set-Cookie': 'csrftoken=qx1p3o5shVbjhj8v7bGGoAJQew2nCbr7; Domain=.instagram.com; expires=Thu, 20-Apr-2023 04:13:22 GMT; Max-Age=31449600; Path=/; Secure, mid=YmDZ4QAEAAGlWizC5Ff767zN2SFB; Domain=.instagram.com; expires=Sat, 20-Apr-2024 04:13:22 GMT; Max-Age=63072000; Path=/; Secure, ig_did=AB9E2251-0FEA-462E-84F1-9C91E02EA547; Domain=.instagram.com; expires=Sat, 20-Apr-2024 04:13:22 GMT; HttpOnly; Max-Age=63072000; Path=/; Secure, ig_nrcb=1; Domain=.instagram.com; expires=Fri, 21-Apr-2023 04:13:22 GMT; Max-Age=31536000; Path=/; Secure', 'x-ig-origin-region': 'ncg', 'X-FB-TRIP-ID': '1679558926', 'Alt-Svc': 'h3=":443"; ma=86400,h3-29=":443"; ma=86400', 'Connection': 'keep-alive', 'Content-Length': '35042'}
B2xBxlQFjPr	200	{'Content-Type': 'text/html; charset=utf-8', 'Vary': 'Accept-Language, Cookie, Accept-Encoding', 'Content-Language': 'en', 'Date': 'Thu, 21 Apr 2022 04:13:33 GMT', 'Content-Encoding': 'gzip', 'Strict-Transport-Security': 'max-age=31536000', 'Cache-Control': 'private, no-cache, no-store, must-revalidate', 'Pragma': 'no-cache', 'Expires': 'Sat, 01 Jan 2000 00:00:00 GMT', 'X-Frame-Options': 'SAMEORIGIN', 'content-security-policy': "report-uri https://www.instagram.com/security/csp_report/; default-src 'self' https://www.instagram.com; img-src data: blob: https://*.fbcdn.net https://*.instagram.com https://*.cdninstagram.com https://*.facebook.com https://*.fbsbx.com https://*.giphy.com; font-src data: https://*.fbcdn.net https://*.instagram.com https://*.cdninstagram.com; media-src 'self' blob: https://www.instagram.com https://*.cdninstagram.com https://*.fbcdn.net; manifest-src 'self' https://www.instagram.com; script-src 'self' https://instagram.com https://www.instagram.com https://*.www.instagram.com https://*.cdninstagram.com wss://www.instagram.com https://*.facebook.com https://*.fbcdn.net https://*.facebook.net 'unsafe-inline' 'unsafe-eval' blob:; style-src 'self' https://*.www.instagram.com https://www.instagram.com 'unsafe-inline'; connect-src 'self' https://instagram.com https://www.instagram.com https://*.www.instagram.com https://graph.instagram.com https://*.graph.instagram.com https://i.instagram.com/graphql_www https://graphql.instagram.com https://*.cdninstagram.com https://api.instagram.com https://i.instagram.com https://*.i.instagram.com https://*.od.instagram.com wss://www.instagram.com wss://edge-chat.instagram.com https://*.facebook.com https://*.fbcdn.net https://*.facebook.net chrome-extension://boadgeojelhgndaghljhdicfkmllpafd blob:; worker-src 'self' blob: https://www.instagram.com; frame-src 'self' https://instagram.com https://www.instagram.com https://*.instagram.com https://staticxx.facebook.com https://www.facebook.com https://web.facebook.com https://connect.facebook.net https://m.facebook.com; object-src 'none'; upgrade-insecure-requests", 'origin-trial': 'AuqWincgAuXeuu3KypEMnrrFEJHySaesyJS3EaIH40zvafzrU0Irhb7+5QwZpOqMZrPTjgvFl7Z5jJgy1dNAcQMAAAB6eyJvcmlnaW4iOiJodHRwczovL2luc3RhZ3JhbS5jb206NDQzIiwiZmVhdHVyZSI6IkNyb3NzT3JpZ2luT3BlbmVyUG9saWN5UmVwb3J0aW5nIiwiZXhwaXJ5IjoxNjEzNDExNjYyLCJpc1N1YmRvbWFpbiI6dHJ1ZX0=', 'report-to': '{"group": "coop", "max_age": 86400, "endpoints": [{"url": "/security/coop_report/"}]}', 'cross-origin-opener-policy': 'same-origin-allow-popups;report-to="coop"', 'X-Content-Type-Options': 'nosniff', 'X-XSS-Protection': '0', 'x-ig-push-state': 'c2', 'x-aed': '49', 'Access-Control-Expose-Headers': 'X-IG-Set-WWW-Claim', 'x-ig-request-elapsed-time-ms': '437', 'x-ig-peak-time': '0', 'Set-Cookie': 'csrftoken=PlhVuHIYGISI33YzxY3HQmqx1dTT03kq; Domain=.instagram.com; expires=Thu, 20-Apr-2023 04:13:33 GMT; Max-Age=31449600; Path=/; Secure, mid=YmDZ7QAEAAG7vixXtG-CXJiAPhll; Domain=.instagram.com; expires=Sat, 20-Apr-2024 04:13:33 GMT; Max-Age=63072000; Path=/; Secure, ig_did=88922692-F380-427B-B54C-C5B9CFFB8BB6; Domain=.instagram.com; expires=Sat, 20-Apr-2024 04:13:33 GMT; HttpOnly; Max-Age=63072000; Path=/; Secure, ig_nrcb=1; Domain=.instagram.com; expires=Fri, 21-Apr-2023 04:13:33 GMT; Max-Age=31536000; Path=/; Secure', 'x-ig-origin-region': 'ncg', 'X-FB-TRIP-ID': '1679558926', 'Alt-Svc': 'h3=":443"; ma=86400,h3-29=":443"; ma=86400', 'Connection': 'keep-alive', 'Content-Length': '34525'}
B3MPhXdFkKy	200	{'Content-Type': 'text/html; charset=utf-8', 'Vary': 'Accept-Language, Cookie, Accept-Encoding', 'Content-Language': 'en', 'Date': 'Thu, 21 Apr 2022 04:13:45 GMT', 'Content-Encoding': 'gzip', 'Strict-Transport-Security': 'max-age=31536000', 'Cache-Control': 'private, no-cache, no-store, must-revalidate', 'Pragma': 'no-cache', 'Expires': 'Sat, 01 Jan 2000 00:00:00 GMT', 'X-Frame-Options': 'SAMEORIGIN', 'content-security-policy': "report-uri https://www.instagram.com/security/csp_report/; default-src 'self' https://www.instagram.com; img-src data: blob: https://*.fbcdn.net https://*.instagram.com https://*.cdninstagram.com https://*.facebook.com https://*.fbsbx.com https://*.giphy.com; font-src data: https://*.fbcdn.net https://*.instagram.com https://*.cdninstagram.com; media-src 'self' blob: https://www.instagram.com https://*.cdninstagram.com https://*.fbcdn.net; manifest-src 'self' https://www.instagram.com; script-src 'self' https://instagram.com https://www.instagram.com https://*.www.instagram.com https://*.cdninstagram.com wss://www.instagram.com https://*.facebook.com https://*.fbcdn.net https://*.facebook.net 'unsafe-inline' 'unsafe-eval' blob:; style-src 'self' https://*.www.instagram.com https://www.instagram.com 'unsafe-inline'; connect-src 'self' https://instagram.com https://www.instagram.com https://*.www.instagram.com https://graph.instagram.com https://*.graph.instagram.com https://i.instagram.com/graphql_www https://graphql.instagram.com https://*.cdninstagram.com https://api.instagram.com https://i.instagram.com https://*.i.instagram.com https://*.od.instagram.com wss://www.instagram.com wss://edge-chat.instagram.com https://*.facebook.com https://*.fbcdn.net https://*.facebook.net chrome-extension://boadgeojelhgndaghljhdicfkmllpafd blob:; worker-src 'self' blob: https://www.instagram.com; frame-src 'self' https://instagram.com https://www.instagram.com https://*.instagram.com https://staticxx.facebook.com https://www.facebook.com https://web.facebook.com https://connect.facebook.net https://m.facebook.com; object-src 'none'; upgrade-insecure-requests", 'origin-trial': 'AuqWincgAuXeuu3KypEMnrrFEJHySaesyJS3EaIH40zvafzrU0Irhb7+5QwZpOqMZrPTjgvFl7Z5jJgy1dNAcQMAAAB6eyJvcmlnaW4iOiJodHRwczovL2luc3RhZ3JhbS5jb206NDQzIiwiZmVhdHVyZSI6IkNyb3NzT3JpZ2luT3BlbmVyUG9saWN5UmVwb3J0aW5nIiwiZXhwaXJ5IjoxNjEzNDExNjYyLCJpc1N1YmRvbWFpbiI6dHJ1ZX0=', 'report-to': '{"group": "coop", "max_age": 86400, "endpoints": [{"url": "/security/coop_report/"}]}', 'cross-origin-opener-policy': 'same-origin-allow-popups;report-to="coop"', 'X-Content-Type-Options': 'nosniff', 'X-XSS-Protection': '0', 'x-ig-push-state': 'c2', 'x-aed': '49', 'Access-Control-Expose-Headers': 'X-IG-Set-WWW-Claim', 'x-ig-request-elapsed-time-ms': '1031', 'x-ig-peak-time': '0', 'Set-Cookie': 'csrftoken=ueFfK1m6kkU2UymbYse8wRRhzgxDMaxS; Domain=.instagram.com; expires=Thu, 20-Apr-2023 04:13:45 GMT; Max-Age=31449600; Path=/; Secure, mid=YmDZ-AAEAAGsgYzlJSpcsVFEDhhm; Domain=.instagram.com; expires=Sat, 20-Apr-2024 04:13:45 GMT; Max-Age=63072000; Path=/; Secure, ig_did=1631B836-BAA5-48BC-8AC4-A5C5F1AC9ADC; Domain=.instagram.com; expires=Sat, 20-Apr-2024 04:13:45 GMT; HttpOnly; Max-Age=63072000; Path=/; Secure, ig_nrcb=1; Domain=.instagram.com; expires=Fri, 21-Apr-2023 04:13:45 GMT; Max-Age=31536000; Path=/; Secure', 'x-ig-origin-region': 'ncg', 'X-FB-TRIP-ID': '1679558926', 'Alt-Svc': 'h3=":443"; ma=86400,h3-29=":443"; ma=86400', 'Connection': 'keep-alive', 'Content-Length': '36154'}
B3rESMJgDiK	200	{'Content-Type': 'text/html; charset=utf-8', 'Vary': 'Accept-Language, Cookie, Accept-Encoding', 'Content-Language': 'en', 'Date': 'Thu, 21 Apr 2022 04:13:57 GMT', 'Content-Encoding': 'gzip', 'Strict-Transport-Security': 'max-age=31536000', 'Cache-Control': 'private, no-cache, no-store, must-revalidate', 'Pragma': 'no-cache', 'Expires': 'Sat, 01 Jan 2000 00:00:00 GMT', 'X-Frame-Options': 'SAMEORIGIN', 'content-security-policy': "report-uri https://www.instagram.com/security/csp_report/; default-src 'self' https://www.instagram.com; img-src data: blob: https://*.fbcdn.net https://*.instagram.com https://*.cdninstagram.com https://*.facebook.com https://*.fbsbx.com https://*.giphy.com; font-src data: https://*.fbcdn.net https://*.instagram.com https://*.cdninstagram.com; media-src 'self' blob: https://www.instagram.com https://*.cdninstagram.com https://*.fbcdn.net; manifest-src 'self' https://www.instagram.com; script-src 'self' https://instagram.com https://www.instagram.com https://*.www.instagram.com https://*.cdninstagram.com wss://www.instagram.com https://*.facebook.com https://*.fbcdn.net https://*.facebook.net 'unsafe-inline' 'unsafe-eval' blob:; style-src 'self' https://*.www.instagram.com https://www.instagram.com 'unsafe-inline'; connect-src 'self' https://instagram.com https://www.instagram.com https://*.www.instagram.com https://graph.instagram.com https://*.graph.instagram.com https://i.instagram.com/graphql_www https://graphql.instagram.com https://*.cdninstagram.com https://api.instagram.com https://i.instagram.com https://*.i.instagram.com https://*.od.instagram.com wss://www.instagram.com wss://edge-chat.instagram.com https://*.facebook.com https://*.fbcdn.net https://*.facebook.net chrome-extension://boadgeojelhgndaghljhdicfkmllpafd blob:; worker-src 'self' blob: https://www.instagram.com; frame-src 'self' https://instagram.com https://www.instagram.com https://*.instagram.com https://staticxx.facebook.com https://www.facebook.com https://web.facebook.com https://connect.facebook.net https://m.facebook.com; object-src 'none'; upgrade-insecure-requests", 'origin-trial': 'AuqWincgAuXeuu3KypEMnrrFEJHySaesyJS3EaIH40zvafzrU0Irhb7+5QwZpOqMZrPTjgvFl7Z5jJgy1dNAcQMAAAB6eyJvcmlnaW4iOiJodHRwczovL2luc3RhZ3JhbS5jb206NDQzIiwiZmVhdHVyZSI6IkNyb3NzT3JpZ2luT3BlbmVyUG9saWN5UmVwb3J0aW5nIiwiZXhwaXJ5IjoxNjEzNDExNjYyLCJpc1N1YmRvbWFpbiI6dHJ1ZX0=', 'report-to': '{"group": "coop", "max_age": 86400, "endpoints": [{"url": "/security/coop_report/"}]}', 'cross-origin-opener-policy': 'same-origin-allow-popups;report-to="coop"', 'X-Content-Type-Options': 'nosniff', 'X-XSS-Protection': '0', 'x-ig-push-state': 'c2', 'x-aed': '49', 'Access-Control-Expose-Headers': 'X-IG-Set-WWW-Claim', 'x-ig-request-elapsed-time-ms': '938', 'x-ig-peak-time': '0', 'Set-Cookie': 'csrftoken=SDgx2HtvoUJZEG9AngUWB1mtuEta99yJ; Domain=.instagram.com; expires=Thu, 20-Apr-2023 04:13:57 GMT; Max-Age=31449600; Path=/; Secure, mid=YmDaBAAEAAHUOb7mD7t-SR9-rIAT; Domain=.instagram.com; expires=Sat, 20-Apr-2024 04:13:57 GMT; Max-Age=63072000; Path=/; Secure, ig_did=6374C153-5C1B-4C31-9184-8EF30BCEFD69; Domain=.instagram.com; expires=Sat, 20-Apr-2024 04:13:57 GMT; HttpOnly; Max-Age=63072000; Path=/; Secure, ig_nrcb=1; Domain=.instagram.com; expires=Fri, 21-Apr-2023 04:13:57 GMT; Max-Age=31536000; Path=/; Secure', 'x-ig-origin-region': 'ncg', 'X-FB-TRIP-ID': '1679558926', 'Alt-Svc': 'h3=":443"; ma=86400,h3-29=":443"; ma=86400', 'Connection': 'keep-alive', 'Content-Length': '34010'}
