4aHTz4LSfb	200	{'Content-Type': 'text/html; charset=utf-8', 'Vary': 'Accept-Language, Cookie, Accept-Encoding', 'Content-Language': 'en', 'Date': 'Fri, 04 Mar 2022 21:19:02 GMT', 'Content-Encoding': 'gzip', 'Strict-Transport-Security': 'max-age=31536000', 'Cache-Control': 'private, no-cache, no-store, must-revalidate', 'Pragma': 'no-cache', 'Expires': 'Sat, 01 Jan 2000 00:00:00 GMT', 'X-Frame-Options': 'SAMEORIGIN', 'content-security-policy': "report-uri https://www.instagram.com/security/csp_report/; default-src 'self' https://www.instagram.com; img-src data: blob: https://*.fbcdn.net https://*.instagram.com https://*.cdninstagram.com https://*.facebook.com https://*.fbsbx.com https://*.giphy.com; font-src data: https://*.fbcdn.net https://*.instagram.com https://*.cdninstagram.com; media-src 'self' blob: https://www.instagram.com https://*.cdninstagram.com https://*.fbcdn.net; manifest-src 'self' https://www.instagram.com; script-src 'self' https://instagram.com https://www.instagram.com https://*.www.instagram.com https://*.cdninstagram.com wss://www.instagram.com https://*.facebook.com https://*.fbcdn.net https://*.facebook.net 'unsafe-inline' 'unsafe-eval' blob:; style-src 'self' https://*.www.instagram.com https://www.instagram.com 'unsafe-inline'; connect-src 'self' https://instagram.com https://www.instagram.com https://*.www.instagram.com https://graph.instagram.com https://*.graph.instagram.com https://i.instagram.com/graphql_www https://graphql.instagram.com https://*.cdninstagram.com https://api.instagram.com https://i.instagram.com https://*.i.instagram.com https://*.od.instagram.com wss://www.instagram.com wss://edge-chat.instagram.com https://*.facebook.com https://*.fbcdn.net https://*.facebook.net chrome-extension://boadgeojelhgndaghljhdicfkmllpafd blob:; worker-src 'self' blob: https://www.instagram.com; frame-src 'self' https://instagram.com https://www.instagram.com https://*.instagram.com https://staticxx.facebook.com https://www.facebook.com https://web.facebook.com https://connect.facebook.net https://m.facebook.com; object-src 'none'; upgrade-insecure-requests", 'origin-trial': 'AuqWincgAuXeuu3KypEMnrrFEJHySaesyJS3EaIH40zvafzrU0Irhb7+5QwZpOqMZrPTjgvFl7Z5jJgy1dNAcQMAAAB6eyJvcmlnaW4iOiJodHRwczovL2luc3RhZ3JhbS5jb206NDQzIiwiZmVhdHVyZSI6IkNyb3NzT3JpZ2luT3BlbmVyUG9saWN5UmVwb3J0aW5nIiwiZXhwaXJ5IjoxNjEzNDExNjYyLCJpc1N1YmRvbWFpbiI6dHJ1ZX0=', 'report-to': '{"group": "coop", "max_age": 86400, "endpoints": [{"url": "/security/coop_report/"}]}', 'cross-origin-opener-policy': 'same-origin-allow-popups;report-to="coop"', 'X-Content-Type-Options': 'nosniff', 'X-XSS-Protection': '0', 'x-ig-push-state': 'c2', 'x-aed': '48', 'Access-Control-Expose-Headers': 'X-IG-Set-WWW-Claim', 'x-ig-request-elapsed-time-ms': '306', 'x-ig-peak-time': '0', 'Set-Cookie': 'csrftoken=ZPMSQQBDKRI9qau27NvklBnQTfViPY20; Domain=.instagram.com; expires=Fri, 03-Mar-2023 21:19:02 GMT; Max-Age=31449600; Path=/; Secure, mid=YiKCRgAEAAEWhJmhfBUWlA-jn_a3; Domain=.instagram.com; expires=Sun, 03-Mar-2024 21:19:02 GMT; Max-Age=63072000; Path=/; Secure, ig_did=E0BEF049-F90C-465C-9972-3505A3B8C685; Domain=.instagram.com; expires=Sun, 03-Mar-2024 21:19:02 GMT; HttpOnly; Max-Age=63072000; Path=/; Secure, ig_nrcb=1; Domain=.instagram.com; expires=Sat, 04-Mar-2023 21:19:02 GMT; Max-Age=31536000; Path=/; Secure', 'x-ig-origin-region': 'atn', 'X-FB-TRIP-ID': '1679558926', 'Alt-Svc': 'h3=":443"; ma=86400,h3-29=":443"; ma=86400', 'Connection': 'keep-alive', 'Content-Length': '29553'}
4AmxK1BuA4	404	{'Content-Type': 'text/html; charset=utf-8', 'Vary': 'Accept-Language, Cookie', 'Content-Language': 'en', 'Date': 'Fri, 04 Mar 2022 21:24:04 GMT', 'Strict-Transport-Security': 'max-age=31536000', 'Cache-Control': 'private, no-cache, no-store, must-revalidate', 'Pragma': 'no-cache', 'Expires': 'Sat, 01 Jan 2000 00:00:00 GMT', 'X-Frame-Options': 'SAMEORIGIN', 'content-security-policy': "report-uri https://www.instagram.com/security/csp_report/; default-src 'self' https://www.instagram.com; img-src data: blob: https://*.fbcdn.net https://*.instagram.com https://*.cdninstagram.com https://*.facebook.com https://*.fbsbx.com https://*.giphy.com; font-src data: https://*.fbcdn.net https://*.instagram.com https://*.cdninstagram.com; media-src 'self' blob: https://www.instagram.com https://*.cdninstagram.com https://*.fbcdn.net; manifest-src 'self' https://www.instagram.com; script-src 'self' https://instagram.com https://www.instagram.com https://*.www.instagram.com https://*.cdninstagram.com wss://www.instagram.com https://*.facebook.com https://*.fbcdn.net https://*.facebook.net 'unsafe-inline' 'unsafe-eval' blob:; style-src 'self' https://*.www.instagram.com https://www.instagram.com 'unsafe-inline'; connect-src 'self' https://instagram.com https://www.instagram.com https://*.www.instagram.com https://graph.instagram.com https://*.graph.instagram.com https://i.instagram.com/graphql_www https://graphql.instagram.com https://*.cdninstagram.com https://api.instagram.com https://i.instagram.com https://*.i.instagram.com https://*.od.instagram.com wss://www.instagram.com wss://edge-chat.instagram.com https://*.facebook.com https://*.fbcdn.net https://*.facebook.net chrome-extension://boadgeojelhgndaghljhdicfkmllpafd blob:; worker-src 'self' blob: https://www.instagram.com; frame-src 'self' https://instagram.com https://www.instagram.com https://*.instagram.com https://staticxx.facebook.com https://www.facebook.com https://web.facebook.com https://connect.facebook.net https://m.facebook.com; object-src 'none'; upgrade-insecure-requests", 'cross-origin-embedder-policy-report-only': 'require-corp;report-to="coep"', 'report-to': '{"group": "coep", "max_age": 86400, "endpoints": [{"url": "/security/coep_report/"}]},{"group": "coop", "max_age": 86400, "endpoints": [{"url": "/security/coop_report/"}]}', 'origin-trial': 'AuqWincgAuXeuu3KypEMnrrFEJHySaesyJS3EaIH40zvafzrU0Irhb7+5QwZpOqMZrPTjgvFl7Z5jJgy1dNAcQMAAAB6eyJvcmlnaW4iOiJodHRwczovL2luc3RhZ3JhbS5jb206NDQzIiwiZmVhdHVyZSI6IkNyb3NzT3JpZ2luT3BlbmVyUG9saWN5UmVwb3J0aW5nIiwiZXhwaXJ5IjoxNjEzNDExNjYyLCJpc1N1YmRvbWFpbiI6dHJ1ZX0=', 'cross-origin-opener-policy': 'same-origin-allow-popups;report-to="coop"', 'X-Content-Type-Options': 'nosniff', 'X-XSS-Protection': '0', 'x-ig-push-state': 'c2', 'x-aed': '48', 'Access-Control-Expose-Headers': 'X-IG-Set-WWW-Claim', 'x-ig-request-elapsed-time-ms': '145', 'x-ig-peak-time': '0', 'Set-Cookie': 'csrftoken=hlVK55kbkzOUk3OGOXGpyXV9mHAn69Bk; Domain=.instagram.com; expires=Fri, 03-Mar-2023 21:24:04 GMT; Max-Age=31449600; Path=/; Secure, mid=YiKDcwAEAAGzEzpruVK1GzHwD5tZ; Domain=.instagram.com; expires=Sun, 03-Mar-2024 21:24:04 GMT; Max-Age=63072000; Path=/; Secure, ig_did=D6CC2AD2-2E0F-4B24-9590-162FEFBA4B9F; Domain=.instagram.com; expires=Sun, 03-Mar-2024 21:24:04 GMT; HttpOnly; Max-Age=63072000; Path=/; Secure, ig_nrcb=1; Domain=.instagram.com; expires=Sat, 04-Mar-2023 21:24:04 GMT; Max-Age=31536000; Path=/; Secure', 'x-ig-origin-region': 'atn', 'X-FB-TRIP-ID': '1679558926', 'Alt-Svc': 'h3=":443"; ma=86400,h3-29=":443"; ma=86400', 'Connection': 'keep-alive', 'Content-Length': '90857'}
4cLPLloM0p	200	{'Content-Type': 'text/html; charset=utf-8', 'Vary': 'Accept-Language, Cookie, Accept-Encoding', 'Content-Language': 'en', 'Date': 'Fri, 04 Mar 2022 21:29:05 GMT', 'Content-Encoding': 'gzip', 'Strict-Transport-Security': 'max-age=31536000', 'Cache-Control': 'private, no-cache, no-store, must-revalidate', 'Pragma': 'no-cache', 'Expires': 'Sat, 01 Jan 2000 00:00:00 GMT', 'X-Frame-Options': 'SAMEORIGIN', 'content-security-policy': "report-uri https://www.instagram.com/security/csp_report/; default-src 'self' https://www.instagram.com; img-src data: blob: https://*.fbcdn.net https://*.instagram.com https://*.cdninstagram.com https://*.facebook.com https://*.fbsbx.com https://*.giphy.com; font-src data: https://*.fbcdn.net https://*.instagram.com https://*.cdninstagram.com; media-src 'self' blob: https://www.instagram.com https://*.cdninstagram.com https://*.fbcdn.net; manifest-src 'self' https://www.instagram.com; script-src 'self' https://instagram.com https://www.instagram.com https://*.www.instagram.com https://*.cdninstagram.com wss://www.instagram.com https://*.facebook.com https://*.fbcdn.net https://*.facebook.net 'unsafe-inline' 'unsafe-eval' blob:; style-src 'self' https://*.www.instagram.com https://www.instagram.com 'unsafe-inline'; connect-src 'self' https://instagram.com https://www.instagram.com https://*.www.instagram.com https://graph.instagram.com https://*.graph.instagram.com https://i.instagram.com/graphql_www https://graphql.instagram.com https://*.cdninstagram.com https://api.instagram.com https://i.instagram.com https://*.i.instagram.com https://*.od.instagram.com wss://www.instagram.com wss://edge-chat.instagram.com https://*.facebook.com https://*.fbcdn.net https://*.facebook.net chrome-extension://boadgeojelhgndaghljhdicfkmllpafd blob:; worker-src 'self' blob: https://www.instagram.com; frame-src 'self' https://instagram.com https://www.instagram.com https://*.instagram.com https://staticxx.facebook.com https://www.facebook.com https://web.facebook.com https://connect.facebook.net https://m.facebook.com; object-src 'none'; upgrade-insecure-requests", 'origin-trial': 'AuqWincgAuXeuu3KypEMnrrFEJHySaesyJS3EaIH40zvafzrU0Irhb7+5QwZpOqMZrPTjgvFl7Z5jJgy1dNAcQMAAAB6eyJvcmlnaW4iOiJodHRwczovL2luc3RhZ3JhbS5jb206NDQzIiwiZmVhdHVyZSI6IkNyb3NzT3JpZ2luT3BlbmVyUG9saWN5UmVwb3J0aW5nIiwiZXhwaXJ5IjoxNjEzNDExNjYyLCJpc1N1YmRvbWFpbiI6dHJ1ZX0=', 'report-to': '{"group": "coop", "max_age": 86400, "endpoints": [{"url": "/security/coop_report/"}]}', 'cross-origin-opener-policy': 'same-origin-allow-popups;report-to="coop"', 'X-Content-Type-Options': 'nosniff', 'X-XSS-Protection': '0', 'x-ig-push-state': 'c2', 'x-aed': '48', 'Access-Control-Expose-Headers': 'X-IG-Set-WWW-Claim', 'x-ig-request-elapsed-time-ms': '561', 'x-ig-peak-time': '0', 'Set-Cookie': 'csrftoken=1PVhCtUkMrBAuVnqE9XoJ20fISasA5pJ; Domain=.instagram.com; expires=Fri, 03-Mar-2023 21:29:05 GMT; Max-Age=31449600; Path=/; Secure, mid=YiKEoAAEAAGcT0Onkauzt_KjtZUf; Domain=.instagram.com; expires=Sun, 03-Mar-2024 21:29:05 GMT; Max-Age=63072000; Path=/; Secure, ig_did=A9085088-32B3-40E3-AFD0-564C91C0DDA5; Domain=.instagram.com; expires=Sun, 03-Mar-2024 21:29:05 GMT; HttpOnly; Max-Age=63072000; Path=/; Secure, ig_nrcb=1; Domain=.instagram.com; expires=Sat, 04-Mar-2023 21:29:05 GMT; Max-Age=31536000; Path=/; Secure', 'x-ig-origin-region': 'atn', 'X-FB-TRIP-ID': '1679558926', 'Alt-Svc': 'h3=":443"; ma=86400,h3-29=":443"; ma=86400', 'Connection': 'keep-alive', 'Content-Length': '34199'}
4CrtdTsFZw	560	{'Content-Type': 'text/plain', 'Date': 'Fri, 04 Mar 2022 21:34:19 GMT', 'x-ig-origin-region': 'atn', 'X-FB-TRIP-ID': '1679558926', 'Alt-Svc': 'h3=":443"; ma=86400,h3-29=":443"; ma=86400', 'Connection': 'keep-alive', 'Content-Length': '0'}
4d1tKxmJGR	500	{'Content-Type': 'text/html; charset=utf-8', 'Date': 'Fri, 04 Mar 2022 21:39:37 GMT', 'x-ig-origin-region': 'atn', 'X-FB-TRIP-ID': '1679558926', 'Alt-Svc': 'h3=":443"; ma=86400,h3-29=":443"; ma=86400', 'Connection': 'keep-alive', 'Content-Length': '0'}
4EytjGL5nQ	404	{'Content-Type': 'text/html; charset=utf-8', 'Vary': 'Accept-Language, Cookie', 'Content-Language': 'en', 'Date': 'Fri, 04 Mar 2022 22:14:39 GMT', 'Strict-Transport-Security': 'max-age=31536000', 'Cache-Control': 'private, no-cache, no-store, must-revalidate', 'Pragma': 'no-cache', 'Expires': 'Sat, 01 Jan 2000 00:00:00 GMT', 'X-Frame-Options': 'SAMEORIGIN', 'content-security-policy': "report-uri https://www.instagram.com/security/csp_report/; default-src 'self' https://www.instagram.com; img-src data: blob: https://*.fbcdn.net https://*.instagram.com https://*.cdninstagram.com https://*.facebook.com https://*.fbsbx.com https://*.giphy.com; font-src data: https://*.fbcdn.net https://*.instagram.com https://*.cdninstagram.com; media-src 'self' blob: https://www.instagram.com https://*.cdninstagram.com https://*.fbcdn.net; manifest-src 'self' https://www.instagram.com; script-src 'self' https://instagram.com https://www.instagram.com https://*.www.instagram.com https://*.cdninstagram.com wss://www.instagram.com https://*.facebook.com https://*.fbcdn.net https://*.facebook.net 'unsafe-inline' 'unsafe-eval' blob:; style-src 'self' https://*.www.instagram.com https://www.instagram.com 'unsafe-inline'; connect-src 'self' https://instagram.com https://www.instagram.com https://*.www.instagram.com https://graph.instagram.com https://*.graph.instagram.com https://i.instagram.com/graphql_www https://graphql.instagram.com https://*.cdninstagram.com https://api.instagram.com https://i.instagram.com https://*.i.instagram.com https://*.od.instagram.com wss://www.instagram.com wss://edge-chat.instagram.com https://*.facebook.com https://*.fbcdn.net https://*.facebook.net chrome-extension://boadgeojelhgndaghljhdicfkmllpafd blob:; worker-src 'self' blob: https://www.instagram.com; frame-src 'self' https://instagram.com https://www.instagram.com https://*.instagram.com https://staticxx.facebook.com https://www.facebook.com https://web.facebook.com https://connect.facebook.net https://m.facebook.com; object-src 'none'; upgrade-insecure-requests", 'cross-origin-embedder-policy-report-only': 'require-corp;report-to="coep"', 'report-to': '{"group": "coep", "max_age": 86400, "endpoints": [{"url": "/security/coep_report/"}]},{"group": "coop", "max_age": 86400, "endpoints": [{"url": "/security/coop_report/"}]}', 'origin-trial': 'AuqWincgAuXeuu3KypEMnrrFEJHySaesyJS3EaIH40zvafzrU0Irhb7+5QwZpOqMZrPTjgvFl7Z5jJgy1dNAcQMAAAB6eyJvcmlnaW4iOiJodHRwczovL2luc3RhZ3JhbS5jb206NDQzIiwiZmVhdHVyZSI6IkNyb3NzT3JpZ2luT3BlbmVyUG9saWN5UmVwb3J0aW5nIiwiZXhwaXJ5IjoxNjEzNDExNjYyLCJpc1N1YmRvbWFpbiI6dHJ1ZX0=', 'cross-origin-opener-policy': 'same-origin-allow-popups;report-to="coop"', 'X-Content-Type-Options': 'nosniff', 'X-XSS-Protection': '0', 'x-ig-push-state': 'c2', 'x-aed': '48', 'Access-Control-Expose-Headers': 'X-IG-Set-WWW-Claim', 'x-ig-request-elapsed-time-ms': '627', 'x-ig-peak-time': '0', 'Set-Cookie': 'csrftoken=dZ2IoiFmHoIDJXXtDC2fi6yBUDoIzL7T; Domain=.instagram.com; expires=Fri, 03-Mar-2023 22:14:39 GMT; Max-Age=31449600; Path=/; Secure, mid=YiKPTwAEAAGm3Vrxtbpw7a3ZKwXJ; Domain=.instagram.com; expires=Sun, 03-Mar-2024 22:14:39 GMT; Max-Age=63072000; Path=/; Secure, ig_did=4B98533B-3CB9-471F-94A7-1F5E4F4C627E; Domain=.instagram.com; expires=Sun, 03-Mar-2024 22:14:39 GMT; HttpOnly; Max-Age=63072000; Path=/; Secure, ig_nrcb=1; Domain=.instagram.com; expires=Sat, 04-Mar-2023 22:14:39 GMT; Max-Age=31536000; Path=/; Secure', 'x-ig-origin-region': 'nao', 'X-FB-TRIP-ID': '1679558926', 'Alt-Svc': 'h3=":443"; ma=86400,h3-29=":443"; ma=86400', 'Connection': 'keep-alive', 'Content-Length': '90780'}
4fE7bhjWi7	404	{'Content-Type': 'text/html; charset=utf-8', 'Vary': 'Accept-Language, Cookie', 'Content-Language': 'en', 'Date': 'Fri, 04 Mar 2022 22:19:40 GMT', 'Strict-Transport-Security': 'max-age=31536000', 'Cache-Control': 'private, no-cache, no-store, must-revalidate', 'Pragma': 'no-cache', 'Expires': 'Sat, 01 Jan 2000 00:00:00 GMT', 'X-Frame-Options': 'SAMEORIGIN', 'content-security-policy': "report-uri https://www.instagram.com/security/csp_report/; default-src 'self' https://www.instagram.com; img-src data: blob: https://*.fbcdn.net https://*.instagram.com https://*.cdninstagram.com https://*.facebook.com https://*.fbsbx.com https://*.giphy.com; font-src data: https://*.fbcdn.net https://*.instagram.com https://*.cdninstagram.com; media-src 'self' blob: https://www.instagram.com https://*.cdninstagram.com https://*.fbcdn.net; manifest-src 'self' https://www.instagram.com; script-src 'self' https://instagram.com https://www.instagram.com https://*.www.instagram.com https://*.cdninstagram.com wss://www.instagram.com https://*.facebook.com https://*.fbcdn.net https://*.facebook.net 'unsafe-inline' 'unsafe-eval' blob:; style-src 'self' https://*.www.instagram.com https://www.instagram.com 'unsafe-inline'; connect-src 'self' https://instagram.com https://www.instagram.com https://*.www.instagram.com https://graph.instagram.com https://*.graph.instagram.com https://i.instagram.com/graphql_www https://graphql.instagram.com https://*.cdninstagram.com https://api.instagram.com https://i.instagram.com https://*.i.instagram.com https://*.od.instagram.com wss://www.instagram.com wss://edge-chat.instagram.com https://*.facebook.com https://*.fbcdn.net https://*.facebook.net chrome-extension://boadgeojelhgndaghljhdicfkmllpafd blob:; worker-src 'self' blob: https://www.instagram.com; frame-src 'self' https://instagram.com https://www.instagram.com https://*.instagram.com https://staticxx.facebook.com https://www.facebook.com https://web.facebook.com https://connect.facebook.net https://m.facebook.com; object-src 'none'; upgrade-insecure-requests", 'cross-origin-embedder-policy-report-only': 'require-corp;report-to="coep"', 'report-to': '{"group": "coep", "max_age": 86400, "endpoints": [{"url": "/security/coep_report/"}]},{"group": "coop", "max_age": 86400, "endpoints": [{"url": "/security/coop_report/"}]}', 'origin-trial': 'AuqWincgAuXeuu3KypEMnrrFEJHySaesyJS3EaIH40zvafzrU0Irhb7+5QwZpOqMZrPTjgvFl7Z5jJgy1dNAcQMAAAB6eyJvcmlnaW4iOiJodHRwczovL2luc3RhZ3JhbS5jb206NDQzIiwiZmVhdHVyZSI6IkNyb3NzT3JpZ2luT3BlbmVyUG9saWN5UmVwb3J0aW5nIiwiZXhwaXJ5IjoxNjEzNDExNjYyLCJpc1N1YmRvbWFpbiI6dHJ1ZX0=', 'cross-origin-opener-policy': 'same-origin-allow-popups;report-to="coop"', 'X-Content-Type-Options': 'nosniff', 'X-XSS-Protection': '0', 'x-ig-push-state': 'c2', 'x-aed': '48', 'Access-Control-Expose-Headers': 'X-IG-Set-WWW-Claim', 'x-ig-request-elapsed-time-ms': '468', 'x-ig-peak-time': '0', 'Set-Cookie': 'csrftoken=fCUZTUfm5GEjfmJ84ukjEhY48c1UHZ1a; Domain=.instagram.com; expires=Fri, 03-Mar-2023 22:19:40 GMT; Max-Age=31449600; Path=/; Secure, mid=YiKQfAAEAAG6bQa16fBK1QacbZlI; Domain=.instagram.com; expires=Sun, 03-Mar-2024 22:19:40 GMT; Max-Age=63072000; Path=/; Secure, ig_did=BF08C36D-05FF-4A6B-BFCA-D4A9AA18432E; Domain=.instagram.com; expires=Sun, 03-Mar-2024 22:19:40 GMT; HttpOnly; Max-Age=63072000; Path=/; Secure, ig_nrcb=1; Domain=.instagram.com; expires=Sat, 04-Mar-2023 22:19:40 GMT; Max-Age=31536000; Path=/; Secure', 'x-ig-origin-region': 'nao', 'X-FB-TRIP-ID': '1679558926', 'Alt-Svc': 'h3=":443"; ma=86400,h3-29=":443"; ma=86400', 'Connection': 'keep-alive', 'Content-Length': '90781'}
4fv0jBD4DP	200	{'Content-Type': 'text/html; charset=utf-8', 'Vary': 'Accept-Language, Cookie, Accept-Encoding', 'Content-Language': 'en', 'Date': 'Fri, 04 Mar 2022 22:24:42 GMT', 'Content-Encoding': 'gzip', 'Strict-Transport-Security': 'max-age=31536000', 'Cache-Control': 'private, no-cache, no-store, must-revalidate', 'Pragma': 'no-cache', 'Expires': 'Sat, 01 Jan 2000 00:00:00 GMT', 'X-Frame-Options': 'SAMEORIGIN', 'content-security-policy': "report-uri https://www.instagram.com/security/csp_report/; default-src 'self' https://www.instagram.com; img-src data: blob: https://*.fbcdn.net https://*.instagram.com https://*.cdninstagram.com https://*.facebook.com https://*.fbsbx.com https://*.giphy.com; font-src data: https://*.fbcdn.net https://*.instagram.com https://*.cdninstagram.com; media-src 'self' blob: https://www.instagram.com https://*.cdninstagram.com https://*.fbcdn.net; manifest-src 'self' https://www.instagram.com; script-src 'self' https://instagram.com https://www.instagram.com https://*.www.instagram.com https://*.cdninstagram.com wss://www.instagram.com https://*.facebook.com https://*.fbcdn.net https://*.facebook.net 'unsafe-inline' 'unsafe-eval' blob:; style-src 'self' https://*.www.instagram.com https://www.instagram.com 'unsafe-inline'; connect-src 'self' https://instagram.com https://www.instagram.com https://*.www.instagram.com https://graph.instagram.com https://*.graph.instagram.com https://i.instagram.com/graphql_www https://graphql.instagram.com https://*.cdninstagram.com https://api.instagram.com https://i.instagram.com https://*.i.instagram.com https://*.od.instagram.com wss://www.instagram.com wss://edge-chat.instagram.com https://*.facebook.com https://*.fbcdn.net https://*.facebook.net chrome-extension://boadgeojelhgndaghljhdicfkmllpafd blob:; worker-src 'self' blob: https://www.instagram.com; frame-src 'self' https://instagram.com https://www.instagram.com https://*.instagram.com https://staticxx.facebook.com https://www.facebook.com https://web.facebook.com https://connect.facebook.net https://m.facebook.com; object-src 'none'; upgrade-insecure-requests", 'origin-trial': 'AuqWincgAuXeuu3KypEMnrrFEJHySaesyJS3EaIH40zvafzrU0Irhb7+5QwZpOqMZrPTjgvFl7Z5jJgy1dNAcQMAAAB6eyJvcmlnaW4iOiJodHRwczovL2luc3RhZ3JhbS5jb206NDQzIiwiZmVhdHVyZSI6IkNyb3NzT3JpZ2luT3BlbmVyUG9saWN5UmVwb3J0aW5nIiwiZXhwaXJ5IjoxNjEzNDExNjYyLCJpc1N1YmRvbWFpbiI6dHJ1ZX0=', 'report-to': '{"group": "coop", "max_age": 86400, "endpoints": [{"url": "/security/coop_report/"}]}', 'cross-origin-opener-policy': 'same-origin-allow-popups;report-to="coop"', 'X-Content-Type-Options': 'nosniff', 'X-XSS-Protection': '0', 'x-ig-push-state': 'c2', 'x-aed': '48', 'Access-Control-Expose-Headers': 'X-IG-Set-WWW-Claim', 'x-ig-request-elapsed-time-ms': '749', 'x-ig-peak-time': '0', 'Set-Cookie': 'csrftoken=ck25Cb0sX6Tgsw4bIN2oLItusLeQ9COZ; Domain=.instagram.com; expires=Fri, 03-Mar-2023 22:24:42 GMT; Max-Age=31449600; Path=/; Secure, mid=YiKRqQAEAAHQToGWhSAlypp1jL0c; Domain=.instagram.com; expires=Sun, 03-Mar-2024 22:24:42 GMT; Max-Age=63072000; Path=/; Secure, ig_did=4F8CD104-4C88-4EAF-B73B-BD3DA749C43D; Domain=.instagram.com; expires=Sun, 03-Mar-2024 22:24:42 GMT; HttpOnly; Max-Age=63072000; Path=/; Secure, ig_nrcb=1; Domain=.instagram.com; expires=Sat, 04-Mar-2023 22:24:42 GMT; Max-Age=31536000; Path=/; Secure', 'x-ig-origin-region': 'nao', 'X-FB-TRIP-ID': '1679558926', 'Alt-Svc': 'h3=":443"; ma=86400,h3-29=":443"; ma=86400', 'Connection': 'keep-alive', 'Content-Length': '33908'}
4g3D9evKPZ	404	{'Content-Type': 'text/html; charset=utf-8', 'Vary': 'Accept-Language, Cookie', 'Content-Language': 'en', 'Date': 'Fri, 04 Mar 2022 22:29:42 GMT', 'Strict-Transport-Security': 'max-age=31536000', 'Cache-Control': 'private, no-cache, no-store, must-revalidate', 'Pragma': 'no-cache', 'Expires': 'Sat, 01 Jan 2000 00:00:00 GMT', 'X-Frame-Options': 'SAMEORIGIN', 'content-security-policy': "report-uri https://www.instagram.com/security/csp_report/; default-src 'self' https://www.instagram.com; img-src data: blob: https://*.fbcdn.net https://*.instagram.com https://*.cdninstagram.com https://*.facebook.com https://*.fbsbx.com https://*.giphy.com; font-src data: https://*.fbcdn.net https://*.instagram.com https://*.cdninstagram.com; media-src 'self' blob: https://www.instagram.com https://*.cdninstagram.com https://*.fbcdn.net; manifest-src 'self' https://www.instagram.com; script-src 'self' https://instagram.com https://www.instagram.com https://*.www.instagram.com https://*.cdninstagram.com wss://www.instagram.com https://*.facebook.com https://*.fbcdn.net https://*.facebook.net 'unsafe-inline' 'unsafe-eval' blob:; style-src 'self' https://*.www.instagram.com https://www.instagram.com 'unsafe-inline'; connect-src 'self' https://instagram.com https://www.instagram.com https://*.www.instagram.com https://graph.instagram.com https://*.graph.instagram.com https://i.instagram.com/graphql_www https://graphql.instagram.com https://*.cdninstagram.com https://api.instagram.com https://i.instagram.com https://*.i.instagram.com https://*.od.instagram.com wss://www.instagram.com wss://edge-chat.instagram.com https://*.facebook.com https://*.fbcdn.net https://*.facebook.net chrome-extension://boadgeojelhgndaghljhdicfkmllpafd blob:; worker-src 'self' blob: https://www.instagram.com; frame-src 'self' https://instagram.com https://www.instagram.com https://*.instagram.com https://staticxx.facebook.com https://www.facebook.com https://web.facebook.com https://connect.facebook.net https://m.facebook.com; object-src 'none'; upgrade-insecure-requests", 'cross-origin-embedder-policy-report-only': 'require-corp;report-to="coep"', 'report-to': '{"group": "coep", "max_age": 86400, "endpoints": [{"url": "/security/coep_report/"}]},{"group": "coop", "max_age": 86400, "endpoints": [{"url": "/security/coop_report/"}]}', 'origin-trial': 'AuqWincgAuXeuu3KypEMnrrFEJHySaesyJS3EaIH40zvafzrU0Irhb7+5QwZpOqMZrPTjgvFl7Z5jJgy1dNAcQMAAAB6eyJvcmlnaW4iOiJodHRwczovL2luc3RhZ3JhbS5jb206NDQzIiwiZmVhdHVyZSI6IkNyb3NzT3JpZ2luT3BlbmVyUG9saWN5UmVwb3J0aW5nIiwiZXhwaXJ5IjoxNjEzNDExNjYyLCJpc1N1YmRvbWFpbiI6dHJ1ZX0=', 'cross-origin-opener-policy': 'same-origin-allow-popups;report-to="coop"', 'X-Content-Type-Options': 'nosniff', 'X-XSS-Protection': '0', 'x-ig-push-state': 'c2', 'x-aed': '48', 'Access-Control-Expose-Headers': 'X-IG-Set-WWW-Claim', 'x-ig-request-elapsed-time-ms': '203', 'x-ig-peak-time': '0', 'Set-Cookie': 'csrftoken=kusA9B83anC0WnCmULC1wqqsBK2yLOEy; Domain=.instagram.com; expires=Fri, 03-Mar-2023 22:29:42 GMT; Max-Age=31449600; Path=/; Secure, mid=YiKS1gAEAAFLnQ4Q0CGE-qzQ1ysk; Domain=.instagram.com; expires=Sun, 03-Mar-2024 22:29:42 GMT; Max-Age=63072000; Path=/; Secure, ig_did=C4A5214A-F6F6-4B18-BAA1-EDDD7FCE7699; Domain=.instagram.com; expires=Sun, 03-Mar-2024 22:29:42 GMT; HttpOnly; Max-Age=63072000; Path=/; Secure, ig_nrcb=1; Domain=.instagram.com; expires=Sat, 04-Mar-2023 22:29:42 GMT; Max-Age=31536000; Path=/; Secure', 'x-ig-origin-region': 'nao', 'X-FB-TRIP-ID': '1679558926', 'Alt-Svc': 'h3=":443"; ma=86400,h3-29=":443"; ma=86400', 'Connection': 'keep-alive', 'Content-Length': '90781'}
4GavJZoJJm	200	{'Content-Type': 'text/html; charset=utf-8', 'Vary': 'Accept-Language, Cookie, Accept-Encoding', 'Content-Language': 'en', 'Date': 'Fri, 04 Mar 2022 22:34:43 GMT', 'Content-Encoding': 'gzip', 'Strict-Transport-Security': 'max-age=31536000', 'Cache-Control': 'private, no-cache, no-store, must-revalidate', 'Pragma': 'no-cache', 'Expires': 'Sat, 01 Jan 2000 00:00:00 GMT', 'X-Frame-Options': 'SAMEORIGIN', 'content-security-policy': "report-uri https://www.instagram.com/security/csp_report/; default-src 'self' https://www.instagram.com; img-src data: blob: https://*.fbcdn.net https://*.instagram.com https://*.cdninstagram.com https://*.facebook.com https://*.fbsbx.com https://*.giphy.com; font-src data: https://*.fbcdn.net https://*.instagram.com https://*.cdninstagram.com; media-src 'self' blob: https://www.instagram.com https://*.cdninstagram.com https://*.fbcdn.net; manifest-src 'self' https://www.instagram.com; script-src 'self' https://instagram.com https://www.instagram.com https://*.www.instagram.com https://*.cdninstagram.com wss://www.instagram.com https://*.facebook.com https://*.fbcdn.net https://*.facebook.net 'unsafe-inline' 'unsafe-eval' blob:; style-src 'self' https://*.www.instagram.com https://www.instagram.com 'unsafe-inline'; connect-src 'self' https://instagram.com https://www.instagram.com https://*.www.instagram.com https://graph.instagram.com https://*.graph.instagram.com https://i.instagram.com/graphql_www https://graphql.instagram.com https://*.cdninstagram.com https://api.instagram.com https://i.instagram.com https://*.i.instagram.com https://*.od.instagram.com wss://www.instagram.com wss://edge-chat.instagram.com https://*.facebook.com https://*.fbcdn.net https://*.facebook.net chrome-extension://boadgeojelhgndaghljhdicfkmllpafd blob:; worker-src 'self' blob: https://www.instagram.com; frame-src 'self' https://instagram.com https://www.instagram.com https://*.instagram.com https://staticxx.facebook.com https://www.facebook.com https://web.facebook.com https://connect.facebook.net https://m.facebook.com; object-src 'none'; upgrade-insecure-requests", 'origin-trial': 'AuqWincgAuXeuu3KypEMnrrFEJHySaesyJS3EaIH40zvafzrU0Irhb7+5QwZpOqMZrPTjgvFl7Z5jJgy1dNAcQMAAAB6eyJvcmlnaW4iOiJodHRwczovL2luc3RhZ3JhbS5jb206NDQzIiwiZmVhdHVyZSI6IkNyb3NzT3JpZ2luT3BlbmVyUG9saWN5UmVwb3J0aW5nIiwiZXhwaXJ5IjoxNjEzNDExNjYyLCJpc1N1YmRvbWFpbiI6dHJ1ZX0=', 'report-to': '{"group": "coop", "max_age": 86400, "endpoints": [{"url": "/security/coop_report/"}]}', 'cross-origin-opener-policy': 'same-origin-allow-popups;report-to="coop"', 'X-Content-Type-Options': 'nosniff', 'X-XSS-Protection': '0', 'x-ig-push-state': 'c2', 'x-aed': '48', 'Access-Control-Expose-Headers': 'X-IG-Set-WWW-Claim', 'x-ig-request-elapsed-time-ms': '682', 'x-ig-peak-time': '0', 'Set-Cookie': 'csrftoken=ps6ba7W9qOgMEIHr1OvGqy600R92Zh8M; Domain=.instagram.com; expires=Fri, 03-Mar-2023 22:34:43 GMT; Max-Age=31449600; Path=/; Secure, mid=YiKUAwAEAAFtjRgoCUqNd5ZpSZK1; Domain=.instagram.com; expires=Sun, 03-Mar-2024 22:34:43 GMT; Max-Age=63072000; Path=/; Secure, ig_did=79CE94D8-A645-4809-BF04-ED83B1F56473; Domain=.instagram.com; expires=Sun, 03-Mar-2024 22:34:43 GMT; HttpOnly; Max-Age=63072000; Path=/; Secure, ig_nrcb=1; Domain=.instagram.com; expires=Sat, 04-Mar-2023 22:34:43 GMT; Max-Age=31536000; Path=/; Secure', 'x-ig-origin-region': 'nao', 'X-FB-TRIP-ID': '1679558926', 'Alt-Svc': 'h3=":443"; ma=86400,h3-29=":443"; ma=86400', 'Connection': 'keep-alive', 'Content-Length': '35038'}
4Gkp2MxVWm	560	{'Content-Type': 'text/plain', 'Date': 'Sat, 05 Mar 2022 02:39:51 GMT', 'x-ig-origin-region': 'ldc', 'X-FB-TRIP-ID': '1679558926', 'Alt-Svc': 'h3=":443"; ma=86400,h3-29=":443"; ma=86400', 'Connection': 'keep-alive', 'Content-Length': '0'}
4InH5kO6Ol	404	{'Content-Type': 'text/html; charset=utf-8', 'Vary': 'Accept-Language, Cookie', 'Content-Language': 'en', 'Date': 'Sat, 05 Mar 2022 02:44:52 GMT', 'Strict-Transport-Security': 'max-age=31536000', 'Cache-Control': 'private, no-cache, no-store, must-revalidate', 'Pragma': 'no-cache', 'Expires': 'Sat, 01 Jan 2000 00:00:00 GMT', 'X-Frame-Options': 'SAMEORIGIN', 'content-security-policy': "report-uri https://www.instagram.com/security/csp_report/; default-src 'self' https://www.instagram.com; img-src data: blob: https://*.fbcdn.net https://*.instagram.com https://*.cdninstagram.com https://*.facebook.com https://*.fbsbx.com https://*.giphy.com; font-src data: https://*.fbcdn.net https://*.instagram.com https://*.cdninstagram.com; media-src 'self' blob: https://www.instagram.com https://*.cdninstagram.com https://*.fbcdn.net; manifest-src 'self' https://www.instagram.com; script-src 'self' https://instagram.com https://www.instagram.com https://*.www.instagram.com https://*.cdninstagram.com wss://www.instagram.com https://*.facebook.com https://*.fbcdn.net https://*.facebook.net 'unsafe-inline' 'unsafe-eval' blob:; style-src 'self' https://*.www.instagram.com https://www.instagram.com 'unsafe-inline'; connect-src 'self' https://instagram.com https://www.instagram.com https://*.www.instagram.com https://graph.instagram.com https://*.graph.instagram.com https://i.instagram.com/graphql_www https://graphql.instagram.com https://*.cdninstagram.com https://api.instagram.com https://i.instagram.com https://*.i.instagram.com https://*.od.instagram.com wss://www.instagram.com wss://edge-chat.instagram.com https://*.facebook.com https://*.fbcdn.net https://*.facebook.net chrome-extension://boadgeojelhgndaghljhdicfkmllpafd blob:; worker-src 'self' blob: https://www.instagram.com; frame-src 'self' https://instagram.com https://www.instagram.com https://*.instagram.com https://staticxx.facebook.com https://www.facebook.com https://web.facebook.com https://connect.facebook.net https://m.facebook.com; object-src 'none'; upgrade-insecure-requests", 'cross-origin-embedder-policy-report-only': 'require-corp;report-to="coep"', 'report-to': '{"group": "coep", "max_age": 86400, "endpoints": [{"url": "/security/coep_report/"}]},{"group": "coop", "max_age": 86400, "endpoints": [{"url": "/security/coop_report/"}]}', 'origin-trial': 'AuqWincgAuXeuu3KypEMnrrFEJHySaesyJS3EaIH40zvafzrU0Irhb7+5QwZpOqMZrPTjgvFl7Z5jJgy1dNAcQMAAAB6eyJvcmlnaW4iOiJodHRwczovL2luc3RhZ3JhbS5jb206NDQzIiwiZmVhdHVyZSI6IkNyb3NzT3JpZ2luT3BlbmVyUG9saWN5UmVwb3J0aW5nIiwiZXhwaXJ5IjoxNjEzNDExNjYyLCJpc1N1YmRvbWFpbiI6dHJ1ZX0=', 'cross-origin-opener-policy': 'same-origin-allow-popups;report-to="coop"', 'X-Content-Type-Options': 'nosniff', 'X-XSS-Protection': '0', 'x-ig-push-state': 'c2', 'x-aed': '48', 'Access-Control-Expose-Headers': 'X-IG-Set-WWW-Claim', 'x-ig-request-elapsed-time-ms': '131', 'x-ig-peak-time': '0', 'Set-Cookie': 'csrftoken=N0XvBgujh9jCfQUj0hoNkg86QNmVxFUL; Domain=.instagram.com; expires=Sat, 04-Mar-2023 02:44:52 GMT; Max-Age=31449600; Path=/; Secure, mid=YiLOpAAEAAHGuYnK1yHDbiqyRPsj; Domain=.instagram.com; expires=Mon, 04-Mar-2024 02:44:52 GMT; Max-Age=63072000; Path=/; Secure, ig_did=B6994EC7-0A70-436A-BEBE-55C69A73EED2; Domain=.instagram.com; expires=Mon, 04-Mar-2024 02:44:52 GMT; HttpOnly; Max-Age=63072000; Path=/; Secure, ig_nrcb=1; Domain=.instagram.com; expires=Sun, 05-Mar-2023 02:44:52 GMT; Max-Age=31536000; Path=/; Secure', 'x-ig-origin-region': 'ldc', 'X-FB-TRIP-ID': '1679558926', 'Alt-Svc': 'h3=":443"; ma=86400,h3-29=":443"; ma=86400', 'Connection': 'keep-alive', 'Content-Length': '90780'}
4J6O5AMyCv	200	{'Content-Type': 'text/html; charset=utf-8', 'Vary': 'Accept-Language, Cookie, Accept-Encoding', 'Content-Language': 'en', 'Date': 'Sat, 05 Mar 2022 02:49:53 GMT', 'Content-Encoding': 'gzip', 'Strict-Transport-Security': 'max-age=31536000', 'Cache-Control': 'private, no-cache, no-store, must-revalidate', 'Pragma': 'no-cache', 'Expires': 'Sat, 01 Jan 2000 00:00:00 GMT', 'X-Frame-Options': 'SAMEORIGIN', 'content-security-policy': "report-uri https://www.instagram.com/security/csp_report/; default-src 'self' https://www.instagram.com; img-src data: blob: https://*.fbcdn.net https://*.instagram.com https://*.cdninstagram.com https://*.facebook.com https://*.fbsbx.com https://*.giphy.com; font-src data: https://*.fbcdn.net https://*.instagram.com https://*.cdninstagram.com; media-src 'self' blob: https://www.instagram.com https://*.cdninstagram.com https://*.fbcdn.net; manifest-src 'self' https://www.instagram.com; script-src 'self' https://instagram.com https://www.instagram.com https://*.www.instagram.com https://*.cdninstagram.com wss://www.instagram.com https://*.facebook.com https://*.fbcdn.net https://*.facebook.net 'unsafe-inline' 'unsafe-eval' blob:; style-src 'self' https://*.www.instagram.com https://www.instagram.com 'unsafe-inline'; connect-src 'self' https://instagram.com https://www.instagram.com https://*.www.instagram.com https://graph.instagram.com https://*.graph.instagram.com https://i.instagram.com/graphql_www https://graphql.instagram.com https://*.cdninstagram.com https://api.instagram.com https://i.instagram.com https://*.i.instagram.com https://*.od.instagram.com wss://www.instagram.com wss://edge-chat.instagram.com https://*.facebook.com https://*.fbcdn.net https://*.facebook.net chrome-extension://boadgeojelhgndaghljhdicfkmllpafd blob:; worker-src 'self' blob: https://www.instagram.com; frame-src 'self' https://instagram.com https://www.instagram.com https://*.instagram.com https://staticxx.facebook.com https://www.facebook.com https://web.facebook.com https://connect.facebook.net https://m.facebook.com; object-src 'none'; upgrade-insecure-requests", 'origin-trial': 'AuqWincgAuXeuu3KypEMnrrFEJHySaesyJS3EaIH40zvafzrU0Irhb7+5QwZpOqMZrPTjgvFl7Z5jJgy1dNAcQMAAAB6eyJvcmlnaW4iOiJodHRwczovL2luc3RhZ3JhbS5jb206NDQzIiwiZmVhdHVyZSI6IkNyb3NzT3JpZ2luT3BlbmVyUG9saWN5UmVwb3J0aW5nIiwiZXhwaXJ5IjoxNjEzNDExNjYyLCJpc1N1YmRvbWFpbiI6dHJ1ZX0=', 'report-to': '{"group": "coop", "max_age": 86400, "endpoints": [{"url": "/security/coop_report/"}]}', 'cross-origin-opener-policy': 'same-origin-allow-popups;report-to="coop"', 'X-Content-Type-Options': 'nosniff', 'X-XSS-Protection': '0', 'x-ig-push-state': 'c2', 'x-aed': '48', 'Access-Control-Expose-Headers': 'X-IG-Set-WWW-Claim', 'x-ig-request-elapsed-time-ms': '264', 'x-ig-peak-time': '0', 'Set-Cookie': 'csrftoken=e7ycQ3oXcvFd7NkRAn3tcL9j9Dl0gDBs; Domain=.instagram.com; expires=Sat, 04-Mar-2023 02:49:53 GMT; Max-Age=31449600; Path=/; Secure, mid=YiLP0QAEAAGWxWYfStoNYYvvhSvm; Domain=.instagram.com; expires=Mon, 04-Mar-2024 02:49:53 GMT; Max-Age=63072000; Path=/; Secure, ig_did=0C14B22C-1699-4EAA-93CA-A826D88A61F6; Domain=.instagram.com; expires=Mon, 04-Mar-2024 02:49:53 GMT; HttpOnly; Max-Age=63072000; Path=/; Secure, ig_nrcb=1; Domain=.instagram.com; expires=Sun, 05-Mar-2023 02:49:53 GMT; Max-Age=31536000; Path=/; Secure', 'x-ig-origin-region': 'ldc', 'X-FB-TRIP-ID': '1679558926', 'Alt-Svc': 'h3=":443"; ma=86400,h3-29=":443"; ma=86400', 'Connection': 'keep-alive', 'Content-Length': '29872'}
4jpBZfIuuy	404	{'Content-Type': 'text/html; charset=utf-8', 'Vary': 'Accept-Language, Cookie', 'Content-Language': 'en', 'Date': 'Sat, 05 Mar 2022 02:54:54 GMT', 'Strict-Transport-Security': 'max-age=31536000', 'Cache-Control': 'private, no-cache, no-store, must-revalidate', 'Pragma': 'no-cache', 'Expires': 'Sat, 01 Jan 2000 00:00:00 GMT', 'X-Frame-Options': 'SAMEORIGIN', 'content-security-policy': "report-uri https://www.instagram.com/security/csp_report/; default-src 'self' https://www.instagram.com; img-src data: blob: https://*.fbcdn.net https://*.instagram.com https://*.cdninstagram.com https://*.facebook.com https://*.fbsbx.com https://*.giphy.com; font-src data: https://*.fbcdn.net https://*.instagram.com https://*.cdninstagram.com; media-src 'self' blob: https://www.instagram.com https://*.cdninstagram.com https://*.fbcdn.net; manifest-src 'self' https://www.instagram.com; script-src 'self' https://instagram.com https://www.instagram.com https://*.www.instagram.com https://*.cdninstagram.com wss://www.instagram.com https://*.facebook.com https://*.fbcdn.net https://*.facebook.net 'unsafe-inline' 'unsafe-eval' blob:; style-src 'self' https://*.www.instagram.com https://www.instagram.com 'unsafe-inline'; connect-src 'self' https://instagram.com https://www.instagram.com https://*.www.instagram.com https://graph.instagram.com https://*.graph.instagram.com https://i.instagram.com/graphql_www https://graphql.instagram.com https://*.cdninstagram.com https://api.instagram.com https://i.instagram.com https://*.i.instagram.com https://*.od.instagram.com wss://www.instagram.com wss://edge-chat.instagram.com https://*.facebook.com https://*.fbcdn.net https://*.facebook.net chrome-extension://boadgeojelhgndaghljhdicfkmllpafd blob:; worker-src 'self' blob: https://www.instagram.com; frame-src 'self' https://instagram.com https://www.instagram.com https://*.instagram.com https://staticxx.facebook.com https://www.facebook.com https://web.facebook.com https://connect.facebook.net https://m.facebook.com; object-src 'none'; upgrade-insecure-requests", 'cross-origin-embedder-policy-report-only': 'require-corp;report-to="coep"', 'report-to': '{"group": "coep", "max_age": 86400, "endpoints": [{"url": "/security/coep_report/"}]},{"group": "coop", "max_age": 86400, "endpoints": [{"url": "/security/coop_report/"}]}', 'origin-trial': 'AuqWincgAuXeuu3KypEMnrrFEJHySaesyJS3EaIH40zvafzrU0Irhb7+5QwZpOqMZrPTjgvFl7Z5jJgy1dNAcQMAAAB6eyJvcmlnaW4iOiJodHRwczovL2luc3RhZ3JhbS5jb206NDQzIiwiZmVhdHVyZSI6IkNyb3NzT3JpZ2luT3BlbmVyUG9saWN5UmVwb3J0aW5nIiwiZXhwaXJ5IjoxNjEzNDExNjYyLCJpc1N1YmRvbWFpbiI6dHJ1ZX0=', 'cross-origin-opener-policy': 'same-origin-allow-popups;report-to="coop"', 'X-Content-Type-Options': 'nosniff', 'X-XSS-Protection': '0', 'x-ig-push-state': 'c2', 'x-aed': '48', 'Access-Control-Expose-Headers': 'X-IG-Set-WWW-Claim', 'x-ig-request-elapsed-time-ms': '103', 'x-ig-peak-time': '0', 'Set-Cookie': 'csrftoken=1IfWnmgnAeLLBnaMDp6NPL5WJa7pHxpR; Domain=.instagram.com; expires=Sat, 04-Mar-2023 02:54:54 GMT; Max-Age=31449600; Path=/; Secure, mid=YiLQ_gAEAAFYZcm5OULgDBYJf-xT; Domain=.instagram.com; expires=Mon, 04-Mar-2024 02:54:54 GMT; Max-Age=63072000; Path=/; Secure, ig_did=EC357D16-0A64-48F7-B196-78E5D6368DB8; Domain=.instagram.com; expires=Mon, 04-Mar-2024 02:54:54 GMT; HttpOnly; Max-Age=63072000; Path=/; Secure, ig_nrcb=1; Domain=.instagram.com; expires=Sun, 05-Mar-2023 02:54:54 GMT; Max-Age=31536000; Path=/; Secure', 'x-ig-origin-region': 'ldc', 'X-FB-TRIP-ID': '1679558926', 'Alt-Svc': 'h3=":443"; ma=86400,h3-29=":443"; ma=86400', 'Connection': 'keep-alive', 'Content-Length': '90819'}
4JwIf6o5IE	200	{'Content-Type': 'text/html; charset=utf-8', 'Vary': 'Accept-Language, Cookie, Accept-Encoding', 'Content-Language': 'en', 'Date': 'Sat, 05 Mar 2022 03:59:56 GMT', 'Content-Encoding': 'gzip', 'Strict-Transport-Security': 'max-age=31536000', 'Cache-Control': 'private, no-cache, no-store, must-revalidate', 'Pragma': 'no-cache', 'Expires': 'Sat, 01 Jan 2000 00:00:00 GMT', 'X-Frame-Options': 'SAMEORIGIN', 'content-security-policy': "report-uri https://www.instagram.com/security/csp_report/; default-src 'self' https://www.instagram.com; img-src data: blob: https://*.fbcdn.net https://*.instagram.com https://*.cdninstagram.com https://*.facebook.com https://*.fbsbx.com https://*.giphy.com; font-src data: https://*.fbcdn.net https://*.instagram.com https://*.cdninstagram.com; media-src 'self' blob: https://www.instagram.com https://*.cdninstagram.com https://*.fbcdn.net; manifest-src 'self' https://www.instagram.com; script-src 'self' https://instagram.com https://www.instagram.com https://*.www.instagram.com https://*.cdninstagram.com wss://www.instagram.com https://*.facebook.com https://*.fbcdn.net https://*.facebook.net 'unsafe-inline' 'unsafe-eval' blob:; style-src 'self' https://*.www.instagram.com https://www.instagram.com 'unsafe-inline'; connect-src 'self' https://instagram.com https://www.instagram.com https://*.www.instagram.com https://graph.instagram.com https://*.graph.instagram.com https://i.instagram.com/graphql_www https://graphql.instagram.com https://*.cdninstagram.com https://api.instagram.com https://i.instagram.com https://*.i.instagram.com https://*.od.instagram.com wss://www.instagram.com wss://edge-chat.instagram.com https://*.facebook.com https://*.fbcdn.net https://*.facebook.net chrome-extension://boadgeojelhgndaghljhdicfkmllpafd blob:; worker-src 'self' blob: https://www.instagram.com; frame-src 'self' https://instagram.com https://www.instagram.com https://*.instagram.com https://staticxx.facebook.com https://www.facebook.com https://web.facebook.com https://connect.facebook.net https://m.facebook.com; object-src 'none'; upgrade-insecure-requests", 'origin-trial': 'AuqWincgAuXeuu3KypEMnrrFEJHySaesyJS3EaIH40zvafzrU0Irhb7+5QwZpOqMZrPTjgvFl7Z5jJgy1dNAcQMAAAB6eyJvcmlnaW4iOiJodHRwczovL2luc3RhZ3JhbS5jb206NDQzIiwiZmVhdHVyZSI6IkNyb3NzT3JpZ2luT3BlbmVyUG9saWN5UmVwb3J0aW5nIiwiZXhwaXJ5IjoxNjEzNDExNjYyLCJpc1N1YmRvbWFpbiI6dHJ1ZX0=', 'report-to': '{"group": "coop", "max_age": 86400, "endpoints": [{"url": "/security/coop_report/"}]}', 'cross-origin-opener-policy': 'same-origin-allow-popups;report-to="coop"', 'X-Content-Type-Options': 'nosniff', 'X-XSS-Protection': '0', 'x-ig-push-state': 'c2', 'x-aed': '48', 'Access-Control-Expose-Headers': 'X-IG-Set-WWW-Claim', 'x-ig-request-elapsed-time-ms': '495', 'x-ig-peak-time': '0', 'Set-Cookie': 'csrftoken=RagogrTh8V8c3MYS8m8OnqflhwZlFJsQ; Domain=.instagram.com; expires=Sat, 04-Mar-2023 03:59:56 GMT; Max-Age=31449600; Path=/; Secure, mid=YiLgOwAEAAG-8iz9sSvc39RCb9Rv; Domain=.instagram.com; expires=Mon, 04-Mar-2024 03:59:56 GMT; Max-Age=63072000; Path=/; Secure, ig_did=EC7116EF-6B69-42D8-B819-9E8B06DC2AD2; Domain=.instagram.com; expires=Mon, 04-Mar-2024 03:59:56 GMT; HttpOnly; Max-Age=63072000; Path=/; Secure, ig_nrcb=1; Domain=.instagram.com; expires=Sun, 05-Mar-2023 03:59:56 GMT; Max-Age=31536000; Path=/; Secure', 'x-ig-origin-region': 'ncg', 'X-FB-TRIP-ID': '1679558926', 'Alt-Svc': 'h3=":443"; ma=86400,h3-29=":443"; ma=86400', 'Connection': 'keep-alive', 'Content-Length': '34161'}
4lonh9BCLa	200	{'Content-Type': 'text/html; charset=utf-8', 'Vary': 'Accept-Language, Cookie, Accept-Encoding', 'Content-Language': 'en', 'Date': 'Sat, 05 Mar 2022 04:04:57 GMT', 'Content-Encoding': 'gzip', 'Strict-Transport-Security': 'max-age=31536000', 'Cache-Control': 'private, no-cache, no-store, must-revalidate', 'Pragma': 'no-cache', 'Expires': 'Sat, 01 Jan 2000 00:00:00 GMT', 'X-Frame-Options': 'SAMEORIGIN', 'content-security-policy': "report-uri https://www.instagram.com/security/csp_report/; default-src 'self' https://www.instagram.com; img-src data: blob: https://*.fbcdn.net https://*.instagram.com https://*.cdninstagram.com https://*.facebook.com https://*.fbsbx.com https://*.giphy.com; font-src data: https://*.fbcdn.net https://*.instagram.com https://*.cdninstagram.com; media-src 'self' blob: https://www.instagram.com https://*.cdninstagram.com https://*.fbcdn.net; manifest-src 'self' https://www.instagram.com; script-src 'self' https://instagram.com https://www.instagram.com https://*.www.instagram.com https://*.cdninstagram.com wss://www.instagram.com https://*.facebook.com https://*.fbcdn.net https://*.facebook.net 'unsafe-inline' 'unsafe-eval' blob:; style-src 'self' https://*.www.instagram.com https://www.instagram.com 'unsafe-inline'; connect-src 'self' https://instagram.com https://www.instagram.com https://*.www.instagram.com https://graph.instagram.com https://*.graph.instagram.com https://i.instagram.com/graphql_www https://graphql.instagram.com https://*.cdninstagram.com https://api.instagram.com https://i.instagram.com https://*.i.instagram.com https://*.od.instagram.com wss://www.instagram.com wss://edge-chat.instagram.com https://*.facebook.com https://*.fbcdn.net https://*.facebook.net chrome-extension://boadgeojelhgndaghljhdicfkmllpafd blob:; worker-src 'self' blob: https://www.instagram.com; frame-src 'self' https://instagram.com https://www.instagram.com https://*.instagram.com https://staticxx.facebook.com https://www.facebook.com https://web.facebook.com https://connect.facebook.net https://m.facebook.com; object-src 'none'; upgrade-insecure-requests", 'origin-trial': 'AuqWincgAuXeuu3KypEMnrrFEJHySaesyJS3EaIH40zvafzrU0Irhb7+5QwZpOqMZrPTjgvFl7Z5jJgy1dNAcQMAAAB6eyJvcmlnaW4iOiJodHRwczovL2luc3RhZ3JhbS5jb206NDQzIiwiZmVhdHVyZSI6IkNyb3NzT3JpZ2luT3BlbmVyUG9saWN5UmVwb3J0aW5nIiwiZXhwaXJ5IjoxNjEzNDExNjYyLCJpc1N1YmRvbWFpbiI6dHJ1ZX0=', 'report-to': '{"group": "coop", "max_age": 86400, "endpoints": [{"url": "/security/coop_report/"}]}', 'cross-origin-opener-policy': 'same-origin-allow-popups;report-to="coop"', 'X-Content-Type-Options': 'nosniff', 'X-XSS-Protection': '0', 'x-ig-push-state': 'c2', 'x-aed': '48', 'Access-Control-Expose-Headers': 'X-IG-Set-WWW-Claim', 'x-ig-request-elapsed-time-ms': '329', 'x-ig-peak-time': '0', 'Set-Cookie': 'csrftoken=Ki0znBNt8h3Zy3i7lolVFjdzFfggXzHv; Domain=.instagram.com; expires=Sat, 04-Mar-2023 04:04:57 GMT; Max-Age=31449600; Path=/; Secure, mid=YiLhaAAEAAEZz8IzsvWv08pMaH5E; Domain=.instagram.com; expires=Mon, 04-Mar-2024 04:04:57 GMT; Max-Age=63072000; Path=/; Secure, ig_did=87868AF7-C33B-4F16-8C03-D34D864E5C4C; Domain=.instagram.com; expires=Mon, 04-Mar-2024 04:04:57 GMT; HttpOnly; Max-Age=63072000; Path=/; Secure, ig_nrcb=1; Domain=.instagram.com; expires=Sun, 05-Mar-2023 04:04:57 GMT; Max-Age=31536000; Path=/; Secure', 'x-ig-origin-region': 'ncg', 'X-FB-TRIP-ID': '1679558926', 'Alt-Svc': 'h3=":443"; ma=86400,h3-29=":443"; ma=86400', 'Connection': 'keep-alive', 'Content-Length': '30861'}
4muenggDlF	200	{'Content-Type': 'text/html; charset=utf-8', 'Vary': 'Accept-Language, Cookie, Accept-Encoding', 'Content-Language': 'en', 'Date': 'Sat, 05 Mar 2022 04:09:58 GMT', 'Content-Encoding': 'gzip', 'Strict-Transport-Security': 'max-age=31536000', 'Cache-Control': 'private, no-cache, no-store, must-revalidate', 'Pragma': 'no-cache', 'Expires': 'Sat, 01 Jan 2000 00:00:00 GMT', 'X-Frame-Options': 'SAMEORIGIN', 'content-security-policy': "report-uri https://www.instagram.com/security/csp_report/; default-src 'self' https://www.instagram.com; img-src data: blob: https://*.fbcdn.net https://*.instagram.com https://*.cdninstagram.com https://*.facebook.com https://*.fbsbx.com https://*.giphy.com; font-src data: https://*.fbcdn.net https://*.instagram.com https://*.cdninstagram.com; media-src 'self' blob: https://www.instagram.com https://*.cdninstagram.com https://*.fbcdn.net; manifest-src 'self' https://www.instagram.com; script-src 'self' https://instagram.com https://www.instagram.com https://*.www.instagram.com https://*.cdninstagram.com wss://www.instagram.com https://*.facebook.com https://*.fbcdn.net https://*.facebook.net 'unsafe-inline' 'unsafe-eval' blob:; style-src 'self' https://*.www.instagram.com https://www.instagram.com 'unsafe-inline'; connect-src 'self' https://instagram.com https://www.instagram.com https://*.www.instagram.com https://graph.instagram.com https://*.graph.instagram.com https://i.instagram.com/graphql_www https://graphql.instagram.com https://*.cdninstagram.com https://api.instagram.com https://i.instagram.com https://*.i.instagram.com https://*.od.instagram.com wss://www.instagram.com wss://edge-chat.instagram.com https://*.facebook.com https://*.fbcdn.net https://*.facebook.net chrome-extension://boadgeojelhgndaghljhdicfkmllpafd blob:; worker-src 'self' blob: https://www.instagram.com; frame-src 'self' https://instagram.com https://www.instagram.com https://*.instagram.com https://staticxx.facebook.com https://www.facebook.com https://web.facebook.com https://connect.facebook.net https://m.facebook.com; object-src 'none'; upgrade-insecure-requests", 'origin-trial': 'AuqWincgAuXeuu3KypEMnrrFEJHySaesyJS3EaIH40zvafzrU0Irhb7+5QwZpOqMZrPTjgvFl7Z5jJgy1dNAcQMAAAB6eyJvcmlnaW4iOiJodHRwczovL2luc3RhZ3JhbS5jb206NDQzIiwiZmVhdHVyZSI6IkNyb3NzT3JpZ2luT3BlbmVyUG9saWN5UmVwb3J0aW5nIiwiZXhwaXJ5IjoxNjEzNDExNjYyLCJpc1N1YmRvbWFpbiI6dHJ1ZX0=', 'report-to': '{"group": "coop", "max_age": 86400, "endpoints": [{"url": "/security/coop_report/"}]}', 'cross-origin-opener-policy': 'same-origin-allow-popups;report-to="coop"', 'X-Content-Type-Options': 'nosniff', 'X-XSS-Protection': '0', 'x-ig-push-state': 'c2', 'x-aed': '48', 'Access-Control-Expose-Headers': 'X-IG-Set-WWW-Claim', 'x-ig-request-elapsed-time-ms': '689', 'x-ig-peak-time': '0', 'Set-Cookie': 'csrftoken=lMDMCh5lpkd83dkdLnOcagjL2VCgyMLX; Domain=.instagram.com; expires=Sat, 04-Mar-2023 04:09:58 GMT; Max-Age=31449600; Path=/; Secure, mid=YiLilQAEAAG_LfFCt2ZzNMt-xWtj; Domain=.instagram.com; expires=Mon, 04-Mar-2024 04:09:58 GMT; Max-Age=63072000; Path=/; Secure, ig_did=50E9E823-EAD7-4D05-A442-2893A4436893; Domain=.instagram.com; expires=Mon, 04-Mar-2024 04:09:58 GMT; HttpOnly; Max-Age=63072000; Path=/; Secure, ig_nrcb=1; Domain=.instagram.com; expires=Sun, 05-Mar-2023 04:09:58 GMT; Max-Age=31536000; Path=/; Secure', 'x-ig-origin-region': 'ncg', 'X-FB-TRIP-ID': '1679558926', 'Alt-Svc': 'h3=":443"; ma=86400,h3-29=":443"; ma=86400', 'Connection': 'keep-alive', 'Content-Length': '30490'}
4MYpsID3qT	200	{'Content-Type': 'text/html; charset=utf-8', 'Vary': 'Accept-Language, Cookie, Accept-Encoding', 'Content-Language': 'en', 'Date': 'Sat, 05 Mar 2022 04:14:59 GMT', 'Content-Encoding': 'gzip', 'Strict-Transport-Security': 'max-age=31536000', 'Cache-Control': 'private, no-cache, no-store, must-revalidate', 'Pragma': 'no-cache', 'Expires': 'Sat, 01 Jan 2000 00:00:00 GMT', 'X-Frame-Options': 'SAMEORIGIN', 'content-security-policy': "report-uri https://www.instagram.com/security/csp_report/; default-src 'self' https://www.instagram.com; img-src data: blob: https://*.fbcdn.net https://*.instagram.com https://*.cdninstagram.com https://*.facebook.com https://*.fbsbx.com https://*.giphy.com; font-src data: https://*.fbcdn.net https://*.instagram.com https://*.cdninstagram.com; media-src 'self' blob: https://www.instagram.com https://*.cdninstagram.com https://*.fbcdn.net; manifest-src 'self' https://www.instagram.com; script-src 'self' https://instagram.com https://www.instagram.com https://*.www.instagram.com https://*.cdninstagram.com wss://www.instagram.com https://*.facebook.com https://*.fbcdn.net https://*.facebook.net 'unsafe-inline' 'unsafe-eval' blob:; style-src 'self' https://*.www.instagram.com https://www.instagram.com 'unsafe-inline'; connect-src 'self' https://instagram.com https://www.instagram.com https://*.www.instagram.com https://graph.instagram.com https://*.graph.instagram.com https://i.instagram.com/graphql_www https://graphql.instagram.com https://*.cdninstagram.com https://api.instagram.com https://i.instagram.com https://*.i.instagram.com https://*.od.instagram.com wss://www.instagram.com wss://edge-chat.instagram.com https://*.facebook.com https://*.fbcdn.net https://*.facebook.net chrome-extension://boadgeojelhgndaghljhdicfkmllpafd blob:; worker-src 'self' blob: https://www.instagram.com; frame-src 'self' https://instagram.com https://www.instagram.com https://*.instagram.com https://staticxx.facebook.com https://www.facebook.com https://web.facebook.com https://connect.facebook.net https://m.facebook.com; object-src 'none'; upgrade-insecure-requests", 'origin-trial': 'AuqWincgAuXeuu3KypEMnrrFEJHySaesyJS3EaIH40zvafzrU0Irhb7+5QwZpOqMZrPTjgvFl7Z5jJgy1dNAcQMAAAB6eyJvcmlnaW4iOiJodHRwczovL2luc3RhZ3JhbS5jb206NDQzIiwiZmVhdHVyZSI6IkNyb3NzT3JpZ2luT3BlbmVyUG9saWN5UmVwb3J0aW5nIiwiZXhwaXJ5IjoxNjEzNDExNjYyLCJpc1N1YmRvbWFpbiI6dHJ1ZX0=', 'report-to': '{"group": "coop", "max_age": 86400, "endpoints": [{"url": "/security/coop_report/"}]}', 'cross-origin-opener-policy': 'same-origin-allow-popups;report-to="coop"', 'X-Content-Type-Options': 'nosniff', 'X-XSS-Protection': '0', 'x-ig-push-state': 'c2', 'x-aed': '48', 'Access-Control-Expose-Headers': 'X-IG-Set-WWW-Claim', 'x-ig-request-elapsed-time-ms': '977', 'x-ig-peak-time': '0', 'Set-Cookie': 'csrftoken=wuU0uUy6qskH1PrK5ykzF1CODsrU3vjY; Domain=.instagram.com; expires=Sat, 04-Mar-2023 04:14:59 GMT; Max-Age=31449600; Path=/; Secure, mid=YiLjwgAEAAFqfezGl173VdDjIUe6; Domain=.instagram.com; expires=Mon, 04-Mar-2024 04:14:59 GMT; Max-Age=63072000; Path=/; Secure, ig_did=4755AE47-9B20-4664-8A24-3A2AF1148080; Domain=.instagram.com; expires=Mon, 04-Mar-2024 04:14:59 GMT; HttpOnly; Max-Age=63072000; Path=/; Secure, ig_nrcb=1; Domain=.instagram.com; expires=Sun, 05-Mar-2023 04:14:59 GMT; Max-Age=31536000; Path=/; Secure', 'x-ig-origin-region': 'ncg', 'X-FB-TRIP-ID': '1679558926', 'Alt-Svc': 'h3=":443"; ma=86400,h3-29=":443"; ma=86400', 'Connection': 'keep-alive', 'Content-Length': '30007'}
4Pki0vvdS3	404	{'Content-Type': 'text/html; charset=utf-8', 'Vary': 'Accept-Language, Cookie', 'Content-Language': 'en', 'Date': 'Sun, 06 Mar 2022 20:32:10 GMT', 'Strict-Transport-Security': 'max-age=31536000', 'Cache-Control': 'private, no-cache, no-store, must-revalidate', 'Pragma': 'no-cache', 'Expires': 'Sat, 01 Jan 2000 00:00:00 GMT', 'X-Frame-Options': 'SAMEORIGIN', 'content-security-policy': "report-uri https://www.instagram.com/security/csp_report/; default-src 'self' https://www.instagram.com; img-src data: blob: https://*.fbcdn.net https://*.instagram.com https://*.cdninstagram.com https://*.facebook.com https://*.fbsbx.com https://*.giphy.com; font-src data: https://*.fbcdn.net https://*.instagram.com https://*.cdninstagram.com; media-src 'self' blob: https://www.instagram.com https://*.cdninstagram.com https://*.fbcdn.net; manifest-src 'self' https://www.instagram.com; script-src 'self' https://instagram.com https://www.instagram.com https://*.www.instagram.com https://*.cdninstagram.com wss://www.instagram.com https://*.facebook.com https://*.fbcdn.net https://*.facebook.net 'unsafe-inline' 'unsafe-eval' blob:; style-src 'self' https://*.www.instagram.com https://www.instagram.com 'unsafe-inline'; connect-src 'self' https://instagram.com https://www.instagram.com https://*.www.instagram.com https://graph.instagram.com https://*.graph.instagram.com https://i.instagram.com/graphql_www https://graphql.instagram.com https://*.cdninstagram.com https://api.instagram.com https://i.instagram.com https://*.i.instagram.com https://*.od.instagram.com wss://www.instagram.com wss://edge-chat.instagram.com https://*.facebook.com https://*.fbcdn.net https://*.facebook.net chrome-extension://boadgeojelhgndaghljhdicfkmllpafd blob:; worker-src 'self' blob: https://www.instagram.com; frame-src 'self' https://instagram.com https://www.instagram.com https://*.instagram.com https://staticxx.facebook.com https://www.facebook.com https://web.facebook.com https://connect.facebook.net https://m.facebook.com; object-src 'none'; upgrade-insecure-requests", 'cross-origin-embedder-policy-report-only': 'require-corp;report-to="coep"', 'report-to': '{"group": "coep", "max_age": 86400, "endpoints": [{"url": "/security/coep_report/"}]},{"group": "coop", "max_age": 86400, "endpoints": [{"url": "/security/coop_report/"}]}', 'origin-trial': 'AuqWincgAuXeuu3KypEMnrrFEJHySaesyJS3EaIH40zvafzrU0Irhb7+5QwZpOqMZrPTjgvFl7Z5jJgy1dNAcQMAAAB6eyJvcmlnaW4iOiJodHRwczovL2luc3RhZ3JhbS5jb206NDQzIiwiZmVhdHVyZSI6IkNyb3NzT3JpZ2luT3BlbmVyUG9saWN5UmVwb3J0aW5nIiwiZXhwaXJ5IjoxNjEzNDExNjYyLCJpc1N1YmRvbWFpbiI6dHJ1ZX0=', 'cross-origin-opener-policy': 'same-origin-allow-popups;report-to="coop"', 'X-Content-Type-Options': 'nosniff', 'X-XSS-Protection': '0', 'x-ig-push-state': 'c2', 'x-aed': '48', 'Access-Control-Expose-Headers': 'X-IG-Set-WWW-Claim', 'x-ig-request-elapsed-time-ms': '815', 'x-ig-peak-time': '1', 'Set-Cookie': 'csrftoken=Dxxce0R4aRT06O4vuMdEJzT0xmGC5688; Domain=.instagram.com; expires=Sun, 05-Mar-2023 20:32:10 GMT; Max-Age=31449600; Path=/; Secure, mid=YiUaSgAEAAEb0c81jGU7XbIIfbQw; Domain=.instagram.com; expires=Tue, 05-Mar-2024 20:32:10 GMT; Max-Age=63072000; Path=/; Secure, ig_did=1608F13D-6A4E-48AB-ABCC-7EC65B85F38B; Domain=.instagram.com; expires=Tue, 05-Mar-2024 20:32:10 GMT; HttpOnly; Max-Age=63072000; Path=/; Secure, ig_nrcb=1; Domain=.instagram.com; expires=Mon, 06-Mar-2023 20:32:10 GMT; Max-Age=31536000; Path=/; Secure', 'x-ig-origin-region': 'atn', 'X-FB-TRIP-ID': '1679558926', 'Alt-Svc': 'h3=":443"; ma=86400,h3-29=":443"; ma=86400', 'Connection': 'keep-alive', 'Content-Length': '90856'}
4PrMVgACBB	404	{'Content-Type': 'text/html; charset=utf-8', 'Vary': 'Accept-Language, Cookie', 'Content-Language': 'en', 'Date': 'Sun, 06 Mar 2022 22:37:11 GMT', 'Strict-Transport-Security': 'max-age=31536000', 'Cache-Control': 'private, no-cache, no-store, must-revalidate', 'Pragma': 'no-cache', 'Expires': 'Sat, 01 Jan 2000 00:00:00 GMT', 'X-Frame-Options': 'SAMEORIGIN', 'content-security-policy': "report-uri https://www.instagram.com/security/csp_report/; default-src 'self' https://www.instagram.com; img-src data: blob: https://*.fbcdn.net https://*.instagram.com https://*.cdninstagram.com https://*.facebook.com https://*.fbsbx.com https://*.giphy.com; font-src data: https://*.fbcdn.net https://*.instagram.com https://*.cdninstagram.com; media-src 'self' blob: https://www.instagram.com https://*.cdninstagram.com https://*.fbcdn.net; manifest-src 'self' https://www.instagram.com; script-src 'self' https://instagram.com https://www.instagram.com https://*.www.instagram.com https://*.cdninstagram.com wss://www.instagram.com https://*.facebook.com https://*.fbcdn.net https://*.facebook.net 'unsafe-inline' 'unsafe-eval' blob:; style-src 'self' https://*.www.instagram.com https://www.instagram.com 'unsafe-inline'; connect-src 'self' https://instagram.com https://www.instagram.com https://*.www.instagram.com https://graph.instagram.com https://*.graph.instagram.com https://i.instagram.com/graphql_www https://graphql.instagram.com https://*.cdninstagram.com https://api.instagram.com https://i.instagram.com https://*.i.instagram.com https://*.od.instagram.com wss://www.instagram.com wss://edge-chat.instagram.com https://*.facebook.com https://*.fbcdn.net https://*.facebook.net chrome-extension://boadgeojelhgndaghljhdicfkmllpafd blob:; worker-src 'self' blob: https://www.instagram.com; frame-src 'self' https://instagram.com https://www.instagram.com https://*.instagram.com https://staticxx.facebook.com https://www.facebook.com https://web.facebook.com https://connect.facebook.net https://m.facebook.com; object-src 'none'; upgrade-insecure-requests", 'cross-origin-embedder-policy-report-only': 'require-corp;report-to="coep"', 'report-to': '{"group": "coep", "max_age": 86400, "endpoints": [{"url": "/security/coep_report/"}]},{"group": "coop", "max_age": 86400, "endpoints": [{"url": "/security/coop_report/"}]}', 'origin-trial': 'AuqWincgAuXeuu3KypEMnrrFEJHySaesyJS3EaIH40zvafzrU0Irhb7+5QwZpOqMZrPTjgvFl7Z5jJgy1dNAcQMAAAB6eyJvcmlnaW4iOiJodHRwczovL2luc3RhZ3JhbS5jb206NDQzIiwiZmVhdHVyZSI6IkNyb3NzT3JpZ2luT3BlbmVyUG9saWN5UmVwb3J0aW5nIiwiZXhwaXJ5IjoxNjEzNDExNjYyLCJpc1N1YmRvbWFpbiI6dHJ1ZX0=', 'cross-origin-opener-policy': 'same-origin-allow-popups;report-to="coop"', 'X-Content-Type-Options': 'nosniff', 'X-XSS-Protection': '0', 'x-ig-push-state': 'c2', 'x-aed': '48', 'Access-Control-Expose-Headers': 'X-IG-Set-WWW-Claim', 'x-ig-request-elapsed-time-ms': '156', 'x-ig-peak-time': '0', 'Set-Cookie': 'csrftoken=MF3Vsj2wIbQy3G7L1Uw9hXODp614ogI7; Domain=.instagram.com; expires=Sun, 05-Mar-2023 22:37:11 GMT; Max-Age=31449600; Path=/; Secure, mid=YiU3lwAEAAGGWYhrdlkyzd1Ol1Uu; Domain=.instagram.com; expires=Tue, 05-Mar-2024 22:37:11 GMT; Max-Age=63072000; Path=/; Secure, ig_did=BA0EE958-BD40-420E-9BAE-71134804F288; Domain=.instagram.com; expires=Tue, 05-Mar-2024 22:37:11 GMT; HttpOnly; Max-Age=63072000; Path=/; Secure, ig_nrcb=1; Domain=.instagram.com; expires=Mon, 06-Mar-2023 22:37:11 GMT; Max-Age=31536000; Path=/; Secure', 'x-ig-origin-region': 'nao', 'X-FB-TRIP-ID': '1679558926', 'Alt-Svc': 'h3=":443"; ma=86400,h3-29=":443"; ma=86400', 'Connection': 'keep-alive', 'Content-Length': '90820'}
4q1PXUh2bx	200	{'Content-Type': 'text/html; charset=utf-8', 'Vary': 'Accept-Language, Cookie, Accept-Encoding', 'Content-Language': 'en', 'Date': 'Sun, 06 Mar 2022 22:42:13 GMT', 'Content-Encoding': 'gzip', 'Strict-Transport-Security': 'max-age=31536000', 'Cache-Control': 'private, no-cache, no-store, must-revalidate', 'Pragma': 'no-cache', 'Expires': 'Sat, 01 Jan 2000 00:00:00 GMT', 'X-Frame-Options': 'SAMEORIGIN', 'content-security-policy': "report-uri https://www.instagram.com/security/csp_report/; default-src 'self' https://www.instagram.com; img-src data: blob: https://*.fbcdn.net https://*.instagram.com https://*.cdninstagram.com https://*.facebook.com https://*.fbsbx.com https://*.giphy.com; font-src data: https://*.fbcdn.net https://*.instagram.com https://*.cdninstagram.com; media-src 'self' blob: https://www.instagram.com https://*.cdninstagram.com https://*.fbcdn.net; manifest-src 'self' https://www.instagram.com; script-src 'self' https://instagram.com https://www.instagram.com https://*.www.instagram.com https://*.cdninstagram.com wss://www.instagram.com https://*.facebook.com https://*.fbcdn.net https://*.facebook.net 'unsafe-inline' 'unsafe-eval' blob:; style-src 'self' https://*.www.instagram.com https://www.instagram.com 'unsafe-inline'; connect-src 'self' https://instagram.com https://www.instagram.com https://*.www.instagram.com https://graph.instagram.com https://*.graph.instagram.com https://i.instagram.com/graphql_www https://graphql.instagram.com https://*.cdninstagram.com https://api.instagram.com https://i.instagram.com https://*.i.instagram.com https://*.od.instagram.com wss://www.instagram.com wss://edge-chat.instagram.com https://*.facebook.com https://*.fbcdn.net https://*.facebook.net chrome-extension://boadgeojelhgndaghljhdicfkmllpafd blob:; worker-src 'self' blob: https://www.instagram.com; frame-src 'self' https://instagram.com https://www.instagram.com https://*.instagram.com https://staticxx.facebook.com https://www.facebook.com https://web.facebook.com https://connect.facebook.net https://m.facebook.com; object-src 'none'; upgrade-insecure-requests", 'origin-trial': 'AuqWincgAuXeuu3KypEMnrrFEJHySaesyJS3EaIH40zvafzrU0Irhb7+5QwZpOqMZrPTjgvFl7Z5jJgy1dNAcQMAAAB6eyJvcmlnaW4iOiJodHRwczovL2luc3RhZ3JhbS5jb206NDQzIiwiZmVhdHVyZSI6IkNyb3NzT3JpZ2luT3BlbmVyUG9saWN5UmVwb3J0aW5nIiwiZXhwaXJ5IjoxNjEzNDExNjYyLCJpc1N1YmRvbWFpbiI6dHJ1ZX0=', 'report-to': '{"group": "coop", "max_age": 86400, "endpoints": [{"url": "/security/coop_report/"}]}', 'cross-origin-opener-policy': 'same-origin-allow-popups;report-to="coop"', 'X-Content-Type-Options': 'nosniff', 'X-XSS-Protection': '0', 'x-ig-push-state': 'c2', 'x-aed': '48', 'Access-Control-Expose-Headers': 'X-IG-Set-WWW-Claim', 'x-ig-request-elapsed-time-ms': '600', 'x-ig-peak-time': '0', 'Set-Cookie': 'csrftoken=0fPcD6Uy5IbFWlCmyepwTj91k3u7jmot; Domain=.instagram.com; expires=Sun, 05-Mar-2023 22:42:13 GMT; Max-Age=31449600; Path=/; Secure, mid=YiU4xAAEAAHWpsUWjuyWEx38MS-g; Domain=.instagram.com; expires=Tue, 05-Mar-2024 22:42:13 GMT; Max-Age=63072000; Path=/; Secure, ig_did=A8FD7465-EE9F-4C29-98CD-0E74A31A23A4; Domain=.instagram.com; expires=Tue, 05-Mar-2024 22:42:13 GMT; HttpOnly; Max-Age=63072000; Path=/; Secure, ig_nrcb=1; Domain=.instagram.com; expires=Mon, 06-Mar-2023 22:42:13 GMT; Max-Age=31536000; Path=/; Secure', 'x-ig-origin-region': 'nao', 'X-FB-TRIP-ID': '1679558926', 'Alt-Svc': 'h3=":443"; ma=86400,h3-29=":443"; ma=86400', 'Connection': 'keep-alive', 'Content-Length': '35768'}
4QUb27i6Yo	200	{'Content-Type': 'text/html; charset=utf-8', 'Vary': 'Accept-Language, Cookie, Accept-Encoding', 'Content-Language': 'en', 'Date': 'Sun, 06 Mar 2022 22:47:15 GMT', 'Content-Encoding': 'gzip', 'Strict-Transport-Security': 'max-age=31536000', 'Cache-Control': 'private, no-cache, no-store, must-revalidate', 'Pragma': 'no-cache', 'Expires': 'Sat, 01 Jan 2000 00:00:00 GMT', 'X-Frame-Options': 'SAMEORIGIN', 'content-security-policy': "report-uri https://www.instagram.com/security/csp_report/; default-src 'self' https://www.instagram.com; img-src data: blob: https://*.fbcdn.net https://*.instagram.com https://*.cdninstagram.com https://*.facebook.com https://*.fbsbx.com https://*.giphy.com; font-src data: https://*.fbcdn.net https://*.instagram.com https://*.cdninstagram.com; media-src 'self' blob: https://www.instagram.com https://*.cdninstagram.com https://*.fbcdn.net; manifest-src 'self' https://www.instagram.com; script-src 'self' https://instagram.com https://www.instagram.com https://*.www.instagram.com https://*.cdninstagram.com wss://www.instagram.com https://*.facebook.com https://*.fbcdn.net https://*.facebook.net 'unsafe-inline' 'unsafe-eval' blob:; style-src 'self' https://*.www.instagram.com https://www.instagram.com 'unsafe-inline'; connect-src 'self' https://instagram.com https://www.instagram.com https://*.www.instagram.com https://graph.instagram.com https://*.graph.instagram.com https://i.instagram.com/graphql_www https://graphql.instagram.com https://*.cdninstagram.com https://api.instagram.com https://i.instagram.com https://*.i.instagram.com https://*.od.instagram.com wss://www.instagram.com wss://edge-chat.instagram.com https://*.facebook.com https://*.fbcdn.net https://*.facebook.net chrome-extension://boadgeojelhgndaghljhdicfkmllpafd blob:; worker-src 'self' blob: https://www.instagram.com; frame-src 'self' https://instagram.com https://www.instagram.com https://*.instagram.com https://staticxx.facebook.com https://www.facebook.com https://web.facebook.com https://connect.facebook.net https://m.facebook.com; object-src 'none'; upgrade-insecure-requests", 'origin-trial': 'AuqWincgAuXeuu3KypEMnrrFEJHySaesyJS3EaIH40zvafzrU0Irhb7+5QwZpOqMZrPTjgvFl7Z5jJgy1dNAcQMAAAB6eyJvcmlnaW4iOiJodHRwczovL2luc3RhZ3JhbS5jb206NDQzIiwiZmVhdHVyZSI6IkNyb3NzT3JpZ2luT3BlbmVyUG9saWN5UmVwb3J0aW5nIiwiZXhwaXJ5IjoxNjEzNDExNjYyLCJpc1N1YmRvbWFpbiI6dHJ1ZX0=', 'report-to': '{"group": "coop", "max_age": 86400, "endpoints": [{"url": "/security/coop_report/"}]}', 'cross-origin-opener-policy': 'same-origin-allow-popups;report-to="coop"', 'X-Content-Type-Options': 'nosniff', 'X-XSS-Protection': '0', 'x-ig-push-state': 'c2', 'x-aed': '48', 'Access-Control-Expose-Headers': 'X-IG-Set-WWW-Claim', 'x-ig-request-elapsed-time-ms': '743', 'x-ig-peak-time': '0', 'Set-Cookie': 'csrftoken=1k4YQ57RpPlbYmkVUV5FxRNwOqlKY7uX; Domain=.instagram.com; expires=Sun, 05-Mar-2023 22:47:15 GMT; Max-Age=31449600; Path=/; Secure, mid=YiU58gAEAAER4Z7OcPZ5UyyGKQtD; Domain=.instagram.com; expires=Tue, 05-Mar-2024 22:47:15 GMT; Max-Age=63072000; Path=/; Secure, ig_did=54016BAE-070A-46FC-B1C3-F341F2D73941; Domain=.instagram.com; expires=Tue, 05-Mar-2024 22:47:15 GMT; HttpOnly; Max-Age=63072000; Path=/; Secure, ig_nrcb=1; Domain=.instagram.com; expires=Mon, 06-Mar-2023 22:47:15 GMT; Max-Age=31536000; Path=/; Secure', 'x-ig-origin-region': 'nao', 'X-FB-TRIP-ID': '1679558926', 'Alt-Svc': 'h3=":443"; ma=86400,h3-29=":443"; ma=86400', 'Connection': 'keep-alive', 'Content-Length': '33620'}
4r5puBKn6r	200	{'Content-Type': 'text/html; charset=utf-8', 'Vary': 'Accept-Language, Cookie, Accept-Encoding', 'Content-Language': 'en', 'Date': 'Sun, 06 Mar 2022 22:52:16 GMT', 'Content-Encoding': 'gzip', 'Strict-Transport-Security': 'max-age=31536000', 'Cache-Control': 'private, no-cache, no-store, must-revalidate', 'Pragma': 'no-cache', 'Expires': 'Sat, 01 Jan 2000 00:00:00 GMT', 'X-Frame-Options': 'SAMEORIGIN', 'content-security-policy': "report-uri https://www.instagram.com/security/csp_report/; default-src 'self' https://www.instagram.com; img-src data: blob: https://*.fbcdn.net https://*.instagram.com https://*.cdninstagram.com https://*.facebook.com https://*.fbsbx.com https://*.giphy.com; font-src data: https://*.fbcdn.net https://*.instagram.com https://*.cdninstagram.com; media-src 'self' blob: https://www.instagram.com https://*.cdninstagram.com https://*.fbcdn.net; manifest-src 'self' https://www.instagram.com; script-src 'self' https://instagram.com https://www.instagram.com https://*.www.instagram.com https://*.cdninstagram.com wss://www.instagram.com https://*.facebook.com https://*.fbcdn.net https://*.facebook.net 'unsafe-inline' 'unsafe-eval' blob:; style-src 'self' https://*.www.instagram.com https://www.instagram.com 'unsafe-inline'; connect-src 'self' https://instagram.com https://www.instagram.com https://*.www.instagram.com https://graph.instagram.com https://*.graph.instagram.com https://i.instagram.com/graphql_www https://graphql.instagram.com https://*.cdninstagram.com https://api.instagram.com https://i.instagram.com https://*.i.instagram.com https://*.od.instagram.com wss://www.instagram.com wss://edge-chat.instagram.com https://*.facebook.com https://*.fbcdn.net https://*.facebook.net chrome-extension://boadgeojelhgndaghljhdicfkmllpafd blob:; worker-src 'self' blob: https://www.instagram.com; frame-src 'self' https://instagram.com https://www.instagram.com https://*.instagram.com https://staticxx.facebook.com https://www.facebook.com https://web.facebook.com https://connect.facebook.net https://m.facebook.com; object-src 'none'; upgrade-insecure-requests", 'origin-trial': 'AuqWincgAuXeuu3KypEMnrrFEJHySaesyJS3EaIH40zvafzrU0Irhb7+5QwZpOqMZrPTjgvFl7Z5jJgy1dNAcQMAAAB6eyJvcmlnaW4iOiJodHRwczovL2luc3RhZ3JhbS5jb206NDQzIiwiZmVhdHVyZSI6IkNyb3NzT3JpZ2luT3BlbmVyUG9saWN5UmVwb3J0aW5nIiwiZXhwaXJ5IjoxNjEzNDExNjYyLCJpc1N1YmRvbWFpbiI6dHJ1ZX0=', 'report-to': '{"group": "coop", "max_age": 86400, "endpoints": [{"url": "/security/coop_report/"}]}', 'cross-origin-opener-policy': 'same-origin-allow-popups;report-to="coop"', 'X-Content-Type-Options': 'nosniff', 'X-XSS-Protection': '0', 'x-ig-push-state': 'c2', 'x-aed': '48', 'Access-Control-Expose-Headers': 'X-IG-Set-WWW-Claim', 'x-ig-request-elapsed-time-ms': '764', 'x-ig-peak-time': '0', 'Set-Cookie': 'csrftoken=BxpaD07EWgdtAyTjs7jhzj2dfMbehsas; Domain=.instagram.com; expires=Sun, 05-Mar-2023 22:52:16 GMT; Max-Age=31449600; Path=/; Secure, mid=YiU7IAAEAAFW9WNtpM3kuTlT00Rr; Domain=.instagram.com; expires=Tue, 05-Mar-2024 22:52:16 GMT; Max-Age=63072000; Path=/; Secure, ig_did=AE887B36-0CAC-44FD-BCA7-4BB77206EE9D; Domain=.instagram.com; expires=Tue, 05-Mar-2024 22:52:16 GMT; HttpOnly; Max-Age=63072000; Path=/; Secure, ig_nrcb=1; Domain=.instagram.com; expires=Mon, 06-Mar-2023 22:52:16 GMT; Max-Age=31536000; Path=/; Secure', 'x-ig-origin-region': 'nao', 'X-FB-TRIP-ID': '1679558926', 'Alt-Svc': 'h3=":443"; ma=86400,h3-29=":443"; ma=86400', 'Connection': 'keep-alive', 'Content-Length': '30247'}
4RxKhUMX6p	200	{'Content-Type': 'text/html; charset=utf-8', 'Vary': 'Accept-Language, Cookie, Accept-Encoding', 'Content-Language': 'en', 'Date': 'Sun, 06 Mar 2022 22:57:18 GMT', 'Content-Encoding': 'gzip', 'Strict-Transport-Security': 'max-age=31536000', 'Cache-Control': 'private, no-cache, no-store, must-revalidate', 'Pragma': 'no-cache', 'Expires': 'Sat, 01 Jan 2000 00:00:00 GMT', 'X-Frame-Options': 'SAMEORIGIN', 'content-security-policy': "report-uri https://www.instagram.com/security/csp_report/; default-src 'self' https://www.instagram.com; img-src data: blob: https://*.fbcdn.net https://*.instagram.com https://*.cdninstagram.com https://*.facebook.com https://*.fbsbx.com https://*.giphy.com; font-src data: https://*.fbcdn.net https://*.instagram.com https://*.cdninstagram.com; media-src 'self' blob: https://www.instagram.com https://*.cdninstagram.com https://*.fbcdn.net; manifest-src 'self' https://www.instagram.com; script-src 'self' https://instagram.com https://www.instagram.com https://*.www.instagram.com https://*.cdninstagram.com wss://www.instagram.com https://*.facebook.com https://*.fbcdn.net https://*.facebook.net 'unsafe-inline' 'unsafe-eval' blob:; style-src 'self' https://*.www.instagram.com https://www.instagram.com 'unsafe-inline'; connect-src 'self' https://instagram.com https://www.instagram.com https://*.www.instagram.com https://graph.instagram.com https://*.graph.instagram.com https://i.instagram.com/graphql_www https://graphql.instagram.com https://*.cdninstagram.com https://api.instagram.com https://i.instagram.com https://*.i.instagram.com https://*.od.instagram.com wss://www.instagram.com wss://edge-chat.instagram.com https://*.facebook.com https://*.fbcdn.net https://*.facebook.net chrome-extension://boadgeojelhgndaghljhdicfkmllpafd blob:; worker-src 'self' blob: https://www.instagram.com; frame-src 'self' https://instagram.com https://www.instagram.com https://*.instagram.com https://staticxx.facebook.com https://www.facebook.com https://web.facebook.com https://connect.facebook.net https://m.facebook.com; object-src 'none'; upgrade-insecure-requests", 'origin-trial': 'AuqWincgAuXeuu3KypEMnrrFEJHySaesyJS3EaIH40zvafzrU0Irhb7+5QwZpOqMZrPTjgvFl7Z5jJgy1dNAcQMAAAB6eyJvcmlnaW4iOiJodHRwczovL2luc3RhZ3JhbS5jb206NDQzIiwiZmVhdHVyZSI6IkNyb3NzT3JpZ2luT3BlbmVyUG9saWN5UmVwb3J0aW5nIiwiZXhwaXJ5IjoxNjEzNDExNjYyLCJpc1N1YmRvbWFpbiI6dHJ1ZX0=', 'report-to': '{"group": "coop", "max_age": 86400, "endpoints": [{"url": "/security/coop_report/"}]}', 'cross-origin-opener-policy': 'same-origin-allow-popups;report-to="coop"', 'X-Content-Type-Options': 'nosniff', 'X-XSS-Protection': '0', 'x-ig-push-state': 'c2', 'x-aed': '48', 'Access-Control-Expose-Headers': 'X-IG-Set-WWW-Claim', 'x-ig-request-elapsed-time-ms': '329', 'x-ig-peak-time': '0', 'Set-Cookie': 'csrftoken=lkPlLvhCbRwtqh0V4qskYdT1TsYc1Zlq; Domain=.instagram.com; expires=Sun, 05-Mar-2023 22:57:18 GMT; Max-Age=31449600; Path=/; Secure, mid=YiU8TQAEAAEYhTNH-VGWvZnD3gMu; Domain=.instagram.com; expires=Tue, 05-Mar-2024 22:57:18 GMT; Max-Age=63072000; Path=/; Secure, ig_did=B65C03F7-EA0D-448A-B186-6D8CF7E64787; Domain=.instagram.com; expires=Tue, 05-Mar-2024 22:57:18 GMT; HttpOnly; Max-Age=63072000; Path=/; Secure, ig_nrcb=1; Domain=.instagram.com; expires=Mon, 06-Mar-2023 22:57:18 GMT; Max-Age=31536000; Path=/; Secure', 'x-ig-origin-region': 'nao', 'X-FB-TRIP-ID': '1679558926', 'Alt-Svc': 'h3=":443"; ma=86400,h3-29=":443"; ma=86400', 'Connection': 'keep-alive', 'Content-Length': '31089'}
4TsIguJKnN	404	{'Content-Type': 'text/html; charset=utf-8', 'Vary': 'Accept-Language, Cookie', 'Content-Language': 'en', 'Date': 'Sun, 06 Mar 2022 23:02:18 GMT', 'Strict-Transport-Security': 'max-age=31536000', 'Cache-Control': 'private, no-cache, no-store, must-revalidate', 'Pragma': 'no-cache', 'Expires': 'Sat, 01 Jan 2000 00:00:00 GMT', 'X-Frame-Options': 'SAMEORIGIN', 'content-security-policy': "report-uri https://www.instagram.com/security/csp_report/; default-src 'self' https://www.instagram.com; img-src data: blob: https://*.fbcdn.net https://*.instagram.com https://*.cdninstagram.com https://*.facebook.com https://*.fbsbx.com https://*.giphy.com; font-src data: https://*.fbcdn.net https://*.instagram.com https://*.cdninstagram.com; media-src 'self' blob: https://www.instagram.com https://*.cdninstagram.com https://*.fbcdn.net; manifest-src 'self' https://www.instagram.com; script-src 'self' https://instagram.com https://www.instagram.com https://*.www.instagram.com https://*.cdninstagram.com wss://www.instagram.com https://*.facebook.com https://*.fbcdn.net https://*.facebook.net 'unsafe-inline' 'unsafe-eval' blob:; style-src 'self' https://*.www.instagram.com https://www.instagram.com 'unsafe-inline'; connect-src 'self' https://instagram.com https://www.instagram.com https://*.www.instagram.com https://graph.instagram.com https://*.graph.instagram.com https://i.instagram.com/graphql_www https://graphql.instagram.com https://*.cdninstagram.com https://api.instagram.com https://i.instagram.com https://*.i.instagram.com https://*.od.instagram.com wss://www.instagram.com wss://edge-chat.instagram.com https://*.facebook.com https://*.fbcdn.net https://*.facebook.net chrome-extension://boadgeojelhgndaghljhdicfkmllpafd blob:; worker-src 'self' blob: https://www.instagram.com; frame-src 'self' https://instagram.com https://www.instagram.com https://*.instagram.com https://staticxx.facebook.com https://www.facebook.com https://web.facebook.com https://connect.facebook.net https://m.facebook.com; object-src 'none'; upgrade-insecure-requests", 'cross-origin-embedder-policy-report-only': 'require-corp;report-to="coep"', 'report-to': '{"group": "coep", "max_age": 86400, "endpoints": [{"url": "/security/coep_report/"}]},{"group": "coop", "max_age": 86400, "endpoints": [{"url": "/security/coop_report/"}]}', 'origin-trial': 'AuqWincgAuXeuu3KypEMnrrFEJHySaesyJS3EaIH40zvafzrU0Irhb7+5QwZpOqMZrPTjgvFl7Z5jJgy1dNAcQMAAAB6eyJvcmlnaW4iOiJodHRwczovL2luc3RhZ3JhbS5jb206NDQzIiwiZmVhdHVyZSI6IkNyb3NzT3JpZ2luT3BlbmVyUG9saWN5UmVwb3J0aW5nIiwiZXhwaXJ5IjoxNjEzNDExNjYyLCJpc1N1YmRvbWFpbiI6dHJ1ZX0=', 'cross-origin-opener-policy': 'same-origin-allow-popups;report-to="coop"', 'X-Content-Type-Options': 'nosniff', 'X-XSS-Protection': '0', 'x-ig-push-state': 'c2', 'x-aed': '48', 'Access-Control-Expose-Headers': 'X-IG-Set-WWW-Claim', 'x-ig-request-elapsed-time-ms': '133', 'x-ig-peak-time': '0', 'Set-Cookie': 'csrftoken=ghezdK9Awlj7F3e5gzpitphbXWtOyrjY; Domain=.instagram.com; expires=Sun, 05-Mar-2023 23:02:18 GMT; Max-Age=31449600; Path=/; Secure, mid=YiU9egAEAAEOxgiEQaZGx0k0EKyZ; Domain=.instagram.com; expires=Tue, 05-Mar-2024 23:02:18 GMT; Max-Age=63072000; Path=/; Secure, ig_did=800AB38A-CD54-4922-A271-E68860F95EF1; Domain=.instagram.com; expires=Tue, 05-Mar-2024 23:02:18 GMT; HttpOnly; Max-Age=63072000; Path=/; Secure, ig_nrcb=1; Domain=.instagram.com; expires=Mon, 06-Mar-2023 23:02:18 GMT; Max-Age=31536000; Path=/; Secure', 'x-ig-origin-region': 'nao', 'X-FB-TRIP-ID': '1679558926', 'Alt-Svc': 'h3=":443"; ma=86400,h3-29=":443"; ma=86400', 'Connection': 'keep-alive', 'Content-Length': '90781'}
