rnfdkFnHkq	404	{'Content-Type': 'text/html; charset=utf-8', 'Vary': 'Accept-Language, Cookie', 'Content-Language': 'en', 'Date': 'Wed, 09 Mar 2022 17:40:48 GMT', 'Strict-Transport-Security': 'max-age=31536000', 'Cache-Control': 'private, no-cache, no-store, must-revalidate', 'Pragma': 'no-cache', 'Expires': 'Sat, 01 Jan 2000 00:00:00 GMT', 'X-Frame-Options': 'SAMEORIGIN', 'content-security-policy': "report-uri https://www.instagram.com/security/csp_report/; default-src 'self' https://www.instagram.com; img-src data: blob: https://*.fbcdn.net https://*.instagram.com https://*.cdninstagram.com https://*.facebook.com https://*.fbsbx.com https://*.giphy.com; font-src data: https://*.fbcdn.net https://*.instagram.com https://*.cdninstagram.com; media-src 'self' blob: https://www.instagram.com https://*.cdninstagram.com https://*.fbcdn.net; manifest-src 'self' https://www.instagram.com; script-src 'self' https://instagram.com https://www.instagram.com https://*.www.instagram.com https://*.cdninstagram.com wss://www.instagram.com https://*.facebook.com https://*.fbcdn.net https://*.facebook.net 'unsafe-inline' 'unsafe-eval' blob:; style-src 'self' https://*.www.instagram.com https://www.instagram.com 'unsafe-inline'; connect-src 'self' https://instagram.com https://www.instagram.com https://*.www.instagram.com https://graph.instagram.com https://*.graph.instagram.com https://i.instagram.com/graphql_www https://graphql.instagram.com https://*.cdninstagram.com https://api.instagram.com https://i.instagram.com https://*.i.instagram.com https://*.od.instagram.com wss://www.instagram.com wss://edge-chat.instagram.com https://*.facebook.com https://*.fbcdn.net https://*.facebook.net chrome-extension://boadgeojelhgndaghljhdicfkmllpafd blob:; worker-src 'self' blob: https://www.instagram.com; frame-src 'self' https://instagram.com https://www.instagram.com https://*.instagram.com https://staticxx.facebook.com https://www.facebook.com https://web.facebook.com https://connect.facebook.net https://m.facebook.com; object-src 'none'; upgrade-insecure-requests", 'cross-origin-embedder-policy-report-only': 'require-corp;report-to="coep"', 'report-to': '{"group": "coep", "max_age": 86400, "endpoints": [{"url": "/security/coep_report/"}]},{"group": "coop", "max_age": 86400, "endpoints": [{"url": "/security/coop_report/"}]}', 'origin-trial': 'AuqWincgAuXeuu3KypEMnrrFEJHySaesyJS3EaIH40zvafzrU0Irhb7+5QwZpOqMZrPTjgvFl7Z5jJgy1dNAcQMAAAB6eyJvcmlnaW4iOiJodHRwczovL2luc3RhZ3JhbS5jb206NDQzIiwiZmVhdHVyZSI6IkNyb3NzT3JpZ2luT3BlbmVyUG9saWN5UmVwb3J0aW5nIiwiZXhwaXJ5IjoxNjEzNDExNjYyLCJpc1N1YmRvbWFpbiI6dHJ1ZX0=', 'cross-origin-opener-policy': 'same-origin-allow-popups;report-to="coop"', 'X-Content-Type-Options': 'nosniff', 'X-XSS-Protection': '0', 'x-ig-push-state': 'c2', 'x-aed': '48', 'Access-Control-Expose-Headers': 'X-IG-Set-WWW-Claim', 'x-ig-request-elapsed-time-ms': '576', 'x-ig-peak-time': '1', 'Set-Cookie': 'csrftoken=kjulhdK0oKrfbax7OjqDtehF8i2O2VoD; Domain=.instagram.com; expires=Wed, 08-Mar-2023 17:40:48 GMT; Max-Age=31449600; Path=/; Secure, mid=YijmoAAEAAE5Sjw-Mhy12W3836C5; Domain=.instagram.com; expires=Fri, 08-Mar-2024 17:40:48 GMT; Max-Age=63072000; Path=/; Secure, ig_did=15D1BD23-AF8E-435B-BCE6-9CB62D2B1673; Domain=.instagram.com; expires=Fri, 08-Mar-2024 17:40:48 GMT; HttpOnly; Max-Age=63072000; Path=/; Secure, ig_nrcb=1; Domain=.instagram.com; expires=Thu, 09-Mar-2023 17:40:48 GMT; Max-Age=31536000; Path=/; Secure', 'x-ig-origin-region': 'atn', 'X-FB-TRIP-ID': '1679558926', 'Alt-Svc': 'h3=":443"; ma=86400,h3-29=":443"; ma=86400', 'Connection': 'keep-alive', 'Content-Length': '90050'}
rNHnnrgryT	404	{'Content-Type': 'text/html; charset=utf-8', 'Vary': 'Accept-Language, Cookie', 'Content-Language': 'en', 'Date': 'Wed, 09 Mar 2022 17:45:50 GMT', 'Strict-Transport-Security': 'max-age=31536000', 'Cache-Control': 'private, no-cache, no-store, must-revalidate', 'Pragma': 'no-cache', 'Expires': 'Sat, 01 Jan 2000 00:00:00 GMT', 'X-Frame-Options': 'SAMEORIGIN', 'content-security-policy': "report-uri https://www.instagram.com/security/csp_report/; default-src 'self' https://www.instagram.com; img-src data: blob: https://*.fbcdn.net https://*.instagram.com https://*.cdninstagram.com https://*.facebook.com https://*.fbsbx.com https://*.giphy.com; font-src data: https://*.fbcdn.net https://*.instagram.com https://*.cdninstagram.com; media-src 'self' blob: https://www.instagram.com https://*.cdninstagram.com https://*.fbcdn.net; manifest-src 'self' https://www.instagram.com; script-src 'self' https://instagram.com https://www.instagram.com https://*.www.instagram.com https://*.cdninstagram.com wss://www.instagram.com https://*.facebook.com https://*.fbcdn.net https://*.facebook.net 'unsafe-inline' 'unsafe-eval' blob:; style-src 'self' https://*.www.instagram.com https://www.instagram.com 'unsafe-inline'; connect-src 'self' https://instagram.com https://www.instagram.com https://*.www.instagram.com https://graph.instagram.com https://*.graph.instagram.com https://i.instagram.com/graphql_www https://graphql.instagram.com https://*.cdninstagram.com https://api.instagram.com https://i.instagram.com https://*.i.instagram.com https://*.od.instagram.com wss://www.instagram.com wss://edge-chat.instagram.com https://*.facebook.com https://*.fbcdn.net https://*.facebook.net chrome-extension://boadgeojelhgndaghljhdicfkmllpafd blob:; worker-src 'self' blob: https://www.instagram.com; frame-src 'self' https://instagram.com https://www.instagram.com https://*.instagram.com https://staticxx.facebook.com https://www.facebook.com https://web.facebook.com https://connect.facebook.net https://m.facebook.com; object-src 'none'; upgrade-insecure-requests", 'cross-origin-embedder-policy-report-only': 'require-corp;report-to="coep"', 'report-to': '{"group": "coep", "max_age": 86400, "endpoints": [{"url": "/security/coep_report/"}]},{"group": "coop", "max_age": 86400, "endpoints": [{"url": "/security/coop_report/"}]}', 'origin-trial': 'AuqWincgAuXeuu3KypEMnrrFEJHySaesyJS3EaIH40zvafzrU0Irhb7+5QwZpOqMZrPTjgvFl7Z5jJgy1dNAcQMAAAB6eyJvcmlnaW4iOiJodHRwczovL2luc3RhZ3JhbS5jb206NDQzIiwiZmVhdHVyZSI6IkNyb3NzT3JpZ2luT3BlbmVyUG9saWN5UmVwb3J0aW5nIiwiZXhwaXJ5IjoxNjEzNDExNjYyLCJpc1N1YmRvbWFpbiI6dHJ1ZX0=', 'cross-origin-opener-policy': 'same-origin-allow-popups;report-to="coop"', 'X-Content-Type-Options': 'nosniff', 'X-XSS-Protection': '0', 'x-ig-push-state': 'c2', 'x-aed': '48', 'Access-Control-Expose-Headers': 'X-IG-Set-WWW-Claim', 'x-ig-request-elapsed-time-ms': '560', 'x-ig-peak-time': '1', 'Set-Cookie': 'csrftoken=9BeQMorRjBRpFDI83j7FqHe8D2H3yQtf; Domain=.instagram.com; expires=Wed, 08-Mar-2023 17:45:50 GMT; Max-Age=31449600; Path=/; Secure, mid=YijnzgAEAAFiTigQJXIkSmh6tS0Q; Domain=.instagram.com; expires=Fri, 08-Mar-2024 17:45:50 GMT; Max-Age=63072000; Path=/; Secure, ig_did=1560D08B-31EB-442B-90AA-7A147F2309EE; Domain=.instagram.com; expires=Fri, 08-Mar-2024 17:45:50 GMT; HttpOnly; Max-Age=63072000; Path=/; Secure, ig_nrcb=1; Domain=.instagram.com; expires=Thu, 09-Mar-2023 17:45:50 GMT; Max-Age=31536000; Path=/; Secure', 'x-ig-origin-region': 'atn', 'X-FB-TRIP-ID': '1679558926', 'Alt-Svc': 'h3=":443"; ma=86400,h3-29=":443"; ma=86400', 'Connection': 'keep-alive', 'Content-Length': '90125'}
rnojplpQYa	200	{'Content-Type': 'text/html; charset=utf-8', 'Vary': 'Accept-Language, Cookie, Accept-Encoding', 'Content-Language': 'en', 'Date': 'Thu, 10 Mar 2022 19:16:50 GMT', 'Content-Encoding': 'gzip', 'Strict-Transport-Security': 'max-age=31536000', 'Cache-Control': 'private, no-cache, no-store, must-revalidate', 'Pragma': 'no-cache', 'Expires': 'Sat, 01 Jan 2000 00:00:00 GMT', 'X-Frame-Options': 'SAMEORIGIN', 'content-security-policy': "report-uri https://www.instagram.com/security/csp_report/; default-src 'self' https://www.instagram.com; img-src data: blob: https://*.fbcdn.net https://*.instagram.com https://*.cdninstagram.com https://*.facebook.com https://*.fbsbx.com https://*.giphy.com; font-src data: https://*.fbcdn.net https://*.instagram.com https://*.cdninstagram.com; media-src 'self' blob: https://www.instagram.com https://*.cdninstagram.com https://*.fbcdn.net; manifest-src 'self' https://www.instagram.com; script-src 'self' https://instagram.com https://www.instagram.com https://*.www.instagram.com https://*.cdninstagram.com wss://www.instagram.com https://*.facebook.com https://*.fbcdn.net https://*.facebook.net 'unsafe-inline' 'unsafe-eval' blob:; style-src 'self' https://*.www.instagram.com https://www.instagram.com 'unsafe-inline'; connect-src 'self' https://instagram.com https://www.instagram.com https://*.www.instagram.com https://graph.instagram.com https://*.graph.instagram.com https://i.instagram.com/graphql_www https://graphql.instagram.com https://*.cdninstagram.com https://api.instagram.com https://i.instagram.com https://*.i.instagram.com https://*.od.instagram.com wss://www.instagram.com wss://edge-chat.instagram.com https://*.facebook.com https://*.fbcdn.net https://*.facebook.net chrome-extension://boadgeojelhgndaghljhdicfkmllpafd blob:; worker-src 'self' blob: https://www.instagram.com; frame-src 'self' https://instagram.com https://www.instagram.com https://*.instagram.com https://staticxx.facebook.com https://www.facebook.com https://web.facebook.com https://connect.facebook.net https://m.facebook.com; object-src 'none'; upgrade-insecure-requests", 'origin-trial': 'AuqWincgAuXeuu3KypEMnrrFEJHySaesyJS3EaIH40zvafzrU0Irhb7+5QwZpOqMZrPTjgvFl7Z5jJgy1dNAcQMAAAB6eyJvcmlnaW4iOiJodHRwczovL2luc3RhZ3JhbS5jb206NDQzIiwiZmVhdHVyZSI6IkNyb3NzT3JpZ2luT3BlbmVyUG9saWN5UmVwb3J0aW5nIiwiZXhwaXJ5IjoxNjEzNDExNjYyLCJpc1N1YmRvbWFpbiI6dHJ1ZX0=', 'report-to': '{"group": "coop", "max_age": 86400, "endpoints": [{"url": "/security/coop_report/"}]}', 'cross-origin-opener-policy': 'same-origin-allow-popups;report-to="coop"', 'X-Content-Type-Options': 'nosniff', 'X-XSS-Protection': '0', 'x-ig-push-state': 'c2', 'x-aed': '48', 'Access-Control-Expose-Headers': 'X-IG-Set-WWW-Claim', 'x-ig-request-elapsed-time-ms': '315', 'x-ig-peak-time': '1', 'Set-Cookie': 'csrftoken=Gttc2It7Plkoho2L9OngU1XMdCjvKUZJ; Domain=.instagram.com; expires=Thu, 09-Mar-2023 19:16:50 GMT; Max-Age=31449600; Path=/; Secure, mid=YipOogAEAAGLBVqyhTxnq1U_MlwS; Domain=.instagram.com; expires=Sat, 09-Mar-2024 19:16:50 GMT; Max-Age=63072000; Path=/; Secure, ig_did=7347346F-4435-402F-BFE4-95F03416C988; Domain=.instagram.com; expires=Sat, 09-Mar-2024 19:16:50 GMT; HttpOnly; Max-Age=63072000; Path=/; Secure, ig_nrcb=1; Domain=.instagram.com; expires=Fri, 10-Mar-2023 19:16:50 GMT; Max-Age=31536000; Path=/; Secure', 'x-ig-origin-region': 'eag', 'X-FB-TRIP-ID': '1679558926', 'Alt-Svc': 'h3=":443"; ma=86400,h3-29=":443"; ma=86400', 'Connection': 'keep-alive', 'Content-Length': '30909'}
roh0kmk14U	404	{'Content-Type': 'text/html; charset=utf-8', 'Vary': 'Accept-Language, Cookie', 'Content-Language': 'en', 'Date': 'Fri, 11 Mar 2022 01:51:56 GMT', 'Strict-Transport-Security': 'max-age=31536000', 'Cache-Control': 'private, no-cache, no-store, must-revalidate', 'Pragma': 'no-cache', 'Expires': 'Sat, 01 Jan 2000 00:00:00 GMT', 'X-Frame-Options': 'SAMEORIGIN', 'content-security-policy': "report-uri https://www.instagram.com/security/csp_report/; default-src 'self' https://www.instagram.com; img-src data: blob: https://*.fbcdn.net https://*.instagram.com https://*.cdninstagram.com https://*.facebook.com https://*.fbsbx.com https://*.giphy.com; font-src data: https://*.fbcdn.net https://*.instagram.com https://*.cdninstagram.com; media-src 'self' blob: https://www.instagram.com https://*.cdninstagram.com https://*.fbcdn.net; manifest-src 'self' https://www.instagram.com; script-src 'self' https://instagram.com https://www.instagram.com https://*.www.instagram.com https://*.cdninstagram.com wss://www.instagram.com https://*.facebook.com https://*.fbcdn.net https://*.facebook.net 'unsafe-inline' 'unsafe-eval' blob:; style-src 'self' https://*.www.instagram.com https://www.instagram.com 'unsafe-inline'; connect-src 'self' https://instagram.com https://www.instagram.com https://*.www.instagram.com https://graph.instagram.com https://*.graph.instagram.com https://i.instagram.com/graphql_www https://graphql.instagram.com https://*.cdninstagram.com https://api.instagram.com https://i.instagram.com https://*.i.instagram.com https://*.od.instagram.com wss://www.instagram.com wss://edge-chat.instagram.com https://*.facebook.com https://*.fbcdn.net https://*.facebook.net chrome-extension://boadgeojelhgndaghljhdicfkmllpafd blob:; worker-src 'self' blob: https://www.instagram.com; frame-src 'self' https://instagram.com https://www.instagram.com https://*.instagram.com https://staticxx.facebook.com https://www.facebook.com https://web.facebook.com https://connect.facebook.net https://m.facebook.com; object-src 'none'; upgrade-insecure-requests", 'cross-origin-embedder-policy-report-only': 'require-corp;report-to="coep"', 'report-to': '{"group": "coep", "max_age": 86400, "endpoints": [{"url": "/security/coep_report/"}]},{"group": "coop", "max_age": 86400, "endpoints": [{"url": "/security/coop_report/"}]}', 'origin-trial': 'AuqWincgAuXeuu3KypEMnrrFEJHySaesyJS3EaIH40zvafzrU0Irhb7+5QwZpOqMZrPTjgvFl7Z5jJgy1dNAcQMAAAB6eyJvcmlnaW4iOiJodHRwczovL2luc3RhZ3JhbS5jb206NDQzIiwiZmVhdHVyZSI6IkNyb3NzT3JpZ2luT3BlbmVyUG9saWN5UmVwb3J0aW5nIiwiZXhwaXJ5IjoxNjEzNDExNjYyLCJpc1N1YmRvbWFpbiI6dHJ1ZX0=', 'cross-origin-opener-policy': 'same-origin-allow-popups;report-to="coop"', 'X-Content-Type-Options': 'nosniff', 'X-XSS-Protection': '0', 'x-ig-push-state': 'c2', 'x-aed': '48', 'Access-Control-Expose-Headers': 'X-IG-Set-WWW-Claim', 'x-ig-request-elapsed-time-ms': '422', 'x-ig-peak-time': '0', 'Set-Cookie': 'csrftoken=DiHIhFl0IZueDjbrITPTKyg37f9G2PZ9; Domain=.instagram.com; expires=Fri, 10-Mar-2023 01:51:56 GMT; Max-Age=31449600; Path=/; Secure, mid=YiqrPAAEAAHW8lVXpY_GBHk3ysUf; Domain=.instagram.com; expires=Sun, 10-Mar-2024 01:51:56 GMT; Max-Age=63072000; Path=/; Secure, ig_did=62594342-77E4-4F99-B954-72B417CB2425; Domain=.instagram.com; expires=Sun, 10-Mar-2024 01:51:56 GMT; HttpOnly; Max-Age=63072000; Path=/; Secure, ig_nrcb=1; Domain=.instagram.com; expires=Sat, 11-Mar-2023 01:51:56 GMT; Max-Age=31536000; Path=/; Secure', 'x-ig-origin-region': 'rva', 'X-FB-TRIP-ID': '1679558926', 'Alt-Svc': 'h3=":443"; ma=86400,h3-29=":443"; ma=86400', 'Connection': 'keep-alive', 'Content-Length': '89989'}
ROqAdTHwN2	404	{'Content-Type': 'text/html; charset=utf-8', 'Vary': 'Accept-Language, Cookie', 'Content-Language': 'en', 'Date': 'Fri, 11 Mar 2022 04:56:59 GMT', 'Strict-Transport-Security': 'max-age=31536000', 'Cache-Control': 'private, no-cache, no-store, must-revalidate', 'Pragma': 'no-cache', 'Expires': 'Sat, 01 Jan 2000 00:00:00 GMT', 'X-Frame-Options': 'SAMEORIGIN', 'content-security-policy': "report-uri https://www.instagram.com/security/csp_report/; default-src 'self' https://www.instagram.com; img-src data: blob: https://*.fbcdn.net https://*.instagram.com https://*.cdninstagram.com https://*.facebook.com https://*.fbsbx.com https://*.giphy.com; font-src data: https://*.fbcdn.net https://*.instagram.com https://*.cdninstagram.com; media-src 'self' blob: https://www.instagram.com https://*.cdninstagram.com https://*.fbcdn.net; manifest-src 'self' https://www.instagram.com; script-src 'self' https://instagram.com https://www.instagram.com https://*.www.instagram.com https://*.cdninstagram.com wss://www.instagram.com https://*.facebook.com https://*.fbcdn.net https://*.facebook.net 'unsafe-inline' 'unsafe-eval' blob:; style-src 'self' https://*.www.instagram.com https://www.instagram.com 'unsafe-inline'; connect-src 'self' https://instagram.com https://www.instagram.com https://*.www.instagram.com https://graph.instagram.com https://*.graph.instagram.com https://i.instagram.com/graphql_www https://graphql.instagram.com https://*.cdninstagram.com https://api.instagram.com https://i.instagram.com https://*.i.instagram.com https://*.od.instagram.com wss://www.instagram.com wss://edge-chat.instagram.com https://*.facebook.com https://*.fbcdn.net https://*.facebook.net chrome-extension://boadgeojelhgndaghljhdicfkmllpafd blob:; worker-src 'self' blob: https://www.instagram.com; frame-src 'self' https://instagram.com https://www.instagram.com https://*.instagram.com https://staticxx.facebook.com https://www.facebook.com https://web.facebook.com https://connect.facebook.net https://m.facebook.com; object-src 'none'; upgrade-insecure-requests", 'cross-origin-embedder-policy-report-only': 'require-corp;report-to="coep"', 'report-to': '{"group": "coep", "max_age": 86400, "endpoints": [{"url": "/security/coep_report/"}]},{"group": "coop", "max_age": 86400, "endpoints": [{"url": "/security/coop_report/"}]}', 'origin-trial': 'AuqWincgAuXeuu3KypEMnrrFEJHySaesyJS3EaIH40zvafzrU0Irhb7+5QwZpOqMZrPTjgvFl7Z5jJgy1dNAcQMAAAB6eyJvcmlnaW4iOiJodHRwczovL2luc3RhZ3JhbS5jb206NDQzIiwiZmVhdHVyZSI6IkNyb3NzT3JpZ2luT3BlbmVyUG9saWN5UmVwb3J0aW5nIiwiZXhwaXJ5IjoxNjEzNDExNjYyLCJpc1N1YmRvbWFpbiI6dHJ1ZX0=', 'cross-origin-opener-policy': 'same-origin-allow-popups;report-to="coop"', 'X-Content-Type-Options': 'nosniff', 'X-XSS-Protection': '0', 'x-ig-push-state': 'c2', 'x-aed': '48', 'Access-Control-Expose-Headers': 'X-IG-Set-WWW-Claim', 'x-ig-request-elapsed-time-ms': '478', 'x-ig-peak-time': '0', 'Set-Cookie': 'csrftoken=78YR8QaiPrngi81SoMXK5gdfhzUtYWPX; Domain=.instagram.com; expires=Fri, 10-Mar-2023 04:56:59 GMT; Max-Age=31449600; Path=/; Secure, mid=YirWmwAEAAGbYUzsF0OOyjt-BkPy; Domain=.instagram.com; expires=Sun, 10-Mar-2024 04:56:59 GMT; Max-Age=63072000; Path=/; Secure, ig_did=B4C84998-07EF-4216-87AE-C6F04C674C07; Domain=.instagram.com; expires=Sun, 10-Mar-2024 04:56:59 GMT; HttpOnly; Max-Age=63072000; Path=/; Secure, ig_nrcb=1; Domain=.instagram.com; expires=Sat, 11-Mar-2023 04:56:59 GMT; Max-Age=31536000; Path=/; Secure', 'x-ig-origin-region': 'frc', 'X-FB-TRIP-ID': '1679558926', 'Alt-Svc': 'h3=":443"; ma=86400,h3-29=":443"; ma=86400', 'Connection': 'keep-alive', 'Content-Length': '90067'}
roU3xcI3cL	200	{'Content-Type': 'text/html; charset=utf-8', 'Vary': 'Accept-Language, Cookie, Accept-Encoding', 'Content-Language': 'en', 'Date': 'Sun, 13 Mar 2022 07:01:18 GMT', 'Content-Encoding': 'gzip', 'Strict-Transport-Security': 'max-age=31536000', 'Cache-Control': 'private, no-cache, no-store, must-revalidate', 'Pragma': 'no-cache', 'Expires': 'Sat, 01 Jan 2000 00:00:00 GMT', 'X-Frame-Options': 'SAMEORIGIN', 'content-security-policy': "report-uri https://www.instagram.com/security/csp_report/; default-src 'self' https://www.instagram.com; img-src data: blob: https://*.fbcdn.net https://*.instagram.com https://*.cdninstagram.com https://*.facebook.com https://*.fbsbx.com https://*.giphy.com; font-src data: https://*.fbcdn.net https://*.instagram.com https://*.cdninstagram.com; media-src 'self' blob: https://www.instagram.com https://*.cdninstagram.com https://*.fbcdn.net; manifest-src 'self' https://www.instagram.com; script-src 'self' https://instagram.com https://www.instagram.com https://*.www.instagram.com https://*.cdninstagram.com wss://www.instagram.com https://*.facebook.com https://*.fbcdn.net https://*.facebook.net 'unsafe-inline' 'unsafe-eval' blob:; style-src 'self' https://*.www.instagram.com https://www.instagram.com 'unsafe-inline'; connect-src 'self' https://instagram.com https://www.instagram.com https://*.www.instagram.com https://graph.instagram.com https://*.graph.instagram.com https://i.instagram.com/graphql_www https://graphql.instagram.com https://*.cdninstagram.com https://api.instagram.com https://i.instagram.com https://*.i.instagram.com https://*.od.instagram.com wss://www.instagram.com wss://edge-chat.instagram.com https://*.facebook.com https://*.fbcdn.net https://*.facebook.net chrome-extension://boadgeojelhgndaghljhdicfkmllpafd blob:; worker-src 'self' blob: https://www.instagram.com; frame-src 'self' https://instagram.com https://www.instagram.com https://*.instagram.com https://staticxx.facebook.com https://www.facebook.com https://web.facebook.com https://connect.facebook.net https://m.facebook.com; object-src 'none'; upgrade-insecure-requests", 'origin-trial': 'AuqWincgAuXeuu3KypEMnrrFEJHySaesyJS3EaIH40zvafzrU0Irhb7+5QwZpOqMZrPTjgvFl7Z5jJgy1dNAcQMAAAB6eyJvcmlnaW4iOiJodHRwczovL2luc3RhZ3JhbS5jb206NDQzIiwiZmVhdHVyZSI6IkNyb3NzT3JpZ2luT3BlbmVyUG9saWN5UmVwb3J0aW5nIiwiZXhwaXJ5IjoxNjEzNDExNjYyLCJpc1N1YmRvbWFpbiI6dHJ1ZX0=', 'report-to': '{"group": "coop", "max_age": 86400, "endpoints": [{"url": "/security/coop_report/"}]}', 'cross-origin-opener-policy': 'same-origin-allow-popups;report-to="coop"', 'X-Content-Type-Options': 'nosniff', 'X-XSS-Protection': '0', 'x-ig-push-state': 'c2', 'x-aed': '48', 'Access-Control-Expose-Headers': 'X-IG-Set-WWW-Claim', 'x-ig-request-elapsed-time-ms': '431', 'x-ig-peak-time': '0', 'Set-Cookie': 'csrftoken=hUl4HwYOEYUP4Ax8pY6l96m7QAuY4Bph; Domain=.instagram.com; expires=Sun, 12-Mar-2023 07:01:18 GMT; Max-Age=31449600; Path=/; Secure, mid=Yi2WvgAEAAHs3hM04xdTxm7nCk58; Domain=.instagram.com; expires=Tue, 12-Mar-2024 07:01:18 GMT; Max-Age=63072000; Path=/; Secure, ig_did=E31FCF25-8D8A-4DF9-AA24-9603533F49DB; Domain=.instagram.com; expires=Tue, 12-Mar-2024 07:01:18 GMT; HttpOnly; Max-Age=63072000; Path=/; Secure, ig_nrcb=1; Domain=.instagram.com; expires=Mon, 13-Mar-2023 07:01:18 GMT; Max-Age=31536000; Path=/; Secure', 'x-ig-origin-region': 'ncg', 'X-FB-TRIP-ID': '1679558926', 'Alt-Svc': 'h3=":443"; ma=86400,h3-29=":443"; ma=86400', 'Connection': 'keep-alive', 'Content-Length': '30449'}
rOXqhfKFu7	200	{'Content-Type': 'text/html; charset=utf-8', 'Vary': 'Accept-Language, Cookie, Accept-Encoding', 'Content-Language': 'en', 'Date': 'Sun, 13 Mar 2022 13:06:25 GMT', 'Content-Encoding': 'gzip', 'Strict-Transport-Security': 'max-age=31536000', 'Cache-Control': 'private, no-cache, no-store, must-revalidate', 'Pragma': 'no-cache', 'Expires': 'Sat, 01 Jan 2000 00:00:00 GMT', 'X-Frame-Options': 'SAMEORIGIN', 'content-security-policy': "report-uri https://www.instagram.com/security/csp_report/; default-src 'self' https://www.instagram.com; img-src data: blob: https://*.fbcdn.net https://*.instagram.com https://*.cdninstagram.com https://*.facebook.com https://*.fbsbx.com https://*.giphy.com; font-src data: https://*.fbcdn.net https://*.instagram.com https://*.cdninstagram.com; media-src 'self' blob: https://www.instagram.com https://*.cdninstagram.com https://*.fbcdn.net; manifest-src 'self' https://www.instagram.com; script-src 'self' https://instagram.com https://www.instagram.com https://*.www.instagram.com https://*.cdninstagram.com wss://www.instagram.com https://*.facebook.com https://*.fbcdn.net https://*.facebook.net 'unsafe-inline' 'unsafe-eval' blob:; style-src 'self' https://*.www.instagram.com https://www.instagram.com 'unsafe-inline'; connect-src 'self' https://instagram.com https://www.instagram.com https://*.www.instagram.com https://graph.instagram.com https://*.graph.instagram.com https://i.instagram.com/graphql_www https://graphql.instagram.com https://*.cdninstagram.com https://api.instagram.com https://i.instagram.com https://*.i.instagram.com https://*.od.instagram.com wss://www.instagram.com wss://edge-chat.instagram.com https://*.facebook.com https://*.fbcdn.net https://*.facebook.net chrome-extension://boadgeojelhgndaghljhdicfkmllpafd blob:; worker-src 'self' blob: https://www.instagram.com; frame-src 'self' https://instagram.com https://www.instagram.com https://*.instagram.com https://staticxx.facebook.com https://www.facebook.com https://web.facebook.com https://connect.facebook.net https://m.facebook.com; object-src 'none'; upgrade-insecure-requests", 'origin-trial': 'AuqWincgAuXeuu3KypEMnrrFEJHySaesyJS3EaIH40zvafzrU0Irhb7+5QwZpOqMZrPTjgvFl7Z5jJgy1dNAcQMAAAB6eyJvcmlnaW4iOiJodHRwczovL2luc3RhZ3JhbS5jb206NDQzIiwiZmVhdHVyZSI6IkNyb3NzT3JpZ2luT3BlbmVyUG9saWN5UmVwb3J0aW5nIiwiZXhwaXJ5IjoxNjEzNDExNjYyLCJpc1N1YmRvbWFpbiI6dHJ1ZX0=', 'report-to': '{"group": "coop", "max_age": 86400, "endpoints": [{"url": "/security/coop_report/"}]}', 'cross-origin-opener-policy': 'same-origin-allow-popups;report-to="coop"', 'X-Content-Type-Options': 'nosniff', 'X-XSS-Protection': '0', 'x-ig-push-state': 'c2', 'x-aed': '48', 'Access-Control-Expose-Headers': 'X-IG-Set-WWW-Claim', 'x-ig-request-elapsed-time-ms': '813', 'x-ig-peak-time': '1', 'Set-Cookie': 'csrftoken=bTuQXWTd63MFogs4tkpZaRGhjL7Nen20; Domain=.instagram.com; expires=Sun, 12-Mar-2023 13:06:25 GMT; Max-Age=31449600; Path=/; Secure, mid=Yi3sUQAEAAFKjQAqp1qgK6Dy1Tf7; Domain=.instagram.com; expires=Tue, 12-Mar-2024 13:06:25 GMT; Max-Age=63072000; Path=/; Secure, ig_did=2D968814-4D56-4390-9529-DE32EAB7B182; Domain=.instagram.com; expires=Tue, 12-Mar-2024 13:06:25 GMT; HttpOnly; Max-Age=63072000; Path=/; Secure, ig_nrcb=1; Domain=.instagram.com; expires=Mon, 13-Mar-2023 13:06:25 GMT; Max-Age=31536000; Path=/; Secure', 'x-ig-origin-region': 'nao', 'X-FB-TRIP-ID': '1679558926', 'Alt-Svc': 'h3=":443"; ma=86400,h3-29=":443"; ma=86400', 'Connection': 'keep-alive', 'Content-Length': '33374'}
rp0N8ZGcAm	200	{'Content-Type': 'text/html; charset=utf-8', 'Vary': 'Accept-Language, Cookie, Accept-Encoding', 'Content-Language': 'en', 'Date': 'Sun, 13 Mar 2022 13:11:27 GMT', 'Content-Encoding': 'gzip', 'Strict-Transport-Security': 'max-age=31536000', 'Cache-Control': 'private, no-cache, no-store, must-revalidate', 'Pragma': 'no-cache', 'Expires': 'Sat, 01 Jan 2000 00:00:00 GMT', 'X-Frame-Options': 'SAMEORIGIN', 'content-security-policy': "report-uri https://www.instagram.com/security/csp_report/; default-src 'self' https://www.instagram.com; img-src data: blob: https://*.fbcdn.net https://*.instagram.com https://*.cdninstagram.com https://*.facebook.com https://*.fbsbx.com https://*.giphy.com; font-src data: https://*.fbcdn.net https://*.instagram.com https://*.cdninstagram.com; media-src 'self' blob: https://www.instagram.com https://*.cdninstagram.com https://*.fbcdn.net; manifest-src 'self' https://www.instagram.com; script-src 'self' https://instagram.com https://www.instagram.com https://*.www.instagram.com https://*.cdninstagram.com wss://www.instagram.com https://*.facebook.com https://*.fbcdn.net https://*.facebook.net 'unsafe-inline' 'unsafe-eval' blob:; style-src 'self' https://*.www.instagram.com https://www.instagram.com 'unsafe-inline'; connect-src 'self' https://instagram.com https://www.instagram.com https://*.www.instagram.com https://graph.instagram.com https://*.graph.instagram.com https://i.instagram.com/graphql_www https://graphql.instagram.com https://*.cdninstagram.com https://api.instagram.com https://i.instagram.com https://*.i.instagram.com https://*.od.instagram.com wss://www.instagram.com wss://edge-chat.instagram.com https://*.facebook.com https://*.fbcdn.net https://*.facebook.net chrome-extension://boadgeojelhgndaghljhdicfkmllpafd blob:; worker-src 'self' blob: https://www.instagram.com; frame-src 'self' https://instagram.com https://www.instagram.com https://*.instagram.com https://staticxx.facebook.com https://www.facebook.com https://web.facebook.com https://connect.facebook.net https://m.facebook.com; object-src 'none'; upgrade-insecure-requests", 'origin-trial': 'AuqWincgAuXeuu3KypEMnrrFEJHySaesyJS3EaIH40zvafzrU0Irhb7+5QwZpOqMZrPTjgvFl7Z5jJgy1dNAcQMAAAB6eyJvcmlnaW4iOiJodHRwczovL2luc3RhZ3JhbS5jb206NDQzIiwiZmVhdHVyZSI6IkNyb3NzT3JpZ2luT3BlbmVyUG9saWN5UmVwb3J0aW5nIiwiZXhwaXJ5IjoxNjEzNDExNjYyLCJpc1N1YmRvbWFpbiI6dHJ1ZX0=', 'report-to': '{"group": "coop", "max_age": 86400, "endpoints": [{"url": "/security/coop_report/"}]}', 'cross-origin-opener-policy': 'same-origin-allow-popups;report-to="coop"', 'X-Content-Type-Options': 'nosniff', 'X-XSS-Protection': '0', 'x-ig-push-state': 'c2', 'x-aed': '48', 'Access-Control-Expose-Headers': 'X-IG-Set-WWW-Claim', 'x-ig-request-elapsed-time-ms': '376', 'x-ig-peak-time': '1', 'Set-Cookie': 'csrftoken=hCAa6Du4OIcMulOLo0YWfHKHuWF9HkO1; Domain=.instagram.com; expires=Sun, 12-Mar-2023 13:11:27 GMT; Max-Age=31449600; Path=/; Secure, mid=Yi3tfwAEAAFeOqJb5A52DW6CXD05; Domain=.instagram.com; expires=Tue, 12-Mar-2024 13:11:27 GMT; Max-Age=63072000; Path=/; Secure, ig_did=68EFEE38-3FA4-462E-86E5-909C05590D13; Domain=.instagram.com; expires=Tue, 12-Mar-2024 13:11:27 GMT; HttpOnly; Max-Age=63072000; Path=/; Secure, ig_nrcb=1; Domain=.instagram.com; expires=Mon, 13-Mar-2023 13:11:27 GMT; Max-Age=31536000; Path=/; Secure', 'x-ig-origin-region': 'nao', 'X-FB-TRIP-ID': '1679558926', 'Alt-Svc': 'h3=":443"; ma=86400,h3-29=":443"; ma=86400', 'Connection': 'keep-alive', 'Content-Length': '29417'}
rp4UwqpX1m	404	{'Content-Type': 'text/html; charset=utf-8', 'Vary': 'Accept-Language, Cookie', 'Content-Language': 'en', 'Date': 'Sun, 13 Mar 2022 13:16:29 GMT', 'Strict-Transport-Security': 'max-age=31536000', 'Cache-Control': 'private, no-cache, no-store, must-revalidate', 'Pragma': 'no-cache', 'Expires': 'Sat, 01 Jan 2000 00:00:00 GMT', 'X-Frame-Options': 'SAMEORIGIN', 'content-security-policy': "report-uri https://www.instagram.com/security/csp_report/; default-src 'self' https://www.instagram.com; img-src data: blob: https://*.fbcdn.net https://*.instagram.com https://*.cdninstagram.com https://*.facebook.com https://*.fbsbx.com https://*.giphy.com; font-src data: https://*.fbcdn.net https://*.instagram.com https://*.cdninstagram.com; media-src 'self' blob: https://www.instagram.com https://*.cdninstagram.com https://*.fbcdn.net; manifest-src 'self' https://www.instagram.com; script-src 'self' https://instagram.com https://www.instagram.com https://*.www.instagram.com https://*.cdninstagram.com wss://www.instagram.com https://*.facebook.com https://*.fbcdn.net https://*.facebook.net 'unsafe-inline' 'unsafe-eval' blob:; style-src 'self' https://*.www.instagram.com https://www.instagram.com 'unsafe-inline'; connect-src 'self' https://instagram.com https://www.instagram.com https://*.www.instagram.com https://graph.instagram.com https://*.graph.instagram.com https://i.instagram.com/graphql_www https://graphql.instagram.com https://*.cdninstagram.com https://api.instagram.com https://i.instagram.com https://*.i.instagram.com https://*.od.instagram.com wss://www.instagram.com wss://edge-chat.instagram.com https://*.facebook.com https://*.fbcdn.net https://*.facebook.net chrome-extension://boadgeojelhgndaghljhdicfkmllpafd blob:; worker-src 'self' blob: https://www.instagram.com; frame-src 'self' https://instagram.com https://www.instagram.com https://*.instagram.com https://staticxx.facebook.com https://www.facebook.com https://web.facebook.com https://connect.facebook.net https://m.facebook.com; object-src 'none'; upgrade-insecure-requests", 'cross-origin-embedder-policy-report-only': 'require-corp;report-to="coep"', 'report-to': '{"group": "coep", "max_age": 86400, "endpoints": [{"url": "/security/coep_report/"}]},{"group": "coop", "max_age": 86400, "endpoints": [{"url": "/security/coop_report/"}]}', 'origin-trial': 'AuqWincgAuXeuu3KypEMnrrFEJHySaesyJS3EaIH40zvafzrU0Irhb7+5QwZpOqMZrPTjgvFl7Z5jJgy1dNAcQMAAAB6eyJvcmlnaW4iOiJodHRwczovL2luc3RhZ3JhbS5jb206NDQzIiwiZmVhdHVyZSI6IkNyb3NzT3JpZ2luT3BlbmVyUG9saWN5UmVwb3J0aW5nIiwiZXhwaXJ5IjoxNjEzNDExNjYyLCJpc1N1YmRvbWFpbiI6dHJ1ZX0=', 'cross-origin-opener-policy': 'same-origin-allow-popups;report-to="coop"', 'X-Content-Type-Options': 'nosniff', 'X-XSS-Protection': '0', 'x-ig-push-state': 'c2', 'x-aed': '48', 'Access-Control-Expose-Headers': 'X-IG-Set-WWW-Claim', 'x-ig-request-elapsed-time-ms': '1488', 'x-ig-peak-time': '1', 'Set-Cookie': 'csrftoken=gYJhjbjwTT5COo2Dnfkr7L0zA40TJYIy; Domain=.instagram.com; expires=Sun, 12-Mar-2023 13:16:29 GMT; Max-Age=31449600; Path=/; Secure, mid=Yi3urAAEAAGyYq6JhssU_q4pfWVC; Domain=.instagram.com; expires=Tue, 12-Mar-2024 13:16:29 GMT; Max-Age=63072000; Path=/; Secure, ig_did=8448382F-411C-47B1-8B19-723F5DE6B1EC; Domain=.instagram.com; expires=Tue, 12-Mar-2024 13:16:29 GMT; HttpOnly; Max-Age=63072000; Path=/; Secure, ig_nrcb=1; Domain=.instagram.com; expires=Mon, 13-Mar-2023 13:16:29 GMT; Max-Age=31536000; Path=/; Secure', 'x-ig-origin-region': 'nao', 'X-FB-TRIP-ID': '1679558926', 'Alt-Svc': 'h3=":443"; ma=86400,h3-29=":443"; ma=86400', 'Connection': 'keep-alive', 'Content-Length': '89901'}
rph5WmBKsK	404	{'Content-Type': 'text/html; charset=utf-8', 'Vary': 'Accept-Language, Cookie', 'Content-Language': 'en', 'Date': 'Wed, 16 Mar 2022 05:11:48 GMT', 'Strict-Transport-Security': 'max-age=31536000', 'Cache-Control': 'private, no-cache, no-store, must-revalidate', 'Pragma': 'no-cache', 'Expires': 'Sat, 01 Jan 2000 00:00:00 GMT', 'X-Frame-Options': 'SAMEORIGIN', 'content-security-policy': "report-uri https://www.instagram.com/security/csp_report/; default-src 'self' https://www.instagram.com; img-src data: blob: https://*.fbcdn.net https://*.instagram.com https://*.cdninstagram.com https://*.facebook.com https://*.fbsbx.com https://*.giphy.com; font-src data: https://*.fbcdn.net https://*.instagram.com https://*.cdninstagram.com; media-src 'self' blob: https://www.instagram.com https://*.cdninstagram.com https://*.fbcdn.net; manifest-src 'self' https://www.instagram.com; script-src 'self' https://instagram.com https://www.instagram.com https://*.www.instagram.com https://*.cdninstagram.com wss://www.instagram.com https://*.facebook.com https://*.fbcdn.net https://*.facebook.net 'unsafe-inline' 'unsafe-eval' blob:; style-src 'self' https://*.www.instagram.com https://www.instagram.com 'unsafe-inline'; connect-src 'self' https://instagram.com https://www.instagram.com https://*.www.instagram.com https://graph.instagram.com https://*.graph.instagram.com https://i.instagram.com/graphql_www https://graphql.instagram.com https://*.cdninstagram.com https://api.instagram.com https://i.instagram.com https://*.i.instagram.com https://*.od.instagram.com wss://www.instagram.com wss://edge-chat.instagram.com https://*.facebook.com https://*.fbcdn.net https://*.facebook.net chrome-extension://boadgeojelhgndaghljhdicfkmllpafd blob:; worker-src 'self' blob: https://www.instagram.com; frame-src 'self' https://instagram.com https://www.instagram.com https://*.instagram.com https://staticxx.facebook.com https://www.facebook.com https://web.facebook.com https://connect.facebook.net https://m.facebook.com; object-src 'none'; upgrade-insecure-requests", 'cross-origin-embedder-policy-report-only': 'require-corp;report-to="coep"', 'report-to': '{"group": "coep", "max_age": 86400, "endpoints": [{"url": "/security/coep_report/"}]},{"group": "coop", "max_age": 86400, "endpoints": [{"url": "/security/coop_report/"}]}', 'origin-trial': 'AuqWincgAuXeuu3KypEMnrrFEJHySaesyJS3EaIH40zvafzrU0Irhb7+5QwZpOqMZrPTjgvFl7Z5jJgy1dNAcQMAAAB6eyJvcmlnaW4iOiJodHRwczovL2luc3RhZ3JhbS5jb206NDQzIiwiZmVhdHVyZSI6IkNyb3NzT3JpZ2luT3BlbmVyUG9saWN5UmVwb3J0aW5nIiwiZXhwaXJ5IjoxNjEzNDExNjYyLCJpc1N1YmRvbWFpbiI6dHJ1ZX0=', 'cross-origin-opener-policy': 'same-origin-allow-popups;report-to="coop"', 'X-Content-Type-Options': 'nosniff', 'X-XSS-Protection': '0', 'x-ig-push-state': 'c2', 'x-aed': '48', 'Access-Control-Expose-Headers': 'X-IG-Set-WWW-Claim', 'x-ig-request-elapsed-time-ms': '577', 'x-ig-peak-time': '0', 'Set-Cookie': 'csrftoken=jWK3HFDGqrIQF0C8C9vBYods4vzR1QYI; Domain=.instagram.com; expires=Wed, 15-Mar-2023 05:11:48 GMT; Max-Age=31449600; Path=/; Secure, mid=YjFxkwAEAAEWtD4uTY-xvaBCrSGB; Domain=.instagram.com; expires=Fri, 15-Mar-2024 05:11:48 GMT; Max-Age=63072000; Path=/; Secure, ig_did=90D5D7CC-1862-4B0C-9A1F-19DDDFB0385D; Domain=.instagram.com; expires=Fri, 15-Mar-2024 05:11:48 GMT; HttpOnly; Max-Age=63072000; Path=/; Secure, ig_nrcb=1; Domain=.instagram.com; expires=Thu, 16-Mar-2023 05:11:48 GMT; Max-Age=31536000; Path=/; Secure', 'x-ig-origin-region': 'frc', 'X-FB-TRIP-ID': '1679558926', 'Alt-Svc': 'h3=":443"; ma=86400,h3-29=":443"; ma=86400', 'Connection': 'keep-alive', 'Content-Length': '90991'}
rpjZtVkno8	200	{'Content-Type': 'text/html; charset=utf-8', 'Vary': 'Accept-Language, Cookie, Accept-Encoding', 'Content-Language': 'en', 'Date': 'Wed, 16 Mar 2022 05:16:49 GMT', 'Content-Encoding': 'gzip', 'Strict-Transport-Security': 'max-age=31536000', 'Cache-Control': 'private, no-cache, no-store, must-revalidate', 'Pragma': 'no-cache', 'Expires': 'Sat, 01 Jan 2000 00:00:00 GMT', 'X-Frame-Options': 'SAMEORIGIN', 'content-security-policy': "report-uri https://www.instagram.com/security/csp_report/; default-src 'self' https://www.instagram.com; img-src data: blob: https://*.fbcdn.net https://*.instagram.com https://*.cdninstagram.com https://*.facebook.com https://*.fbsbx.com https://*.giphy.com; font-src data: https://*.fbcdn.net https://*.instagram.com https://*.cdninstagram.com; media-src 'self' blob: https://www.instagram.com https://*.cdninstagram.com https://*.fbcdn.net; manifest-src 'self' https://www.instagram.com; script-src 'self' https://instagram.com https://www.instagram.com https://*.www.instagram.com https://*.cdninstagram.com wss://www.instagram.com https://*.facebook.com https://*.fbcdn.net https://*.facebook.net 'unsafe-inline' 'unsafe-eval' blob:; style-src 'self' https://*.www.instagram.com https://www.instagram.com 'unsafe-inline'; connect-src 'self' https://instagram.com https://www.instagram.com https://*.www.instagram.com https://graph.instagram.com https://*.graph.instagram.com https://i.instagram.com/graphql_www https://graphql.instagram.com https://*.cdninstagram.com https://api.instagram.com https://i.instagram.com https://*.i.instagram.com https://*.od.instagram.com wss://www.instagram.com wss://edge-chat.instagram.com https://*.facebook.com https://*.fbcdn.net https://*.facebook.net chrome-extension://boadgeojelhgndaghljhdicfkmllpafd blob:; worker-src 'self' blob: https://www.instagram.com; frame-src 'self' https://instagram.com https://www.instagram.com https://*.instagram.com https://staticxx.facebook.com https://www.facebook.com https://web.facebook.com https://connect.facebook.net https://m.facebook.com; object-src 'none'; upgrade-insecure-requests", 'origin-trial': 'AuqWincgAuXeuu3KypEMnrrFEJHySaesyJS3EaIH40zvafzrU0Irhb7+5QwZpOqMZrPTjgvFl7Z5jJgy1dNAcQMAAAB6eyJvcmlnaW4iOiJodHRwczovL2luc3RhZ3JhbS5jb206NDQzIiwiZmVhdHVyZSI6IkNyb3NzT3JpZ2luT3BlbmVyUG9saWN5UmVwb3J0aW5nIiwiZXhwaXJ5IjoxNjEzNDExNjYyLCJpc1N1YmRvbWFpbiI6dHJ1ZX0=', 'report-to': '{"group": "coop", "max_age": 86400, "endpoints": [{"url": "/security/coop_report/"}]}', 'cross-origin-opener-policy': 'same-origin-allow-popups;report-to="coop"', 'X-Content-Type-Options': 'nosniff', 'X-XSS-Protection': '0', 'x-ig-push-state': 'c2', 'x-aed': '48', 'Access-Control-Expose-Headers': 'X-IG-Set-WWW-Claim', 'x-ig-request-elapsed-time-ms': '210', 'x-ig-peak-time': '0', 'Set-Cookie': 'csrftoken=qtSdrZRTGdFcq5QkaqMdr6bzP3XsvE5Y; Domain=.instagram.com; expires=Wed, 15-Mar-2023 05:16:49 GMT; Max-Age=31449600; Path=/; Secure, mid=YjFywQAEAAGOMq1q_cysuVv5FPVb; Domain=.instagram.com; expires=Fri, 15-Mar-2024 05:16:49 GMT; Max-Age=63072000; Path=/; Secure, ig_did=D059EB72-7704-4A71-BE6A-BABB89E66DA3; Domain=.instagram.com; expires=Fri, 15-Mar-2024 05:16:49 GMT; HttpOnly; Max-Age=63072000; Path=/; Secure, ig_nrcb=1; Domain=.instagram.com; expires=Thu, 16-Mar-2023 05:16:49 GMT; Max-Age=31536000; Path=/; Secure', 'x-ig-origin-region': 'frc', 'X-FB-TRIP-ID': '1679558926', 'Alt-Svc': 'h3=":443"; ma=86400,h3-29=":443"; ma=86400', 'Connection': 'keep-alive', 'Content-Length': '29795'}
rPs1o5vxxi	200	{'Content-Type': 'text/html; charset=utf-8', 'Vary': 'Accept-Language, Cookie, Accept-Encoding', 'Content-Language': 'en', 'Date': 'Tue, 22 Mar 2022 02:12:09 GMT', 'Content-Encoding': 'gzip', 'Strict-Transport-Security': 'max-age=31536000', 'Cache-Control': 'private, no-cache, no-store, must-revalidate', 'Pragma': 'no-cache', 'Expires': 'Sat, 01 Jan 2000 00:00:00 GMT', 'X-Frame-Options': 'SAMEORIGIN', 'content-security-policy': "report-uri https://www.instagram.com/security/csp_report/; default-src 'self' https://www.instagram.com; img-src data: blob: https://*.fbcdn.net https://*.instagram.com https://*.cdninstagram.com https://*.facebook.com https://*.fbsbx.com https://*.giphy.com; font-src data: https://*.fbcdn.net https://*.instagram.com https://*.cdninstagram.com; media-src 'self' blob: https://www.instagram.com https://*.cdninstagram.com https://*.fbcdn.net; manifest-src 'self' https://www.instagram.com; script-src 'self' https://instagram.com https://www.instagram.com https://*.www.instagram.com https://*.cdninstagram.com wss://www.instagram.com https://*.facebook.com https://*.fbcdn.net https://*.facebook.net 'unsafe-inline' 'unsafe-eval' blob:; style-src 'self' https://*.www.instagram.com https://www.instagram.com 'unsafe-inline'; connect-src 'self' https://instagram.com https://www.instagram.com https://*.www.instagram.com https://graph.instagram.com https://*.graph.instagram.com https://i.instagram.com/graphql_www https://graphql.instagram.com https://*.cdninstagram.com https://api.instagram.com https://i.instagram.com https://*.i.instagram.com https://*.od.instagram.com wss://www.instagram.com wss://edge-chat.instagram.com https://*.facebook.com https://*.fbcdn.net https://*.facebook.net chrome-extension://boadgeojelhgndaghljhdicfkmllpafd blob:; worker-src 'self' blob: https://www.instagram.com; frame-src 'self' https://instagram.com https://www.instagram.com https://*.instagram.com https://staticxx.facebook.com https://www.facebook.com https://web.facebook.com https://connect.facebook.net https://m.facebook.com; object-src 'none'; upgrade-insecure-requests", 'origin-trial': 'AuqWincgAuXeuu3KypEMnrrFEJHySaesyJS3EaIH40zvafzrU0Irhb7+5QwZpOqMZrPTjgvFl7Z5jJgy1dNAcQMAAAB6eyJvcmlnaW4iOiJodHRwczovL2luc3RhZ3JhbS5jb206NDQzIiwiZmVhdHVyZSI6IkNyb3NzT3JpZ2luT3BlbmVyUG9saWN5UmVwb3J0aW5nIiwiZXhwaXJ5IjoxNjEzNDExNjYyLCJpc1N1YmRvbWFpbiI6dHJ1ZX0=', 'report-to': '{"group": "coop", "max_age": 86400, "endpoints": [{"url": "/security/coop_report/"}]}', 'cross-origin-opener-policy': 'same-origin-allow-popups;report-to="coop"', 'X-Content-Type-Options': 'nosniff', 'X-XSS-Protection': '0', 'x-ig-push-state': 'c2', 'x-aed': '48', 'Access-Control-Expose-Headers': 'X-IG-Set-WWW-Claim', 'x-ig-request-elapsed-time-ms': '242', 'x-ig-peak-time': '0', 'Set-Cookie': 'csrftoken=loVjIZYSKQvz3W23UUgGIv0ixyrJL2gq; Domain=.instagram.com; expires=Tue, 21-Mar-2023 02:12:09 GMT; Max-Age=31449600; Path=/; Secure, mid=YjkweQAEAAHuKMC8V0rCtWrPUAgl; Domain=.instagram.com; expires=Thu, 21-Mar-2024 02:12:09 GMT; Max-Age=63072000; Path=/; Secure, ig_did=3C9AE6BC-2C10-4A62-A8D0-E0D122050EBC; Domain=.instagram.com; expires=Thu, 21-Mar-2024 02:12:09 GMT; HttpOnly; Max-Age=63072000; Path=/; Secure, ig_nrcb=1; Domain=.instagram.com; expires=Wed, 22-Mar-2023 02:12:09 GMT; Max-Age=31536000; Path=/; Secure', 'x-ig-origin-region': 'rva', 'X-FB-TRIP-ID': '1679558926', 'Alt-Svc': 'h3=":443"; ma=86400,h3-29=":443"; ma=86400', 'Connection': 'keep-alive', 'Content-Length': '31139'}
rQpQw0Iok6	404	{'Content-Type': 'text/html; charset=utf-8', 'Vary': 'Accept-Language, Cookie', 'Content-Language': 'en', 'Date': 'Tue, 22 Mar 2022 02:17:10 GMT', 'Strict-Transport-Security': 'max-age=31536000', 'Cache-Control': 'private, no-cache, no-store, must-revalidate', 'Pragma': 'no-cache', 'Expires': 'Sat, 01 Jan 2000 00:00:00 GMT', 'X-Frame-Options': 'SAMEORIGIN', 'content-security-policy': "report-uri https://www.instagram.com/security/csp_report/; default-src 'self' https://www.instagram.com; img-src data: blob: https://*.fbcdn.net https://*.instagram.com https://*.cdninstagram.com https://*.facebook.com https://*.fbsbx.com https://*.giphy.com; font-src data: https://*.fbcdn.net https://*.instagram.com https://*.cdninstagram.com; media-src 'self' blob: https://www.instagram.com https://*.cdninstagram.com https://*.fbcdn.net; manifest-src 'self' https://www.instagram.com; script-src 'self' https://instagram.com https://www.instagram.com https://*.www.instagram.com https://*.cdninstagram.com wss://www.instagram.com https://*.facebook.com https://*.fbcdn.net https://*.facebook.net 'unsafe-inline' 'unsafe-eval' blob:; style-src 'self' https://*.www.instagram.com https://www.instagram.com 'unsafe-inline'; connect-src 'self' https://instagram.com https://www.instagram.com https://*.www.instagram.com https://graph.instagram.com https://*.graph.instagram.com https://i.instagram.com/graphql_www https://graphql.instagram.com https://*.cdninstagram.com https://api.instagram.com https://i.instagram.com https://*.i.instagram.com https://*.od.instagram.com wss://www.instagram.com wss://edge-chat.instagram.com https://*.facebook.com https://*.fbcdn.net https://*.facebook.net chrome-extension://boadgeojelhgndaghljhdicfkmllpafd blob:; worker-src 'self' blob: https://www.instagram.com; frame-src 'self' https://instagram.com https://www.instagram.com https://*.instagram.com https://staticxx.facebook.com https://www.facebook.com https://web.facebook.com https://connect.facebook.net https://m.facebook.com; object-src 'none'; upgrade-insecure-requests", 'cross-origin-embedder-policy-report-only': 'require-corp;report-to="coep"', 'report-to': '{"group": "coep", "max_age": 86400, "endpoints": [{"url": "/security/coep_report/"}]},{"group": "coop", "max_age": 86400, "endpoints": [{"url": "/security/coop_report/"}]}', 'origin-trial': 'AuqWincgAuXeuu3KypEMnrrFEJHySaesyJS3EaIH40zvafzrU0Irhb7+5QwZpOqMZrPTjgvFl7Z5jJgy1dNAcQMAAAB6eyJvcmlnaW4iOiJodHRwczovL2luc3RhZ3JhbS5jb206NDQzIiwiZmVhdHVyZSI6IkNyb3NzT3JpZ2luT3BlbmVyUG9saWN5UmVwb3J0aW5nIiwiZXhwaXJ5IjoxNjEzNDExNjYyLCJpc1N1YmRvbWFpbiI6dHJ1ZX0=', 'cross-origin-opener-policy': 'same-origin-allow-popups;report-to="coop"', 'X-Content-Type-Options': 'nosniff', 'X-XSS-Protection': '0', 'x-ig-push-state': 'c2', 'x-aed': '48', 'Access-Control-Expose-Headers': 'X-IG-Set-WWW-Claim', 'x-ig-request-elapsed-time-ms': '116', 'x-ig-peak-time': '0', 'Set-Cookie': 'csrftoken=23qHqCDcIFrm6zcKYYi9lNHqKdVNLUah; Domain=.instagram.com; expires=Tue, 21-Mar-2023 02:17:10 GMT; Max-Age=31449600; Path=/; Secure, mid=YjkxpgAEAAFamTni4MGz9obXIvN4; Domain=.instagram.com; expires=Thu, 21-Mar-2024 02:17:10 GMT; Max-Age=63072000; Path=/; Secure, ig_did=BE698653-82BA-453E-93E5-7B5CA2F1DE47; Domain=.instagram.com; expires=Thu, 21-Mar-2024 02:17:10 GMT; HttpOnly; Max-Age=63072000; Path=/; Secure, ig_nrcb=1; Domain=.instagram.com; expires=Wed, 22-Mar-2023 02:17:10 GMT; Max-Age=31536000; Path=/; Secure', 'x-ig-origin-region': 'rva', 'X-FB-TRIP-ID': '1679558926', 'Alt-Svc': 'h3=":443"; ma=86400,h3-29=":443"; ma=86400', 'Connection': 'keep-alive', 'Content-Length': '91270'}
rR11hHCigS	200	{'Content-Type': 'text/html; charset=utf-8', 'Vary': 'Accept-Language, Cookie, Accept-Encoding', 'Content-Language': 'en', 'Date': 'Tue, 22 Mar 2022 02:22:11 GMT', 'Content-Encoding': 'gzip', 'Strict-Transport-Security': 'max-age=31536000', 'Cache-Control': 'private, no-cache, no-store, must-revalidate', 'Pragma': 'no-cache', 'Expires': 'Sat, 01 Jan 2000 00:00:00 GMT', 'X-Frame-Options': 'SAMEORIGIN', 'content-security-policy': "report-uri https://www.instagram.com/security/csp_report/; default-src 'self' https://www.instagram.com; img-src data: blob: https://*.fbcdn.net https://*.instagram.com https://*.cdninstagram.com https://*.facebook.com https://*.fbsbx.com https://*.giphy.com; font-src data: https://*.fbcdn.net https://*.instagram.com https://*.cdninstagram.com; media-src 'self' blob: https://www.instagram.com https://*.cdninstagram.com https://*.fbcdn.net; manifest-src 'self' https://www.instagram.com; script-src 'self' https://instagram.com https://www.instagram.com https://*.www.instagram.com https://*.cdninstagram.com wss://www.instagram.com https://*.facebook.com https://*.fbcdn.net https://*.facebook.net 'unsafe-inline' 'unsafe-eval' blob:; style-src 'self' https://*.www.instagram.com https://www.instagram.com 'unsafe-inline'; connect-src 'self' https://instagram.com https://www.instagram.com https://*.www.instagram.com https://graph.instagram.com https://*.graph.instagram.com https://i.instagram.com/graphql_www https://graphql.instagram.com https://*.cdninstagram.com https://api.instagram.com https://i.instagram.com https://*.i.instagram.com https://*.od.instagram.com wss://www.instagram.com wss://edge-chat.instagram.com https://*.facebook.com https://*.fbcdn.net https://*.facebook.net chrome-extension://boadgeojelhgndaghljhdicfkmllpafd blob:; worker-src 'self' blob: https://www.instagram.com; frame-src 'self' https://instagram.com https://www.instagram.com https://*.instagram.com https://staticxx.facebook.com https://www.facebook.com https://web.facebook.com https://connect.facebook.net https://m.facebook.com; object-src 'none'; upgrade-insecure-requests", 'origin-trial': 'AuqWincgAuXeuu3KypEMnrrFEJHySaesyJS3EaIH40zvafzrU0Irhb7+5QwZpOqMZrPTjgvFl7Z5jJgy1dNAcQMAAAB6eyJvcmlnaW4iOiJodHRwczovL2luc3RhZ3JhbS5jb206NDQzIiwiZmVhdHVyZSI6IkNyb3NzT3JpZ2luT3BlbmVyUG9saWN5UmVwb3J0aW5nIiwiZXhwaXJ5IjoxNjEzNDExNjYyLCJpc1N1YmRvbWFpbiI6dHJ1ZX0=', 'report-to': '{"group": "coop", "max_age": 86400, "endpoints": [{"url": "/security/coop_report/"}]}', 'cross-origin-opener-policy': 'same-origin-allow-popups;report-to="coop"', 'X-Content-Type-Options': 'nosniff', 'X-XSS-Protection': '0', 'x-ig-push-state': 'c2', 'x-aed': '48', 'Access-Control-Expose-Headers': 'X-IG-Set-WWW-Claim', 'x-ig-request-elapsed-time-ms': '554', 'x-ig-peak-time': '0', 'Set-Cookie': 'csrftoken=zC4GNOwPGbf68Yp4AjKbumF0ic95L08x; Domain=.instagram.com; expires=Tue, 21-Mar-2023 02:22:11 GMT; Max-Age=31449600; Path=/; Secure, mid=Yjky0wAEAAFo1IQhNr_fgQLciAp_; Domain=.instagram.com; expires=Thu, 21-Mar-2024 02:22:11 GMT; Max-Age=63072000; Path=/; Secure, ig_did=016ACF09-13DA-49D7-8269-BC94B98D47FE; Domain=.instagram.com; expires=Thu, 21-Mar-2024 02:22:11 GMT; HttpOnly; Max-Age=63072000; Path=/; Secure, ig_nrcb=1; Domain=.instagram.com; expires=Wed, 22-Mar-2023 02:22:11 GMT; Max-Age=31536000; Path=/; Secure', 'x-ig-origin-region': 'rva', 'X-FB-TRIP-ID': '1679558926', 'Alt-Svc': 'h3=":443"; ma=86400,h3-29=":443"; ma=86400', 'Connection': 'keep-alive', 'Content-Length': '29840'}
rroBNZIHAf	200	{'Content-Type': 'text/html; charset=utf-8', 'Vary': 'Accept-Language, Cookie, Accept-Encoding', 'Content-Language': 'en', 'Date': 'Tue, 22 Mar 2022 04:57:14 GMT', 'Content-Encoding': 'gzip', 'Strict-Transport-Security': 'max-age=31536000', 'Cache-Control': 'private, no-cache, no-store, must-revalidate', 'Pragma': 'no-cache', 'Expires': 'Sat, 01 Jan 2000 00:00:00 GMT', 'X-Frame-Options': 'SAMEORIGIN', 'content-security-policy': "report-uri https://www.instagram.com/security/csp_report/; default-src 'self' https://www.instagram.com; img-src data: blob: https://*.fbcdn.net https://*.instagram.com https://*.cdninstagram.com https://*.facebook.com https://*.fbsbx.com https://*.giphy.com; font-src data: https://*.fbcdn.net https://*.instagram.com https://*.cdninstagram.com; media-src 'self' blob: https://www.instagram.com https://*.cdninstagram.com https://*.fbcdn.net; manifest-src 'self' https://www.instagram.com; script-src 'self' https://instagram.com https://www.instagram.com https://*.www.instagram.com https://*.cdninstagram.com wss://www.instagram.com https://*.facebook.com https://*.fbcdn.net https://*.facebook.net 'unsafe-inline' 'unsafe-eval' blob:; style-src 'self' https://*.www.instagram.com https://www.instagram.com 'unsafe-inline'; connect-src 'self' https://instagram.com https://www.instagram.com https://*.www.instagram.com https://graph.instagram.com https://*.graph.instagram.com https://i.instagram.com/graphql_www https://graphql.instagram.com https://*.cdninstagram.com https://api.instagram.com https://i.instagram.com https://*.i.instagram.com https://*.od.instagram.com wss://www.instagram.com wss://edge-chat.instagram.com https://*.facebook.com https://*.fbcdn.net https://*.facebook.net chrome-extension://boadgeojelhgndaghljhdicfkmllpafd blob:; worker-src 'self' blob: https://www.instagram.com; frame-src 'self' https://instagram.com https://www.instagram.com https://*.instagram.com https://staticxx.facebook.com https://www.facebook.com https://web.facebook.com https://connect.facebook.net https://m.facebook.com; object-src 'none'; upgrade-insecure-requests", 'origin-trial': 'AuqWincgAuXeuu3KypEMnrrFEJHySaesyJS3EaIH40zvafzrU0Irhb7+5QwZpOqMZrPTjgvFl7Z5jJgy1dNAcQMAAAB6eyJvcmlnaW4iOiJodHRwczovL2luc3RhZ3JhbS5jb206NDQzIiwiZmVhdHVyZSI6IkNyb3NzT3JpZ2luT3BlbmVyUG9saWN5UmVwb3J0aW5nIiwiZXhwaXJ5IjoxNjEzNDExNjYyLCJpc1N1YmRvbWFpbiI6dHJ1ZX0=', 'report-to': '{"group": "coop", "max_age": 86400, "endpoints": [{"url": "/security/coop_report/"}]}', 'cross-origin-opener-policy': 'same-origin-allow-popups;report-to="coop"', 'X-Content-Type-Options': 'nosniff', 'X-XSS-Protection': '0', 'x-ig-push-state': 'c2', 'x-aed': '48', 'Access-Control-Expose-Headers': 'X-IG-Set-WWW-Claim', 'x-ig-request-elapsed-time-ms': '471', 'x-ig-peak-time': '0', 'Set-Cookie': 'csrftoken=7VA0o1s2BL9EvepfTYM81nkkqVSrwN5N; Domain=.instagram.com; expires=Tue, 21-Mar-2023 04:57:14 GMT; Max-Age=31449600; Path=/; Secure, mid=YjlXKQAEAAHAj2oYss8NBsxLmG8k; Domain=.instagram.com; expires=Thu, 21-Mar-2024 04:57:14 GMT; Max-Age=63072000; Path=/; Secure, ig_did=6CC044DF-C439-4691-9865-DC03B6F50F61; Domain=.instagram.com; expires=Thu, 21-Mar-2024 04:57:14 GMT; HttpOnly; Max-Age=63072000; Path=/; Secure, ig_nrcb=1; Domain=.instagram.com; expires=Wed, 22-Mar-2023 04:57:14 GMT; Max-Age=31536000; Path=/; Secure', 'x-ig-origin-region': 'frc', 'X-FB-TRIP-ID': '1679558926', 'Alt-Svc': 'h3=":443"; ma=86400,h3-29=":443"; ma=86400', 'Connection': 'keep-alive', 'Content-Length': '34444'}
rTAtsHNfwi	200	{'Content-Type': 'text/html; charset=utf-8', 'Vary': 'Accept-Language, Cookie, Accept-Encoding', 'Content-Language': 'en', 'Date': 'Tue, 22 Mar 2022 05:02:15 GMT', 'Content-Encoding': 'gzip', 'Strict-Transport-Security': 'max-age=31536000', 'Cache-Control': 'private, no-cache, no-store, must-revalidate', 'Pragma': 'no-cache', 'Expires': 'Sat, 01 Jan 2000 00:00:00 GMT', 'X-Frame-Options': 'SAMEORIGIN', 'content-security-policy': "report-uri https://www.instagram.com/security/csp_report/; default-src 'self' https://www.instagram.com; img-src data: blob: https://*.fbcdn.net https://*.instagram.com https://*.cdninstagram.com https://*.facebook.com https://*.fbsbx.com https://*.giphy.com; font-src data: https://*.fbcdn.net https://*.instagram.com https://*.cdninstagram.com; media-src 'self' blob: https://www.instagram.com https://*.cdninstagram.com https://*.fbcdn.net; manifest-src 'self' https://www.instagram.com; script-src 'self' https://instagram.com https://www.instagram.com https://*.www.instagram.com https://*.cdninstagram.com wss://www.instagram.com https://*.facebook.com https://*.fbcdn.net https://*.facebook.net 'unsafe-inline' 'unsafe-eval' blob:; style-src 'self' https://*.www.instagram.com https://www.instagram.com 'unsafe-inline'; connect-src 'self' https://instagram.com https://www.instagram.com https://*.www.instagram.com https://graph.instagram.com https://*.graph.instagram.com https://i.instagram.com/graphql_www https://graphql.instagram.com https://*.cdninstagram.com https://api.instagram.com https://i.instagram.com https://*.i.instagram.com https://*.od.instagram.com wss://www.instagram.com wss://edge-chat.instagram.com https://*.facebook.com https://*.fbcdn.net https://*.facebook.net chrome-extension://boadgeojelhgndaghljhdicfkmllpafd blob:; worker-src 'self' blob: https://www.instagram.com; frame-src 'self' https://instagram.com https://www.instagram.com https://*.instagram.com https://staticxx.facebook.com https://www.facebook.com https://web.facebook.com https://connect.facebook.net https://m.facebook.com; object-src 'none'; upgrade-insecure-requests", 'origin-trial': 'AuqWincgAuXeuu3KypEMnrrFEJHySaesyJS3EaIH40zvafzrU0Irhb7+5QwZpOqMZrPTjgvFl7Z5jJgy1dNAcQMAAAB6eyJvcmlnaW4iOiJodHRwczovL2luc3RhZ3JhbS5jb206NDQzIiwiZmVhdHVyZSI6IkNyb3NzT3JpZ2luT3BlbmVyUG9saWN5UmVwb3J0aW5nIiwiZXhwaXJ5IjoxNjEzNDExNjYyLCJpc1N1YmRvbWFpbiI6dHJ1ZX0=', 'report-to': '{"group": "coop", "max_age": 86400, "endpoints": [{"url": "/security/coop_report/"}]}', 'cross-origin-opener-policy': 'same-origin-allow-popups;report-to="coop"', 'X-Content-Type-Options': 'nosniff', 'X-XSS-Protection': '0', 'x-ig-push-state': 'c2', 'x-aed': '48', 'Access-Control-Expose-Headers': 'X-IG-Set-WWW-Claim', 'x-ig-request-elapsed-time-ms': '221', 'x-ig-peak-time': '0', 'Set-Cookie': 'csrftoken=yZIjhASVRmjQQrWhh5aNaOVQg96CgRUJ; Domain=.instagram.com; expires=Tue, 21-Mar-2023 05:02:15 GMT; Max-Age=31449600; Path=/; Secure, mid=YjlYVwAEAAHR9Cez1IkVS1Wx3hXH; Domain=.instagram.com; expires=Thu, 21-Mar-2024 05:02:15 GMT; Max-Age=63072000; Path=/; Secure, ig_did=23D89CC1-9348-4DB3-9624-1694D2C75FCB; Domain=.instagram.com; expires=Thu, 21-Mar-2024 05:02:15 GMT; HttpOnly; Max-Age=63072000; Path=/; Secure, ig_nrcb=1; Domain=.instagram.com; expires=Wed, 22-Mar-2023 05:02:15 GMT; Max-Age=31536000; Path=/; Secure', 'x-ig-origin-region': 'frc', 'X-FB-TRIP-ID': '1679558926', 'Alt-Svc': 'h3=":443"; ma=86400,h3-29=":443"; ma=86400', 'Connection': 'keep-alive', 'Content-Length': '29799'}
rtK6EnirCI	404	{'Content-Type': 'text/html; charset=utf-8', 'Vary': 'Accept-Language, Cookie', 'Content-Language': 'en', 'Date': 'Tue, 22 Mar 2022 05:07:16 GMT', 'Strict-Transport-Security': 'max-age=31536000', 'Cache-Control': 'private, no-cache, no-store, must-revalidate', 'Pragma': 'no-cache', 'Expires': 'Sat, 01 Jan 2000 00:00:00 GMT', 'X-Frame-Options': 'SAMEORIGIN', 'content-security-policy': "report-uri https://www.instagram.com/security/csp_report/; default-src 'self' https://www.instagram.com; img-src data: blob: https://*.fbcdn.net https://*.instagram.com https://*.cdninstagram.com https://*.facebook.com https://*.fbsbx.com https://*.giphy.com; font-src data: https://*.fbcdn.net https://*.instagram.com https://*.cdninstagram.com; media-src 'self' blob: https://www.instagram.com https://*.cdninstagram.com https://*.fbcdn.net; manifest-src 'self' https://www.instagram.com; script-src 'self' https://instagram.com https://www.instagram.com https://*.www.instagram.com https://*.cdninstagram.com wss://www.instagram.com https://*.facebook.com https://*.fbcdn.net https://*.facebook.net 'unsafe-inline' 'unsafe-eval' blob:; style-src 'self' https://*.www.instagram.com https://www.instagram.com 'unsafe-inline'; connect-src 'self' https://instagram.com https://www.instagram.com https://*.www.instagram.com https://graph.instagram.com https://*.graph.instagram.com https://i.instagram.com/graphql_www https://graphql.instagram.com https://*.cdninstagram.com https://api.instagram.com https://i.instagram.com https://*.i.instagram.com https://*.od.instagram.com wss://www.instagram.com wss://edge-chat.instagram.com https://*.facebook.com https://*.fbcdn.net https://*.facebook.net chrome-extension://boadgeojelhgndaghljhdicfkmllpafd blob:; worker-src 'self' blob: https://www.instagram.com; frame-src 'self' https://instagram.com https://www.instagram.com https://*.instagram.com https://staticxx.facebook.com https://www.facebook.com https://web.facebook.com https://connect.facebook.net https://m.facebook.com; object-src 'none'; upgrade-insecure-requests", 'cross-origin-embedder-policy-report-only': 'require-corp;report-to="coep"', 'report-to': '{"group": "coep", "max_age": 86400, "endpoints": [{"url": "/security/coep_report/"}]},{"group": "coop", "max_age": 86400, "endpoints": [{"url": "/security/coop_report/"}]}', 'origin-trial': 'AuqWincgAuXeuu3KypEMnrrFEJHySaesyJS3EaIH40zvafzrU0Irhb7+5QwZpOqMZrPTjgvFl7Z5jJgy1dNAcQMAAAB6eyJvcmlnaW4iOiJodHRwczovL2luc3RhZ3JhbS5jb206NDQzIiwiZmVhdHVyZSI6IkNyb3NzT3JpZ2luT3BlbmVyUG9saWN5UmVwb3J0aW5nIiwiZXhwaXJ5IjoxNjEzNDExNjYyLCJpc1N1YmRvbWFpbiI6dHJ1ZX0=', 'cross-origin-opener-policy': 'same-origin-allow-popups;report-to="coop"', 'X-Content-Type-Options': 'nosniff', 'X-XSS-Protection': '0', 'x-ig-push-state': 'c2', 'x-aed': '48', 'Access-Control-Expose-Headers': 'X-IG-Set-WWW-Claim', 'x-ig-request-elapsed-time-ms': '157', 'x-ig-peak-time': '0', 'Set-Cookie': 'csrftoken=S5rxEsGEzM5rILJotON13uxPU8q0ur1f; Domain=.instagram.com; expires=Tue, 21-Mar-2023 05:07:16 GMT; Max-Age=31449600; Path=/; Secure, mid=YjlZhAAEAAG-iKhWiRWmXYdK2gGp; Domain=.instagram.com; expires=Thu, 21-Mar-2024 05:07:16 GMT; Max-Age=63072000; Path=/; Secure, ig_did=238EA49B-D153-4BD6-B7BA-518DBD3642DF; Domain=.instagram.com; expires=Thu, 21-Mar-2024 05:07:16 GMT; HttpOnly; Max-Age=63072000; Path=/; Secure, ig_nrcb=1; Domain=.instagram.com; expires=Wed, 22-Mar-2023 05:07:16 GMT; Max-Age=31536000; Path=/; Secure', 'x-ig-origin-region': 'frc', 'X-FB-TRIP-ID': '1679558926', 'Alt-Svc': 'h3=":443"; ma=86400,h3-29=":443"; ma=86400', 'Connection': 'keep-alive', 'Content-Length': '91274'}
rTRbFmmqFK	404	{'Content-Type': 'text/html; charset=utf-8', 'Vary': 'Accept-Language, Cookie', 'Content-Language': 'en', 'Date': 'Tue, 22 Mar 2022 06:13:11 GMT', 'Strict-Transport-Security': 'max-age=31536000', 'Cache-Control': 'private, no-cache, no-store, must-revalidate', 'Pragma': 'no-cache', 'Expires': 'Sat, 01 Jan 2000 00:00:00 GMT', 'X-Frame-Options': 'SAMEORIGIN', 'content-security-policy': "report-uri https://www.instagram.com/security/csp_report/; default-src 'self' https://www.instagram.com; img-src data: blob: https://*.fbcdn.net https://*.instagram.com https://*.cdninstagram.com https://*.facebook.com https://*.fbsbx.com https://*.giphy.com; font-src data: https://*.fbcdn.net https://*.instagram.com https://*.cdninstagram.com; media-src 'self' blob: https://www.instagram.com https://*.cdninstagram.com https://*.fbcdn.net; manifest-src 'self' https://www.instagram.com; script-src 'self' https://instagram.com https://www.instagram.com https://*.www.instagram.com https://*.cdninstagram.com wss://www.instagram.com https://*.facebook.com https://*.fbcdn.net https://*.facebook.net 'unsafe-inline' 'unsafe-eval' blob:; style-src 'self' https://*.www.instagram.com https://www.instagram.com 'unsafe-inline'; connect-src 'self' https://instagram.com https://www.instagram.com https://*.www.instagram.com https://graph.instagram.com https://*.graph.instagram.com https://i.instagram.com/graphql_www https://graphql.instagram.com https://*.cdninstagram.com https://api.instagram.com https://i.instagram.com https://*.i.instagram.com https://*.od.instagram.com wss://www.instagram.com wss://edge-chat.instagram.com https://*.facebook.com https://*.fbcdn.net https://*.facebook.net chrome-extension://boadgeojelhgndaghljhdicfkmllpafd blob:; worker-src 'self' blob: https://www.instagram.com; frame-src 'self' https://instagram.com https://www.instagram.com https://*.instagram.com https://staticxx.facebook.com https://www.facebook.com https://web.facebook.com https://connect.facebook.net https://m.facebook.com; object-src 'none'; upgrade-insecure-requests", 'cross-origin-embedder-policy-report-only': 'require-corp;report-to="coep"', 'report-to': '{"group": "coep", "max_age": 86400, "endpoints": [{"url": "/security/coep_report/"}]},{"group": "coop", "max_age": 86400, "endpoints": [{"url": "/security/coop_report/"}]}', 'origin-trial': 'AuqWincgAuXeuu3KypEMnrrFEJHySaesyJS3EaIH40zvafzrU0Irhb7+5QwZpOqMZrPTjgvFl7Z5jJgy1dNAcQMAAAB6eyJvcmlnaW4iOiJodHRwczovL2luc3RhZ3JhbS5jb206NDQzIiwiZmVhdHVyZSI6IkNyb3NzT3JpZ2luT3BlbmVyUG9saWN5UmVwb3J0aW5nIiwiZXhwaXJ5IjoxNjEzNDExNjYyLCJpc1N1YmRvbWFpbiI6dHJ1ZX0=', 'cross-origin-opener-policy': 'same-origin-allow-popups;report-to="coop"', 'X-Content-Type-Options': 'nosniff', 'X-XSS-Protection': '0', 'x-ig-push-state': 'c2', 'x-aed': '48', 'Access-Control-Expose-Headers': 'X-IG-Set-WWW-Claim', 'x-ig-request-elapsed-time-ms': '171', 'x-ig-peak-time': '0', 'Set-Cookie': 'csrftoken=3mUZpP0u7qW8kkgktJFtygvc5eWxFpV6; Domain=.instagram.com; expires=Tue, 21-Mar-2023 06:13:11 GMT; Max-Age=31449600; Path=/; Secure, mid=Yjlo9gAEAAHayr8RuBQgj2ptua7o; Domain=.instagram.com; expires=Thu, 21-Mar-2024 06:13:11 GMT; Max-Age=63072000; Path=/; Secure, ig_did=918EF37D-E6DA-4756-BFE9-9961855F9C22; Domain=.instagram.com; expires=Thu, 21-Mar-2024 06:13:11 GMT; HttpOnly; Max-Age=63072000; Path=/; Secure, ig_nrcb=1; Domain=.instagram.com; expires=Wed, 22-Mar-2023 06:13:11 GMT; Max-Age=31536000; Path=/; Secure', 'x-ig-origin-region': 'ncg', 'X-FB-TRIP-ID': '1679558926', 'Alt-Svc': 'h3=":443"; ma=86400,h3-29=":443"; ma=86400', 'Connection': 'keep-alive', 'Content-Length': '91350'}
rU214QrHfk	404	{'Content-Type': 'text/html; charset=utf-8', 'Vary': 'Accept-Language, Cookie', 'Content-Language': 'en', 'Date': 'Tue, 22 Mar 2022 06:18:11 GMT', 'Strict-Transport-Security': 'max-age=31536000', 'Cache-Control': 'private, no-cache, no-store, must-revalidate', 'Pragma': 'no-cache', 'Expires': 'Sat, 01 Jan 2000 00:00:00 GMT', 'X-Frame-Options': 'SAMEORIGIN', 'content-security-policy': "report-uri https://www.instagram.com/security/csp_report/; default-src 'self' https://www.instagram.com; img-src data: blob: https://*.fbcdn.net https://*.instagram.com https://*.cdninstagram.com https://*.facebook.com https://*.fbsbx.com https://*.giphy.com; font-src data: https://*.fbcdn.net https://*.instagram.com https://*.cdninstagram.com; media-src 'self' blob: https://www.instagram.com https://*.cdninstagram.com https://*.fbcdn.net; manifest-src 'self' https://www.instagram.com; script-src 'self' https://instagram.com https://www.instagram.com https://*.www.instagram.com https://*.cdninstagram.com wss://www.instagram.com https://*.facebook.com https://*.fbcdn.net https://*.facebook.net 'unsafe-inline' 'unsafe-eval' blob:; style-src 'self' https://*.www.instagram.com https://www.instagram.com 'unsafe-inline'; connect-src 'self' https://instagram.com https://www.instagram.com https://*.www.instagram.com https://graph.instagram.com https://*.graph.instagram.com https://i.instagram.com/graphql_www https://graphql.instagram.com https://*.cdninstagram.com https://api.instagram.com https://i.instagram.com https://*.i.instagram.com https://*.od.instagram.com wss://www.instagram.com wss://edge-chat.instagram.com https://*.facebook.com https://*.fbcdn.net https://*.facebook.net chrome-extension://boadgeojelhgndaghljhdicfkmllpafd blob:; worker-src 'self' blob: https://www.instagram.com; frame-src 'self' https://instagram.com https://www.instagram.com https://*.instagram.com https://staticxx.facebook.com https://www.facebook.com https://web.facebook.com https://connect.facebook.net https://m.facebook.com; object-src 'none'; upgrade-insecure-requests", 'cross-origin-embedder-policy-report-only': 'require-corp;report-to="coep"', 'report-to': '{"group": "coep", "max_age": 86400, "endpoints": [{"url": "/security/coep_report/"}]},{"group": "coop", "max_age": 86400, "endpoints": [{"url": "/security/coop_report/"}]}', 'origin-trial': 'AuqWincgAuXeuu3KypEMnrrFEJHySaesyJS3EaIH40zvafzrU0Irhb7+5QwZpOqMZrPTjgvFl7Z5jJgy1dNAcQMAAAB6eyJvcmlnaW4iOiJodHRwczovL2luc3RhZ3JhbS5jb206NDQzIiwiZmVhdHVyZSI6IkNyb3NzT3JpZ2luT3BlbmVyUG9saWN5UmVwb3J0aW5nIiwiZXhwaXJ5IjoxNjEzNDExNjYyLCJpc1N1YmRvbWFpbiI6dHJ1ZX0=', 'cross-origin-opener-policy': 'same-origin-allow-popups;report-to="coop"', 'X-Content-Type-Options': 'nosniff', 'X-XSS-Protection': '0', 'x-ig-push-state': 'c2', 'x-aed': '48', 'Access-Control-Expose-Headers': 'X-IG-Set-WWW-Claim', 'x-ig-request-elapsed-time-ms': '129', 'x-ig-peak-time': '0', 'Set-Cookie': 'csrftoken=EsKK972iZ02aTEHb1DtaGJ8Z1xtlz2PB; Domain=.instagram.com; expires=Tue, 21-Mar-2023 06:18:11 GMT; Max-Age=31449600; Path=/; Secure, mid=YjlqIwAEAAEqRwkiC3PSn6eUl1V8; Domain=.instagram.com; expires=Thu, 21-Mar-2024 06:18:11 GMT; Max-Age=63072000; Path=/; Secure, ig_did=83242087-79F1-4566-8261-66941A1CB0A0; Domain=.instagram.com; expires=Thu, 21-Mar-2024 06:18:11 GMT; HttpOnly; Max-Age=63072000; Path=/; Secure, ig_nrcb=1; Domain=.instagram.com; expires=Wed, 22-Mar-2023 06:18:11 GMT; Max-Age=31536000; Path=/; Secure', 'x-ig-origin-region': 'ncg', 'X-FB-TRIP-ID': '1679558926', 'Alt-Svc': 'h3=":443"; ma=86400,h3-29=":443"; ma=86400', 'Connection': 'keep-alive', 'Content-Length': '91271'}
rU6rmvEc6Z	200	{'Content-Type': 'text/html; charset=utf-8', 'Vary': 'Accept-Language, Cookie, Accept-Encoding', 'Content-Language': 'en', 'Date': 'Tue, 22 Mar 2022 18:55:52 GMT', 'Content-Encoding': 'gzip', 'Strict-Transport-Security': 'max-age=31536000', 'Cache-Control': 'private, no-cache, no-store, must-revalidate', 'Pragma': 'no-cache', 'Expires': 'Sat, 01 Jan 2000 00:00:00 GMT', 'X-Frame-Options': 'SAMEORIGIN', 'content-security-policy': "report-uri https://www.instagram.com/security/csp_report/; default-src 'self' https://www.instagram.com; img-src data: blob: https://*.fbcdn.net https://*.instagram.com https://*.cdninstagram.com https://*.facebook.com https://*.fbsbx.com https://*.giphy.com; font-src data: https://*.fbcdn.net https://*.instagram.com https://*.cdninstagram.com; media-src 'self' blob: https://www.instagram.com https://*.cdninstagram.com https://*.fbcdn.net; manifest-src 'self' https://www.instagram.com; script-src 'self' https://instagram.com https://www.instagram.com https://*.www.instagram.com https://*.cdninstagram.com wss://www.instagram.com https://*.facebook.com https://*.fbcdn.net https://*.facebook.net 'unsafe-inline' 'unsafe-eval' blob:; style-src 'self' https://*.www.instagram.com https://www.instagram.com 'unsafe-inline'; connect-src 'self' https://instagram.com https://www.instagram.com https://*.www.instagram.com https://graph.instagram.com https://*.graph.instagram.com https://i.instagram.com/graphql_www https://graphql.instagram.com https://*.cdninstagram.com https://api.instagram.com https://i.instagram.com https://*.i.instagram.com https://*.od.instagram.com wss://www.instagram.com wss://edge-chat.instagram.com https://*.facebook.com https://*.fbcdn.net https://*.facebook.net chrome-extension://boadgeojelhgndaghljhdicfkmllpafd blob:; worker-src 'self' blob: https://www.instagram.com; frame-src 'self' https://instagram.com https://www.instagram.com https://*.instagram.com https://staticxx.facebook.com https://www.facebook.com https://web.facebook.com https://connect.facebook.net https://m.facebook.com; object-src 'none'; upgrade-insecure-requests", 'origin-trial': 'AuqWincgAuXeuu3KypEMnrrFEJHySaesyJS3EaIH40zvafzrU0Irhb7+5QwZpOqMZrPTjgvFl7Z5jJgy1dNAcQMAAAB6eyJvcmlnaW4iOiJodHRwczovL2luc3RhZ3JhbS5jb206NDQzIiwiZmVhdHVyZSI6IkNyb3NzT3JpZ2luT3BlbmVyUG9saWN5UmVwb3J0aW5nIiwiZXhwaXJ5IjoxNjEzNDExNjYyLCJpc1N1YmRvbWFpbiI6dHJ1ZX0=', 'report-to': '{"group": "coop", "max_age": 86400, "endpoints": [{"url": "/security/coop_report/"}]}', 'cross-origin-opener-policy': 'same-origin-allow-popups;report-to="coop"', 'X-Content-Type-Options': 'nosniff', 'X-XSS-Protection': '0', 'x-ig-push-state': 'c2', 'x-aed': '48', 'Access-Control-Expose-Headers': 'X-IG-Set-WWW-Claim', 'x-ig-request-elapsed-time-ms': '623', 'x-ig-peak-time': '1', 'Set-Cookie': 'csrftoken=SiJI7nUaT7cbqTWbqlbQiwtnSiYJncod; Domain=.instagram.com; expires=Tue, 21-Mar-2023 18:55:52 GMT; Max-Age=31449600; Path=/; Secure, mid=YjobuAAEAAFQM7nO7hGtO9a49pIc; Domain=.instagram.com; expires=Thu, 21-Mar-2024 18:55:52 GMT; Max-Age=63072000; Path=/; Secure, ig_did=B4D60F43-F11B-4EC4-AB92-D9EC8577ACD3; Domain=.instagram.com; expires=Thu, 21-Mar-2024 18:55:52 GMT; HttpOnly; Max-Age=63072000; Path=/; Secure, ig_nrcb=1; Domain=.instagram.com; expires=Wed, 22-Mar-2023 18:55:52 GMT; Max-Age=31536000; Path=/; Secure', 'x-ig-origin-region': 'vll', 'X-FB-TRIP-ID': '1679558926', 'Alt-Svc': 'h3=":443"; ma=86400,h3-29=":443"; ma=86400', 'Connection': 'keep-alive', 'Content-Length': '33515'}
ruand7LEW6	200	{'Content-Type': 'text/html; charset=utf-8', 'Vary': 'Accept-Language, Cookie, Accept-Encoding', 'Content-Language': 'en', 'Date': 'Tue, 22 Mar 2022 19:30:55 GMT', 'Content-Encoding': 'gzip', 'Strict-Transport-Security': 'max-age=31536000', 'Cache-Control': 'private, no-cache, no-store, must-revalidate', 'Pragma': 'no-cache', 'Expires': 'Sat, 01 Jan 2000 00:00:00 GMT', 'X-Frame-Options': 'SAMEORIGIN', 'content-security-policy': "report-uri https://www.instagram.com/security/csp_report/; default-src 'self' https://www.instagram.com; img-src data: blob: https://*.fbcdn.net https://*.instagram.com https://*.cdninstagram.com https://*.facebook.com https://*.fbsbx.com https://*.giphy.com; font-src data: https://*.fbcdn.net https://*.instagram.com https://*.cdninstagram.com; media-src 'self' blob: https://www.instagram.com https://*.cdninstagram.com https://*.fbcdn.net; manifest-src 'self' https://www.instagram.com; script-src 'self' https://instagram.com https://www.instagram.com https://*.www.instagram.com https://*.cdninstagram.com wss://www.instagram.com https://*.facebook.com https://*.fbcdn.net https://*.facebook.net 'unsafe-inline' 'unsafe-eval' blob:; style-src 'self' https://*.www.instagram.com https://www.instagram.com 'unsafe-inline'; connect-src 'self' https://instagram.com https://www.instagram.com https://*.www.instagram.com https://graph.instagram.com https://*.graph.instagram.com https://i.instagram.com/graphql_www https://graphql.instagram.com https://*.cdninstagram.com https://api.instagram.com https://i.instagram.com https://*.i.instagram.com https://*.od.instagram.com wss://www.instagram.com wss://edge-chat.instagram.com https://*.facebook.com https://*.fbcdn.net https://*.facebook.net chrome-extension://boadgeojelhgndaghljhdicfkmllpafd blob:; worker-src 'self' blob: https://www.instagram.com; frame-src 'self' https://instagram.com https://www.instagram.com https://*.instagram.com https://staticxx.facebook.com https://www.facebook.com https://web.facebook.com https://connect.facebook.net https://m.facebook.com; object-src 'none'; upgrade-insecure-requests", 'origin-trial': 'AuqWincgAuXeuu3KypEMnrrFEJHySaesyJS3EaIH40zvafzrU0Irhb7+5QwZpOqMZrPTjgvFl7Z5jJgy1dNAcQMAAAB6eyJvcmlnaW4iOiJodHRwczovL2luc3RhZ3JhbS5jb206NDQzIiwiZmVhdHVyZSI6IkNyb3NzT3JpZ2luT3BlbmVyUG9saWN5UmVwb3J0aW5nIiwiZXhwaXJ5IjoxNjEzNDExNjYyLCJpc1N1YmRvbWFpbiI6dHJ1ZX0=', 'report-to': '{"group": "coop", "max_age": 86400, "endpoints": [{"url": "/security/coop_report/"}]}', 'cross-origin-opener-policy': 'same-origin-allow-popups;report-to="coop"', 'X-Content-Type-Options': 'nosniff', 'X-XSS-Protection': '0', 'x-ig-push-state': 'c2', 'x-aed': '48', 'Access-Control-Expose-Headers': 'X-IG-Set-WWW-Claim', 'x-ig-request-elapsed-time-ms': '871', 'x-ig-peak-time': '1', 'Set-Cookie': 'csrftoken=cH4QhyD0SR7ukGZuWedZdWtVZ3P2qPC6; Domain=.instagram.com; expires=Tue, 21-Mar-2023 19:30:55 GMT; Max-Age=31449600; Path=/; Secure, mid=Yjoj7gAEAAEBnNL0SQXVyszPn1E6; Domain=.instagram.com; expires=Thu, 21-Mar-2024 19:30:55 GMT; Max-Age=63072000; Path=/; Secure, ig_did=B05F0C2A-7CEB-451E-9958-1FBB07A51886; Domain=.instagram.com; expires=Thu, 21-Mar-2024 19:30:55 GMT; HttpOnly; Max-Age=63072000; Path=/; Secure, ig_nrcb=1; Domain=.instagram.com; expires=Wed, 22-Mar-2023 19:30:55 GMT; Max-Age=31536000; Path=/; Secure', 'x-ig-origin-region': 'eag', 'X-FB-TRIP-ID': '1679558926', 'Alt-Svc': 'h3=":443"; ma=86400,h3-29=":443"; ma=86400', 'Connection': 'keep-alive', 'Content-Length': '33862'}
rUF31Gwlns	200	{'Content-Type': 'text/html; charset=utf-8', 'Vary': 'Accept-Language, Cookie, Accept-Encoding', 'Content-Language': 'en', 'Date': 'Tue, 22 Mar 2022 19:35:56 GMT', 'Content-Encoding': 'gzip', 'Strict-Transport-Security': 'max-age=31536000', 'Cache-Control': 'private, no-cache, no-store, must-revalidate', 'Pragma': 'no-cache', 'Expires': 'Sat, 01 Jan 2000 00:00:00 GMT', 'X-Frame-Options': 'SAMEORIGIN', 'content-security-policy': "report-uri https://www.instagram.com/security/csp_report/; default-src 'self' https://www.instagram.com; img-src data: blob: https://*.fbcdn.net https://*.instagram.com https://*.cdninstagram.com https://*.facebook.com https://*.fbsbx.com https://*.giphy.com; font-src data: https://*.fbcdn.net https://*.instagram.com https://*.cdninstagram.com; media-src 'self' blob: https://www.instagram.com https://*.cdninstagram.com https://*.fbcdn.net; manifest-src 'self' https://www.instagram.com; script-src 'self' https://instagram.com https://www.instagram.com https://*.www.instagram.com https://*.cdninstagram.com wss://www.instagram.com https://*.facebook.com https://*.fbcdn.net https://*.facebook.net 'unsafe-inline' 'unsafe-eval' blob:; style-src 'self' https://*.www.instagram.com https://www.instagram.com 'unsafe-inline'; connect-src 'self' https://instagram.com https://www.instagram.com https://*.www.instagram.com https://graph.instagram.com https://*.graph.instagram.com https://i.instagram.com/graphql_www https://graphql.instagram.com https://*.cdninstagram.com https://api.instagram.com https://i.instagram.com https://*.i.instagram.com https://*.od.instagram.com wss://www.instagram.com wss://edge-chat.instagram.com https://*.facebook.com https://*.fbcdn.net https://*.facebook.net chrome-extension://boadgeojelhgndaghljhdicfkmllpafd blob:; worker-src 'self' blob: https://www.instagram.com; frame-src 'self' https://instagram.com https://www.instagram.com https://*.instagram.com https://staticxx.facebook.com https://www.facebook.com https://web.facebook.com https://connect.facebook.net https://m.facebook.com; object-src 'none'; upgrade-insecure-requests", 'origin-trial': 'AuqWincgAuXeuu3KypEMnrrFEJHySaesyJS3EaIH40zvafzrU0Irhb7+5QwZpOqMZrPTjgvFl7Z5jJgy1dNAcQMAAAB6eyJvcmlnaW4iOiJodHRwczovL2luc3RhZ3JhbS5jb206NDQzIiwiZmVhdHVyZSI6IkNyb3NzT3JpZ2luT3BlbmVyUG9saWN5UmVwb3J0aW5nIiwiZXhwaXJ5IjoxNjEzNDExNjYyLCJpc1N1YmRvbWFpbiI6dHJ1ZX0=', 'report-to': '{"group": "coop", "max_age": 86400, "endpoints": [{"url": "/security/coop_report/"}]}', 'cross-origin-opener-policy': 'same-origin-allow-popups;report-to="coop"', 'X-Content-Type-Options': 'nosniff', 'X-XSS-Protection': '0', 'x-ig-push-state': 'c2', 'x-aed': '48', 'Access-Control-Expose-Headers': 'X-IG-Set-WWW-Claim', 'x-ig-request-elapsed-time-ms': '217', 'x-ig-peak-time': '1', 'Set-Cookie': 'csrftoken=o951aycktIBzZHhiuIMJ4MKmIqS2qPAr; Domain=.instagram.com; expires=Tue, 21-Mar-2023 19:35:56 GMT; Max-Age=31449600; Path=/; Secure, mid=YjolGwAEAAHwgp1CvGed1fYFi1Rd; Domain=.instagram.com; expires=Thu, 21-Mar-2024 19:35:56 GMT; Max-Age=63072000; Path=/; Secure, ig_did=ADB6B12B-0F00-4C0F-8416-9AA168400EBA; Domain=.instagram.com; expires=Thu, 21-Mar-2024 19:35:56 GMT; HttpOnly; Max-Age=63072000; Path=/; Secure, ig_nrcb=1; Domain=.instagram.com; expires=Wed, 22-Mar-2023 19:35:56 GMT; Max-Age=31536000; Path=/; Secure', 'x-ig-origin-region': 'eag', 'X-FB-TRIP-ID': '1679558926', 'Alt-Svc': 'h3=":443"; ma=86400,h3-29=":443"; ma=86400', 'Connection': 'keep-alive', 'Content-Length': '30557'}
rVAIykJjd3	200	{'Content-Type': 'text/html; charset=utf-8', 'Vary': 'Accept-Language, Cookie, Accept-Encoding', 'Content-Language': 'en', 'Date': 'Tue, 22 Mar 2022 19:40:57 GMT', 'Content-Encoding': 'gzip', 'Strict-Transport-Security': 'max-age=31536000', 'Cache-Control': 'private, no-cache, no-store, must-revalidate', 'Pragma': 'no-cache', 'Expires': 'Sat, 01 Jan 2000 00:00:00 GMT', 'X-Frame-Options': 'SAMEORIGIN', 'content-security-policy': "report-uri https://www.instagram.com/security/csp_report/; default-src 'self' https://www.instagram.com; img-src data: blob: https://*.fbcdn.net https://*.instagram.com https://*.cdninstagram.com https://*.facebook.com https://*.fbsbx.com https://*.giphy.com; font-src data: https://*.fbcdn.net https://*.instagram.com https://*.cdninstagram.com; media-src 'self' blob: https://www.instagram.com https://*.cdninstagram.com https://*.fbcdn.net; manifest-src 'self' https://www.instagram.com; script-src 'self' https://instagram.com https://www.instagram.com https://*.www.instagram.com https://*.cdninstagram.com wss://www.instagram.com https://*.facebook.com https://*.fbcdn.net https://*.facebook.net 'unsafe-inline' 'unsafe-eval' blob:; style-src 'self' https://*.www.instagram.com https://www.instagram.com 'unsafe-inline'; connect-src 'self' https://instagram.com https://www.instagram.com https://*.www.instagram.com https://graph.instagram.com https://*.graph.instagram.com https://i.instagram.com/graphql_www https://graphql.instagram.com https://*.cdninstagram.com https://api.instagram.com https://i.instagram.com https://*.i.instagram.com https://*.od.instagram.com wss://www.instagram.com wss://edge-chat.instagram.com https://*.facebook.com https://*.fbcdn.net https://*.facebook.net chrome-extension://boadgeojelhgndaghljhdicfkmllpafd blob:; worker-src 'self' blob: https://www.instagram.com; frame-src 'self' https://instagram.com https://www.instagram.com https://*.instagram.com https://staticxx.facebook.com https://www.facebook.com https://web.facebook.com https://connect.facebook.net https://m.facebook.com; object-src 'none'; upgrade-insecure-requests", 'origin-trial': 'AuqWincgAuXeuu3KypEMnrrFEJHySaesyJS3EaIH40zvafzrU0Irhb7+5QwZpOqMZrPTjgvFl7Z5jJgy1dNAcQMAAAB6eyJvcmlnaW4iOiJodHRwczovL2luc3RhZ3JhbS5jb206NDQzIiwiZmVhdHVyZSI6IkNyb3NzT3JpZ2luT3BlbmVyUG9saWN5UmVwb3J0aW5nIiwiZXhwaXJ5IjoxNjEzNDExNjYyLCJpc1N1YmRvbWFpbiI6dHJ1ZX0=', 'report-to': '{"group": "coop", "max_age": 86400, "endpoints": [{"url": "/security/coop_report/"}]}', 'cross-origin-opener-policy': 'same-origin-allow-popups;report-to="coop"', 'X-Content-Type-Options': 'nosniff', 'X-XSS-Protection': '0', 'x-ig-push-state': 'c2', 'x-aed': '48', 'Access-Control-Expose-Headers': 'X-IG-Set-WWW-Claim', 'x-ig-request-elapsed-time-ms': '903', 'x-ig-peak-time': '1', 'Set-Cookie': 'csrftoken=tu5K3udfUdOfINVvQhvkWNIDLhnlBryZ; Domain=.instagram.com; expires=Tue, 21-Mar-2023 19:40:57 GMT; Max-Age=31449600; Path=/; Secure, mid=YjomSAAEAAHTlpHFjzcG0AbV7WvD; Domain=.instagram.com; expires=Thu, 21-Mar-2024 19:40:57 GMT; Max-Age=63072000; Path=/; Secure, ig_did=187B110A-F005-4952-A535-CF7FE39CC276; Domain=.instagram.com; expires=Thu, 21-Mar-2024 19:40:57 GMT; HttpOnly; Max-Age=63072000; Path=/; Secure, ig_nrcb=1; Domain=.instagram.com; expires=Wed, 22-Mar-2023 19:40:57 GMT; Max-Age=31536000; Path=/; Secure', 'x-ig-origin-region': 'vll', 'X-FB-TRIP-ID': '1679558926', 'Alt-Svc': 'h3=":443"; ma=86400,h3-29=":443"; ma=86400', 'Connection': 'keep-alive', 'Content-Length': '33953'}
rvf4MayS5p	200	{'Content-Type': 'text/html; charset=utf-8', 'Vary': 'Accept-Language, Cookie, Accept-Encoding', 'Content-Language': 'en', 'Date': 'Tue, 22 Mar 2022 19:45:59 GMT', 'Content-Encoding': 'gzip', 'Strict-Transport-Security': 'max-age=31536000', 'Cache-Control': 'private, no-cache, no-store, must-revalidate', 'Pragma': 'no-cache', 'Expires': 'Sat, 01 Jan 2000 00:00:00 GMT', 'X-Frame-Options': 'SAMEORIGIN', 'content-security-policy': "report-uri https://www.instagram.com/security/csp_report/; default-src 'self' https://www.instagram.com; img-src data: blob: https://*.fbcdn.net https://*.instagram.com https://*.cdninstagram.com https://*.facebook.com https://*.fbsbx.com https://*.giphy.com; font-src data: https://*.fbcdn.net https://*.instagram.com https://*.cdninstagram.com; media-src 'self' blob: https://www.instagram.com https://*.cdninstagram.com https://*.fbcdn.net; manifest-src 'self' https://www.instagram.com; script-src 'self' https://instagram.com https://www.instagram.com https://*.www.instagram.com https://*.cdninstagram.com wss://www.instagram.com https://*.facebook.com https://*.fbcdn.net https://*.facebook.net 'unsafe-inline' 'unsafe-eval' blob:; style-src 'self' https://*.www.instagram.com https://www.instagram.com 'unsafe-inline'; connect-src 'self' https://instagram.com https://www.instagram.com https://*.www.instagram.com https://graph.instagram.com https://*.graph.instagram.com https://i.instagram.com/graphql_www https://graphql.instagram.com https://*.cdninstagram.com https://api.instagram.com https://i.instagram.com https://*.i.instagram.com https://*.od.instagram.com wss://www.instagram.com wss://edge-chat.instagram.com https://*.facebook.com https://*.fbcdn.net https://*.facebook.net chrome-extension://boadgeojelhgndaghljhdicfkmllpafd blob:; worker-src 'self' blob: https://www.instagram.com; frame-src 'self' https://instagram.com https://www.instagram.com https://*.instagram.com https://staticxx.facebook.com https://www.facebook.com https://web.facebook.com https://connect.facebook.net https://m.facebook.com; object-src 'none'; upgrade-insecure-requests", 'origin-trial': 'AuqWincgAuXeuu3KypEMnrrFEJHySaesyJS3EaIH40zvafzrU0Irhb7+5QwZpOqMZrPTjgvFl7Z5jJgy1dNAcQMAAAB6eyJvcmlnaW4iOiJodHRwczovL2luc3RhZ3JhbS5jb206NDQzIiwiZmVhdHVyZSI6IkNyb3NzT3JpZ2luT3BlbmVyUG9saWN5UmVwb3J0aW5nIiwiZXhwaXJ5IjoxNjEzNDExNjYyLCJpc1N1YmRvbWFpbiI6dHJ1ZX0=', 'report-to': '{"group": "coop", "max_age": 86400, "endpoints": [{"url": "/security/coop_report/"}]}', 'cross-origin-opener-policy': 'same-origin-allow-popups;report-to="coop"', 'X-Content-Type-Options': 'nosniff', 'X-XSS-Protection': '0', 'x-ig-push-state': 'c2', 'x-aed': '48', 'Access-Control-Expose-Headers': 'X-IG-Set-WWW-Claim', 'x-ig-request-elapsed-time-ms': '791', 'x-ig-peak-time': '1', 'Set-Cookie': 'csrftoken=iuqJDQmjXb8yg5FLznQcArEkc1Wx8a5N; Domain=.instagram.com; expires=Tue, 21-Mar-2023 19:45:59 GMT; Max-Age=31449600; Path=/; Secure, mid=YjondgAEAAH68YWkdKXB4Gzmey8n; Domain=.instagram.com; expires=Thu, 21-Mar-2024 19:45:59 GMT; Max-Age=63072000; Path=/; Secure, ig_did=CA4045F6-7B6F-42CD-BE9B-75D1E025E66A; Domain=.instagram.com; expires=Thu, 21-Mar-2024 19:45:59 GMT; HttpOnly; Max-Age=63072000; Path=/; Secure, ig_nrcb=1; Domain=.instagram.com; expires=Wed, 22-Mar-2023 19:45:59 GMT; Max-Age=31536000; Path=/; Secure', 'x-ig-origin-region': 'vll', 'X-FB-TRIP-ID': '1679558926', 'Alt-Svc': 'h3=":443"; ma=86400,h3-29=":443"; ma=86400', 'Connection': 'keep-alive', 'Content-Length': '34276'}
rvGyA5FzqC	200	{'Content-Type': 'text/html; charset=utf-8', 'Vary': 'Accept-Language, Cookie, Accept-Encoding', 'Content-Language': 'en', 'Date': 'Tue, 22 Mar 2022 19:51:00 GMT', 'Content-Encoding': 'gzip', 'Strict-Transport-Security': 'max-age=31536000', 'Cache-Control': 'private, no-cache, no-store, must-revalidate', 'Pragma': 'no-cache', 'Expires': 'Sat, 01 Jan 2000 00:00:00 GMT', 'X-Frame-Options': 'SAMEORIGIN', 'content-security-policy': "report-uri https://www.instagram.com/security/csp_report/; default-src 'self' https://www.instagram.com; img-src data: blob: https://*.fbcdn.net https://*.instagram.com https://*.cdninstagram.com https://*.facebook.com https://*.fbsbx.com https://*.giphy.com; font-src data: https://*.fbcdn.net https://*.instagram.com https://*.cdninstagram.com; media-src 'self' blob: https://www.instagram.com https://*.cdninstagram.com https://*.fbcdn.net; manifest-src 'self' https://www.instagram.com; script-src 'self' https://instagram.com https://www.instagram.com https://*.www.instagram.com https://*.cdninstagram.com wss://www.instagram.com https://*.facebook.com https://*.fbcdn.net https://*.facebook.net 'unsafe-inline' 'unsafe-eval' blob:; style-src 'self' https://*.www.instagram.com https://www.instagram.com 'unsafe-inline'; connect-src 'self' https://instagram.com https://www.instagram.com https://*.www.instagram.com https://graph.instagram.com https://*.graph.instagram.com https://i.instagram.com/graphql_www https://graphql.instagram.com https://*.cdninstagram.com https://api.instagram.com https://i.instagram.com https://*.i.instagram.com https://*.od.instagram.com wss://www.instagram.com wss://edge-chat.instagram.com https://*.facebook.com https://*.fbcdn.net https://*.facebook.net chrome-extension://boadgeojelhgndaghljhdicfkmllpafd blob:; worker-src 'self' blob: https://www.instagram.com; frame-src 'self' https://instagram.com https://www.instagram.com https://*.instagram.com https://staticxx.facebook.com https://www.facebook.com https://web.facebook.com https://connect.facebook.net https://m.facebook.com; object-src 'none'; upgrade-insecure-requests", 'origin-trial': 'AuqWincgAuXeuu3KypEMnrrFEJHySaesyJS3EaIH40zvafzrU0Irhb7+5QwZpOqMZrPTjgvFl7Z5jJgy1dNAcQMAAAB6eyJvcmlnaW4iOiJodHRwczovL2luc3RhZ3JhbS5jb206NDQzIiwiZmVhdHVyZSI6IkNyb3NzT3JpZ2luT3BlbmVyUG9saWN5UmVwb3J0aW5nIiwiZXhwaXJ5IjoxNjEzNDExNjYyLCJpc1N1YmRvbWFpbiI6dHJ1ZX0=', 'report-to': '{"group": "coop", "max_age": 86400, "endpoints": [{"url": "/security/coop_report/"}]}', 'cross-origin-opener-policy': 'same-origin-allow-popups;report-to="coop"', 'X-Content-Type-Options': 'nosniff', 'X-XSS-Protection': '0', 'x-ig-push-state': 'c2', 'x-aed': '48', 'Access-Control-Expose-Headers': 'X-IG-Set-WWW-Claim', 'x-ig-request-elapsed-time-ms': '759', 'x-ig-peak-time': '1', 'Set-Cookie': 'csrftoken=IblkHOWDxN6HJDqpKRiv9Vj4o6lF0IDY; Domain=.instagram.com; expires=Tue, 21-Mar-2023 19:51:00 GMT; Max-Age=31449600; Path=/; Secure, mid=YjooowAEAAERDbSmuvr411aE-sIj; Domain=.instagram.com; expires=Thu, 21-Mar-2024 19:51:00 GMT; Max-Age=63072000; Path=/; Secure, ig_did=90CFC272-E9F8-4940-B19F-A9C935CBA3CC; Domain=.instagram.com; expires=Thu, 21-Mar-2024 19:51:00 GMT; HttpOnly; Max-Age=63072000; Path=/; Secure, ig_nrcb=1; Domain=.instagram.com; expires=Wed, 22-Mar-2023 19:51:00 GMT; Max-Age=31536000; Path=/; Secure', 'x-ig-origin-region': 'eag', 'X-FB-TRIP-ID': '1679558926', 'Alt-Svc': 'h3=":443"; ma=86400,h3-29=":443"; ma=86400', 'Connection': 'keep-alive', 'Content-Length': '34022'}
