CGa9vw6HggH	404	{'Content-Type': 'text/html; charset=utf-8', 'Vary': 'Accept-Language, Cookie', 'Content-Language': 'en', 'Date': 'Wed, 09 Mar 2022 15:59:15 GMT', 'Strict-Transport-Security': 'max-age=31536000', 'Cache-Control': 'private, no-cache, no-store, must-revalidate', 'Pragma': 'no-cache', 'Expires': 'Sat, 01 Jan 2000 00:00:00 GMT', 'X-Frame-Options': 'SAMEORIGIN', 'content-security-policy': "report-uri https://www.instagram.com/security/csp_report/; default-src 'self' https://www.instagram.com; img-src data: blob: https://*.fbcdn.net https://*.instagram.com https://*.cdninstagram.com https://*.facebook.com https://*.fbsbx.com https://*.giphy.com; font-src data: https://*.fbcdn.net https://*.instagram.com https://*.cdninstagram.com; media-src 'self' blob: https://www.instagram.com https://*.cdninstagram.com https://*.fbcdn.net; manifest-src 'self' https://www.instagram.com; script-src 'self' https://instagram.com https://www.instagram.com https://*.www.instagram.com https://*.cdninstagram.com wss://www.instagram.com https://*.facebook.com https://*.fbcdn.net https://*.facebook.net 'unsafe-inline' 'unsafe-eval' blob:; style-src 'self' https://*.www.instagram.com https://www.instagram.com 'unsafe-inline'; connect-src 'self' https://instagram.com https://www.instagram.com https://*.www.instagram.com https://graph.instagram.com https://*.graph.instagram.com https://i.instagram.com/graphql_www https://graphql.instagram.com https://*.cdninstagram.com https://api.instagram.com https://i.instagram.com https://*.i.instagram.com https://*.od.instagram.com wss://www.instagram.com wss://edge-chat.instagram.com https://*.facebook.com https://*.fbcdn.net https://*.facebook.net chrome-extension://boadgeojelhgndaghljhdicfkmllpafd blob:; worker-src 'self' blob: https://www.instagram.com; frame-src 'self' https://instagram.com https://www.instagram.com https://*.instagram.com https://staticxx.facebook.com https://www.facebook.com https://web.facebook.com https://connect.facebook.net https://m.facebook.com; object-src 'none'; upgrade-insecure-requests", 'cross-origin-embedder-policy-report-only': 'require-corp;report-to="coep"', 'report-to': '{"group": "coep", "max_age": 86400, "endpoints": [{"url": "/security/coep_report/"}]},{"group": "coop", "max_age": 86400, "endpoints": [{"url": "/security/coop_report/"}]}', 'origin-trial': 'AuqWincgAuXeuu3KypEMnrrFEJHySaesyJS3EaIH40zvafzrU0Irhb7+5QwZpOqMZrPTjgvFl7Z5jJgy1dNAcQMAAAB6eyJvcmlnaW4iOiJodHRwczovL2luc3RhZ3JhbS5jb206NDQzIiwiZmVhdHVyZSI6IkNyb3NzT3JpZ2luT3BlbmVyUG9saWN5UmVwb3J0aW5nIiwiZXhwaXJ5IjoxNjEzNDExNjYyLCJpc1N1YmRvbWFpbiI6dHJ1ZX0=', 'cross-origin-opener-policy': 'same-origin-allow-popups;report-to="coop"', 'X-Content-Type-Options': 'nosniff', 'X-XSS-Protection': '0', 'x-ig-push-state': 'c2', 'x-aed': '48', 'Access-Control-Expose-Headers': 'X-IG-Set-WWW-Claim', 'x-ig-request-elapsed-time-ms': '183', 'x-ig-peak-time': '1', 'Set-Cookie': 'csrftoken=FAyDpDvnSh2SPH9QEKIAGrlq8Dhqcm7w; Domain=.instagram.com; expires=Wed, 08-Mar-2023 15:59:15 GMT; Max-Age=31449600; Path=/; Secure, mid=YijO0wAEAAGMjtP4e0KieoSP_iLt; Domain=.instagram.com; expires=Fri, 08-Mar-2024 15:59:15 GMT; Max-Age=63072000; Path=/; Secure, ig_did=A2455E3E-B9F0-4DE7-8F3B-FCB7D34273E2; Domain=.instagram.com; expires=Fri, 08-Mar-2024 15:59:15 GMT; HttpOnly; Max-Age=63072000; Path=/; Secure, ig_nrcb=1; Domain=.instagram.com; expires=Thu, 09-Mar-2023 15:59:15 GMT; Max-Age=31536000; Path=/; Secure', 'x-ig-origin-region': 'frc', 'X-FB-TRIP-ID': '1679558926', 'Alt-Svc': 'h3=":443"; ma=86400,h3-29=":443"; ma=86400', 'Connection': 'keep-alive', 'Content-Length': '90836'}
CGbtfSpBFGh	404	{'Content-Type': 'text/html; charset=utf-8', 'Vary': 'Accept-Language, Cookie', 'Content-Language': 'en', 'Date': 'Wed, 09 Mar 2022 15:59:26 GMT', 'Strict-Transport-Security': 'max-age=31536000', 'Cache-Control': 'private, no-cache, no-store, must-revalidate', 'Pragma': 'no-cache', 'Expires': 'Sat, 01 Jan 2000 00:00:00 GMT', 'X-Frame-Options': 'SAMEORIGIN', 'content-security-policy': "report-uri https://www.instagram.com/security/csp_report/; default-src 'self' https://www.instagram.com; img-src data: blob: https://*.fbcdn.net https://*.instagram.com https://*.cdninstagram.com https://*.facebook.com https://*.fbsbx.com https://*.giphy.com; font-src data: https://*.fbcdn.net https://*.instagram.com https://*.cdninstagram.com; media-src 'self' blob: https://www.instagram.com https://*.cdninstagram.com https://*.fbcdn.net; manifest-src 'self' https://www.instagram.com; script-src 'self' https://instagram.com https://www.instagram.com https://*.www.instagram.com https://*.cdninstagram.com wss://www.instagram.com https://*.facebook.com https://*.fbcdn.net https://*.facebook.net 'unsafe-inline' 'unsafe-eval' blob:; style-src 'self' https://*.www.instagram.com https://www.instagram.com 'unsafe-inline'; connect-src 'self' https://instagram.com https://www.instagram.com https://*.www.instagram.com https://graph.instagram.com https://*.graph.instagram.com https://i.instagram.com/graphql_www https://graphql.instagram.com https://*.cdninstagram.com https://api.instagram.com https://i.instagram.com https://*.i.instagram.com https://*.od.instagram.com wss://www.instagram.com wss://edge-chat.instagram.com https://*.facebook.com https://*.fbcdn.net https://*.facebook.net chrome-extension://boadgeojelhgndaghljhdicfkmllpafd blob:; worker-src 'self' blob: https://www.instagram.com; frame-src 'self' https://instagram.com https://www.instagram.com https://*.instagram.com https://staticxx.facebook.com https://www.facebook.com https://web.facebook.com https://connect.facebook.net https://m.facebook.com; object-src 'none'; upgrade-insecure-requests", 'cross-origin-embedder-policy-report-only': 'require-corp;report-to="coep"', 'report-to': '{"group": "coep", "max_age": 86400, "endpoints": [{"url": "/security/coep_report/"}]},{"group": "coop", "max_age": 86400, "endpoints": [{"url": "/security/coop_report/"}]}', 'origin-trial': 'AuqWincgAuXeuu3KypEMnrrFEJHySaesyJS3EaIH40zvafzrU0Irhb7+5QwZpOqMZrPTjgvFl7Z5jJgy1dNAcQMAAAB6eyJvcmlnaW4iOiJodHRwczovL2luc3RhZ3JhbS5jb206NDQzIiwiZmVhdHVyZSI6IkNyb3NzT3JpZ2luT3BlbmVyUG9saWN5UmVwb3J0aW5nIiwiZXhwaXJ5IjoxNjEzNDExNjYyLCJpc1N1YmRvbWFpbiI6dHJ1ZX0=', 'cross-origin-opener-policy': 'same-origin-allow-popups;report-to="coop"', 'X-Content-Type-Options': 'nosniff', 'X-XSS-Protection': '0', 'x-ig-push-state': 'c2', 'x-aed': '48', 'Access-Control-Expose-Headers': 'X-IG-Set-WWW-Claim', 'x-ig-request-elapsed-time-ms': '137', 'x-ig-peak-time': '1', 'Set-Cookie': 'csrftoken=0OSvterYJzhdS3pAnSNXk2ulkypkyuWW; Domain=.instagram.com; expires=Wed, 08-Mar-2023 15:59:26 GMT; Max-Age=31449600; Path=/; Secure, mid=YijO3gAEAAGUtage0od2HTJ0QUW8; Domain=.instagram.com; expires=Fri, 08-Mar-2024 15:59:26 GMT; Max-Age=63072000; Path=/; Secure, ig_did=8988A007-7701-451B-B0FF-A4CC4593B99D; Domain=.instagram.com; expires=Fri, 08-Mar-2024 15:59:26 GMT; HttpOnly; Max-Age=63072000; Path=/; Secure, ig_nrcb=1; Domain=.instagram.com; expires=Thu, 09-Mar-2023 15:59:26 GMT; Max-Age=31536000; Path=/; Secure', 'x-ig-origin-region': 'nao', 'X-FB-TRIP-ID': '1679558926', 'Alt-Svc': 'h3=":443"; ma=86400,h3-29=":443"; ma=86400', 'Connection': 'keep-alive', 'Content-Length': '90833'}
CGg2FJXhD8k	560	{'Content-Type': 'text/plain', 'Date': 'Wed, 09 Mar 2022 15:59:54 GMT', 'x-ig-origin-region': 'nao', 'X-FB-TRIP-ID': '1679558926', 'Alt-Svc': 'h3=":443"; ma=86400,h3-29=":443"; ma=86400', 'Connection': 'keep-alive', 'Content-Length': '0'}
CGg7WH1ldF0	200	{'Content-Type': 'text/html; charset=utf-8', 'Vary': 'Accept-Language, Cookie, Accept-Encoding', 'Content-Language': 'en', 'Date': 'Wed, 09 Mar 2022 16:00:14 GMT', 'Content-Encoding': 'gzip', 'Strict-Transport-Security': 'max-age=31536000', 'Cache-Control': 'private, no-cache, no-store, must-revalidate', 'Pragma': 'no-cache', 'Expires': 'Sat, 01 Jan 2000 00:00:00 GMT', 'X-Frame-Options': 'SAMEORIGIN', 'content-security-policy': "report-uri https://www.instagram.com/security/csp_report/; default-src 'self' https://www.instagram.com; img-src data: blob: https://*.fbcdn.net https://*.instagram.com https://*.cdninstagram.com https://*.facebook.com https://*.fbsbx.com https://*.giphy.com; font-src data: https://*.fbcdn.net https://*.instagram.com https://*.cdninstagram.com; media-src 'self' blob: https://www.instagram.com https://*.cdninstagram.com https://*.fbcdn.net; manifest-src 'self' https://www.instagram.com; script-src 'self' https://instagram.com https://www.instagram.com https://*.www.instagram.com https://*.cdninstagram.com wss://www.instagram.com https://*.facebook.com https://*.fbcdn.net https://*.facebook.net 'unsafe-inline' 'unsafe-eval' blob:; style-src 'self' https://*.www.instagram.com https://www.instagram.com 'unsafe-inline'; connect-src 'self' https://instagram.com https://www.instagram.com https://*.www.instagram.com https://graph.instagram.com https://*.graph.instagram.com https://i.instagram.com/graphql_www https://graphql.instagram.com https://*.cdninstagram.com https://api.instagram.com https://i.instagram.com https://*.i.instagram.com https://*.od.instagram.com wss://www.instagram.com wss://edge-chat.instagram.com https://*.facebook.com https://*.fbcdn.net https://*.facebook.net chrome-extension://boadgeojelhgndaghljhdicfkmllpafd blob:; worker-src 'self' blob: https://www.instagram.com; frame-src 'self' https://instagram.com https://www.instagram.com https://*.instagram.com https://staticxx.facebook.com https://www.facebook.com https://web.facebook.com https://connect.facebook.net https://m.facebook.com; object-src 'none'; upgrade-insecure-requests", 'origin-trial': 'AuqWincgAuXeuu3KypEMnrrFEJHySaesyJS3EaIH40zvafzrU0Irhb7+5QwZpOqMZrPTjgvFl7Z5jJgy1dNAcQMAAAB6eyJvcmlnaW4iOiJodHRwczovL2luc3RhZ3JhbS5jb206NDQzIiwiZmVhdHVyZSI6IkNyb3NzT3JpZ2luT3BlbmVyUG9saWN5UmVwb3J0aW5nIiwiZXhwaXJ5IjoxNjEzNDExNjYyLCJpc1N1YmRvbWFpbiI6dHJ1ZX0=', 'report-to': '{"group": "coop", "max_age": 86400, "endpoints": [{"url": "/security/coop_report/"}]}', 'cross-origin-opener-policy': 'same-origin-allow-popups;report-to="coop"', 'X-Content-Type-Options': 'nosniff', 'X-XSS-Protection': '0', 'x-ig-push-state': 'c2', 'x-aed': '48', 'Access-Control-Expose-Headers': 'X-IG-Set-WWW-Claim', 'x-ig-request-elapsed-time-ms': '8502', 'x-ig-peak-time': '1', 'Set-Cookie': 'csrftoken=0w2BFqwW1WnuKhwDB399DrM43pP0J5sl; Domain=.instagram.com; expires=Wed, 08-Mar-2023 16:00:14 GMT; Max-Age=31449600; Path=/; Secure, mid=YijPBQAEAAEQfhxo-i71VbHDwZy6; Domain=.instagram.com; expires=Fri, 08-Mar-2024 16:00:14 GMT; Max-Age=63072000; Path=/; Secure, ig_did=DDB58770-26CB-4812-BADC-2603B4D95E28; Domain=.instagram.com; expires=Fri, 08-Mar-2024 16:00:14 GMT; HttpOnly; Max-Age=63072000; Path=/; Secure, ig_nrcb=1; Domain=.instagram.com; expires=Thu, 09-Mar-2023 16:00:14 GMT; Max-Age=31536000; Path=/; Secure', 'x-ig-origin-region': 'nao', 'X-FB-TRIP-ID': '1679558926', 'Alt-Svc': 'h3=":443"; ma=86400,h3-29=":443"; ma=86400', 'Connection': 'keep-alive', 'Content-Length': '31029'}
CGH8ZHcBlQj	200	{'Content-Type': 'text/html; charset=utf-8', 'Vary': 'Accept-Language, Cookie, Accept-Encoding', 'Content-Language': 'en', 'Date': 'Wed, 09 Mar 2022 16:00:25 GMT', 'Content-Encoding': 'gzip', 'Strict-Transport-Security': 'max-age=31536000', 'Cache-Control': 'private, no-cache, no-store, must-revalidate', 'Pragma': 'no-cache', 'Expires': 'Sat, 01 Jan 2000 00:00:00 GMT', 'X-Frame-Options': 'SAMEORIGIN', 'content-security-policy': "report-uri https://www.instagram.com/security/csp_report/; default-src 'self' https://www.instagram.com; img-src data: blob: https://*.fbcdn.net https://*.instagram.com https://*.cdninstagram.com https://*.facebook.com https://*.fbsbx.com https://*.giphy.com; font-src data: https://*.fbcdn.net https://*.instagram.com https://*.cdninstagram.com; media-src 'self' blob: https://www.instagram.com https://*.cdninstagram.com https://*.fbcdn.net; manifest-src 'self' https://www.instagram.com; script-src 'self' https://instagram.com https://www.instagram.com https://*.www.instagram.com https://*.cdninstagram.com wss://www.instagram.com https://*.facebook.com https://*.fbcdn.net https://*.facebook.net 'unsafe-inline' 'unsafe-eval' blob:; style-src 'self' https://*.www.instagram.com https://www.instagram.com 'unsafe-inline'; connect-src 'self' https://instagram.com https://www.instagram.com https://*.www.instagram.com https://graph.instagram.com https://*.graph.instagram.com https://i.instagram.com/graphql_www https://graphql.instagram.com https://*.cdninstagram.com https://api.instagram.com https://i.instagram.com https://*.i.instagram.com https://*.od.instagram.com wss://www.instagram.com wss://edge-chat.instagram.com https://*.facebook.com https://*.fbcdn.net https://*.facebook.net chrome-extension://boadgeojelhgndaghljhdicfkmllpafd blob:; worker-src 'self' blob: https://www.instagram.com; frame-src 'self' https://instagram.com https://www.instagram.com https://*.instagram.com https://staticxx.facebook.com https://www.facebook.com https://web.facebook.com https://connect.facebook.net https://m.facebook.com; object-src 'none'; upgrade-insecure-requests", 'origin-trial': 'AuqWincgAuXeuu3KypEMnrrFEJHySaesyJS3EaIH40zvafzrU0Irhb7+5QwZpOqMZrPTjgvFl7Z5jJgy1dNAcQMAAAB6eyJvcmlnaW4iOiJodHRwczovL2luc3RhZ3JhbS5jb206NDQzIiwiZmVhdHVyZSI6IkNyb3NzT3JpZ2luT3BlbmVyUG9saWN5UmVwb3J0aW5nIiwiZXhwaXJ5IjoxNjEzNDExNjYyLCJpc1N1YmRvbWFpbiI6dHJ1ZX0=', 'report-to': '{"group": "coop", "max_age": 86400, "endpoints": [{"url": "/security/coop_report/"}]}', 'cross-origin-opener-policy': 'same-origin-allow-popups;report-to="coop"', 'X-Content-Type-Options': 'nosniff', 'X-XSS-Protection': '0', 'x-ig-push-state': 'c2', 'x-aed': '48', 'Access-Control-Expose-Headers': 'X-IG-Set-WWW-Claim', 'x-ig-request-elapsed-time-ms': '777', 'x-ig-peak-time': '1', 'Set-Cookie': 'csrftoken=oukLp4FTktcfQNJlY00VPmO6qrBokCdv; Domain=.instagram.com; expires=Wed, 08-Mar-2023 16:00:25 GMT; Max-Age=31449600; Path=/; Secure, mid=YijPGQAEAAHmaVU5c1t0ObocZmOm; Domain=.instagram.com; expires=Fri, 08-Mar-2024 16:00:25 GMT; Max-Age=63072000; Path=/; Secure, ig_did=61697C98-B7B3-4C77-96BA-ECC270377E45; Domain=.instagram.com; expires=Fri, 08-Mar-2024 16:00:25 GMT; HttpOnly; Max-Age=63072000; Path=/; Secure, ig_nrcb=1; Domain=.instagram.com; expires=Thu, 09-Mar-2023 16:00:25 GMT; Max-Age=31536000; Path=/; Secure', 'x-ig-origin-region': 'nao', 'X-FB-TRIP-ID': '1679558926', 'Alt-Svc': 'h3=":443"; ma=86400,h3-29=":443"; ma=86400', 'Connection': 'keep-alive', 'Content-Length': '35826'}
CGOSMVOFEmy	404	{'Content-Type': 'text/html; charset=utf-8', 'Vary': 'Accept-Language, Cookie', 'Content-Language': 'en', 'Date': 'Wed, 09 Mar 2022 16:00:37 GMT', 'Strict-Transport-Security': 'max-age=31536000', 'Cache-Control': 'private, no-cache, no-store, must-revalidate', 'Pragma': 'no-cache', 'Expires': 'Sat, 01 Jan 2000 00:00:00 GMT', 'X-Frame-Options': 'SAMEORIGIN', 'content-security-policy': "report-uri https://www.instagram.com/security/csp_report/; default-src 'self' https://www.instagram.com; img-src data: blob: https://*.fbcdn.net https://*.instagram.com https://*.cdninstagram.com https://*.facebook.com https://*.fbsbx.com https://*.giphy.com; font-src data: https://*.fbcdn.net https://*.instagram.com https://*.cdninstagram.com; media-src 'self' blob: https://www.instagram.com https://*.cdninstagram.com https://*.fbcdn.net; manifest-src 'self' https://www.instagram.com; script-src 'self' https://instagram.com https://www.instagram.com https://*.www.instagram.com https://*.cdninstagram.com wss://www.instagram.com https://*.facebook.com https://*.fbcdn.net https://*.facebook.net 'unsafe-inline' 'unsafe-eval' blob:; style-src 'self' https://*.www.instagram.com https://www.instagram.com 'unsafe-inline'; connect-src 'self' https://instagram.com https://www.instagram.com https://*.www.instagram.com https://graph.instagram.com https://*.graph.instagram.com https://i.instagram.com/graphql_www https://graphql.instagram.com https://*.cdninstagram.com https://api.instagram.com https://i.instagram.com https://*.i.instagram.com https://*.od.instagram.com wss://www.instagram.com wss://edge-chat.instagram.com https://*.facebook.com https://*.fbcdn.net https://*.facebook.net chrome-extension://boadgeojelhgndaghljhdicfkmllpafd blob:; worker-src 'self' blob: https://www.instagram.com; frame-src 'self' https://instagram.com https://www.instagram.com https://*.instagram.com https://staticxx.facebook.com https://www.facebook.com https://web.facebook.com https://connect.facebook.net https://m.facebook.com; object-src 'none'; upgrade-insecure-requests", 'cross-origin-embedder-policy-report-only': 'require-corp;report-to="coep"', 'report-to': '{"group": "coep", "max_age": 86400, "endpoints": [{"url": "/security/coep_report/"}]},{"group": "coop", "max_age": 86400, "endpoints": [{"url": "/security/coop_report/"}]}', 'origin-trial': 'AuqWincgAuXeuu3KypEMnrrFEJHySaesyJS3EaIH40zvafzrU0Irhb7+5QwZpOqMZrPTjgvFl7Z5jJgy1dNAcQMAAAB6eyJvcmlnaW4iOiJodHRwczovL2luc3RhZ3JhbS5jb206NDQzIiwiZmVhdHVyZSI6IkNyb3NzT3JpZ2luT3BlbmVyUG9saWN5UmVwb3J0aW5nIiwiZXhwaXJ5IjoxNjEzNDExNjYyLCJpc1N1YmRvbWFpbiI6dHJ1ZX0=', 'cross-origin-opener-policy': 'same-origin-allow-popups;report-to="coop"', 'X-Content-Type-Options': 'nosniff', 'X-XSS-Protection': '0', 'x-ig-push-state': 'c2', 'x-aed': '48', 'Access-Control-Expose-Headers': 'X-IG-Set-WWW-Claim', 'x-ig-request-elapsed-time-ms': '746', 'x-ig-peak-time': '1', 'Set-Cookie': 'csrftoken=FWPYb8Z04QQJK7EICZht8DzF0Fyq5JB2; Domain=.instagram.com; expires=Wed, 08-Mar-2023 16:00:37 GMT; Max-Age=31449600; Path=/; Secure, mid=YijPJQAEAAGkOVvQrVRc-IGuJ40F; Domain=.instagram.com; expires=Fri, 08-Mar-2024 16:00:37 GMT; Max-Age=63072000; Path=/; Secure, ig_did=DADD3E2A-E094-4B5C-839E-5302FC440ACE; Domain=.instagram.com; expires=Fri, 08-Mar-2024 16:00:37 GMT; HttpOnly; Max-Age=63072000; Path=/; Secure, ig_nrcb=1; Domain=.instagram.com; expires=Thu, 09-Mar-2023 16:00:37 GMT; Max-Age=31536000; Path=/; Secure', 'x-ig-origin-region': 'nao', 'X-FB-TRIP-ID': '1679558926', 'Alt-Svc': 'h3=":443"; ma=86400,h3-29=":443"; ma=86400', 'Connection': 'keep-alive', 'Content-Length': '90833'}
CGqekZWheJf	200	{'Content-Type': 'text/html; charset=utf-8', 'Vary': 'Accept-Language, Cookie, Accept-Encoding', 'Content-Language': 'en', 'Date': 'Wed, 09 Mar 2022 16:00:50 GMT', 'Content-Encoding': 'gzip', 'Strict-Transport-Security': 'max-age=31536000', 'Cache-Control': 'private, no-cache, no-store, must-revalidate', 'Pragma': 'no-cache', 'Expires': 'Sat, 01 Jan 2000 00:00:00 GMT', 'X-Frame-Options': 'SAMEORIGIN', 'content-security-policy': "report-uri https://www.instagram.com/security/csp_report/; default-src 'self' https://www.instagram.com; img-src data: blob: https://*.fbcdn.net https://*.instagram.com https://*.cdninstagram.com https://*.facebook.com https://*.fbsbx.com https://*.giphy.com; font-src data: https://*.fbcdn.net https://*.instagram.com https://*.cdninstagram.com; media-src 'self' blob: https://www.instagram.com https://*.cdninstagram.com https://*.fbcdn.net; manifest-src 'self' https://www.instagram.com; script-src 'self' https://instagram.com https://www.instagram.com https://*.www.instagram.com https://*.cdninstagram.com wss://www.instagram.com https://*.facebook.com https://*.fbcdn.net https://*.facebook.net 'unsafe-inline' 'unsafe-eval' blob:; style-src 'self' https://*.www.instagram.com https://www.instagram.com 'unsafe-inline'; connect-src 'self' https://instagram.com https://www.instagram.com https://*.www.instagram.com https://graph.instagram.com https://*.graph.instagram.com https://i.instagram.com/graphql_www https://graphql.instagram.com https://*.cdninstagram.com https://api.instagram.com https://i.instagram.com https://*.i.instagram.com https://*.od.instagram.com wss://www.instagram.com wss://edge-chat.instagram.com https://*.facebook.com https://*.fbcdn.net https://*.facebook.net chrome-extension://boadgeojelhgndaghljhdicfkmllpafd blob:; worker-src 'self' blob: https://www.instagram.com; frame-src 'self' https://instagram.com https://www.instagram.com https://*.instagram.com https://staticxx.facebook.com https://www.facebook.com https://web.facebook.com https://connect.facebook.net https://m.facebook.com; object-src 'none'; upgrade-insecure-requests", 'origin-trial': 'AuqWincgAuXeuu3KypEMnrrFEJHySaesyJS3EaIH40zvafzrU0Irhb7+5QwZpOqMZrPTjgvFl7Z5jJgy1dNAcQMAAAB6eyJvcmlnaW4iOiJodHRwczovL2luc3RhZ3JhbS5jb206NDQzIiwiZmVhdHVyZSI6IkNyb3NzT3JpZ2luT3BlbmVyUG9saWN5UmVwb3J0aW5nIiwiZXhwaXJ5IjoxNjEzNDExNjYyLCJpc1N1YmRvbWFpbiI6dHJ1ZX0=', 'report-to': '{"group": "coop", "max_age": 86400, "endpoints": [{"url": "/security/coop_report/"}]}', 'cross-origin-opener-policy': 'same-origin-allow-popups;report-to="coop"', 'X-Content-Type-Options': 'nosniff', 'X-XSS-Protection': '0', 'x-ig-push-state': 'c2', 'x-aed': '48', 'Access-Control-Expose-Headers': 'X-IG-Set-WWW-Claim', 'x-ig-request-elapsed-time-ms': '954', 'x-ig-peak-time': '1', 'Set-Cookie': 'csrftoken=m70GVimtnfZ3j1QVsQdJHw6ytgyOyYVk; Domain=.instagram.com; expires=Wed, 08-Mar-2023 16:00:50 GMT; Max-Age=31449600; Path=/; Secure, mid=YijPMQAEAAGzppm47HB2U07KNtH0; Domain=.instagram.com; expires=Fri, 08-Mar-2024 16:00:50 GMT; Max-Age=63072000; Path=/; Secure, ig_did=DEFA6BC6-217D-404E-ACFB-111CFFC9BA6E; Domain=.instagram.com; expires=Fri, 08-Mar-2024 16:00:50 GMT; HttpOnly; Max-Age=63072000; Path=/; Secure, ig_nrcb=1; Domain=.instagram.com; expires=Thu, 09-Mar-2023 16:00:50 GMT; Max-Age=31536000; Path=/; Secure', 'x-ig-origin-region': 'nao', 'X-FB-TRIP-ID': '1679558926', 'Alt-Svc': 'h3=":443"; ma=86400,h3-29=":443"; ma=86400', 'Connection': 'keep-alive', 'Content-Length': '31054'}
CGqLrP7AxBd	200	{'Content-Type': 'text/html; charset=utf-8', 'Vary': 'Accept-Language, Cookie, Accept-Encoding', 'Content-Language': 'en', 'Date': 'Wed, 09 Mar 2022 16:01:01 GMT', 'Content-Encoding': 'gzip', 'Strict-Transport-Security': 'max-age=31536000', 'Cache-Control': 'private, no-cache, no-store, must-revalidate', 'Pragma': 'no-cache', 'Expires': 'Sat, 01 Jan 2000 00:00:00 GMT', 'X-Frame-Options': 'SAMEORIGIN', 'content-security-policy': "report-uri https://www.instagram.com/security/csp_report/; default-src 'self' https://www.instagram.com; img-src data: blob: https://*.fbcdn.net https://*.instagram.com https://*.cdninstagram.com https://*.facebook.com https://*.fbsbx.com https://*.giphy.com; font-src data: https://*.fbcdn.net https://*.instagram.com https://*.cdninstagram.com; media-src 'self' blob: https://www.instagram.com https://*.cdninstagram.com https://*.fbcdn.net; manifest-src 'self' https://www.instagram.com; script-src 'self' https://instagram.com https://www.instagram.com https://*.www.instagram.com https://*.cdninstagram.com wss://www.instagram.com https://*.facebook.com https://*.fbcdn.net https://*.facebook.net 'unsafe-inline' 'unsafe-eval' blob:; style-src 'self' https://*.www.instagram.com https://www.instagram.com 'unsafe-inline'; connect-src 'self' https://instagram.com https://www.instagram.com https://*.www.instagram.com https://graph.instagram.com https://*.graph.instagram.com https://i.instagram.com/graphql_www https://graphql.instagram.com https://*.cdninstagram.com https://api.instagram.com https://i.instagram.com https://*.i.instagram.com https://*.od.instagram.com wss://www.instagram.com wss://edge-chat.instagram.com https://*.facebook.com https://*.fbcdn.net https://*.facebook.net chrome-extension://boadgeojelhgndaghljhdicfkmllpafd blob:; worker-src 'self' blob: https://www.instagram.com; frame-src 'self' https://instagram.com https://www.instagram.com https://*.instagram.com https://staticxx.facebook.com https://www.facebook.com https://web.facebook.com https://connect.facebook.net https://m.facebook.com; object-src 'none'; upgrade-insecure-requests", 'origin-trial': 'AuqWincgAuXeuu3KypEMnrrFEJHySaesyJS3EaIH40zvafzrU0Irhb7+5QwZpOqMZrPTjgvFl7Z5jJgy1dNAcQMAAAB6eyJvcmlnaW4iOiJodHRwczovL2luc3RhZ3JhbS5jb206NDQzIiwiZmVhdHVyZSI6IkNyb3NzT3JpZ2luT3BlbmVyUG9saWN5UmVwb3J0aW5nIiwiZXhwaXJ5IjoxNjEzNDExNjYyLCJpc1N1YmRvbWFpbiI6dHJ1ZX0=', 'report-to': '{"group": "coop", "max_age": 86400, "endpoints": [{"url": "/security/coop_report/"}]}', 'cross-origin-opener-policy': 'same-origin-allow-popups;report-to="coop"', 'X-Content-Type-Options': 'nosniff', 'X-XSS-Protection': '0', 'x-ig-push-state': 'c2', 'x-aed': '48', 'Access-Control-Expose-Headers': 'X-IG-Set-WWW-Claim', 'x-ig-request-elapsed-time-ms': '464', 'x-ig-peak-time': '1', 'Set-Cookie': 'csrftoken=zQiMS5GmUXA0ySQ6PK15ZVHHRYM8lxw8; Domain=.instagram.com; expires=Wed, 08-Mar-2023 16:01:01 GMT; Max-Age=31449600; Path=/; Secure, mid=YijPPQAEAAG_VQgYHWpJq4CLOgSD; Domain=.instagram.com; expires=Fri, 08-Mar-2024 16:01:01 GMT; Max-Age=63072000; Path=/; Secure, ig_did=55A9508C-E1FA-40A3-B5D6-5D0656BED341; Domain=.instagram.com; expires=Fri, 08-Mar-2024 16:01:01 GMT; HttpOnly; Max-Age=63072000; Path=/; Secure, ig_nrcb=1; Domain=.instagram.com; expires=Thu, 09-Mar-2023 16:01:01 GMT; Max-Age=31536000; Path=/; Secure', 'x-ig-origin-region': 'nao', 'X-FB-TRIP-ID': '1679558926', 'Alt-Svc': 'h3=":443"; ma=86400,h3-29=":443"; ma=86400', 'Connection': 'keep-alive', 'Content-Length': '30915'}
CGRMq8YgKW2	200	{'Content-Type': 'text/html; charset=utf-8', 'Vary': 'Accept-Language, Cookie, Accept-Encoding', 'Content-Language': 'en', 'Date': 'Wed, 09 Mar 2022 16:01:12 GMT', 'Content-Encoding': 'gzip', 'Strict-Transport-Security': 'max-age=31536000', 'Cache-Control': 'private, no-cache, no-store, must-revalidate', 'Pragma': 'no-cache', 'Expires': 'Sat, 01 Jan 2000 00:00:00 GMT', 'X-Frame-Options': 'SAMEORIGIN', 'content-security-policy': "report-uri https://www.instagram.com/security/csp_report/; default-src 'self' https://www.instagram.com; img-src data: blob: https://*.fbcdn.net https://*.instagram.com https://*.cdninstagram.com https://*.facebook.com https://*.fbsbx.com https://*.giphy.com; font-src data: https://*.fbcdn.net https://*.instagram.com https://*.cdninstagram.com; media-src 'self' blob: https://www.instagram.com https://*.cdninstagram.com https://*.fbcdn.net; manifest-src 'self' https://www.instagram.com; script-src 'self' https://instagram.com https://www.instagram.com https://*.www.instagram.com https://*.cdninstagram.com wss://www.instagram.com https://*.facebook.com https://*.fbcdn.net https://*.facebook.net 'unsafe-inline' 'unsafe-eval' blob:; style-src 'self' https://*.www.instagram.com https://www.instagram.com 'unsafe-inline'; connect-src 'self' https://instagram.com https://www.instagram.com https://*.www.instagram.com https://graph.instagram.com https://*.graph.instagram.com https://i.instagram.com/graphql_www https://graphql.instagram.com https://*.cdninstagram.com https://api.instagram.com https://i.instagram.com https://*.i.instagram.com https://*.od.instagram.com wss://www.instagram.com wss://edge-chat.instagram.com https://*.facebook.com https://*.fbcdn.net https://*.facebook.net chrome-extension://boadgeojelhgndaghljhdicfkmllpafd blob:; worker-src 'self' blob: https://www.instagram.com; frame-src 'self' https://instagram.com https://www.instagram.com https://*.instagram.com https://staticxx.facebook.com https://www.facebook.com https://web.facebook.com https://connect.facebook.net https://m.facebook.com; object-src 'none'; upgrade-insecure-requests", 'origin-trial': 'AuqWincgAuXeuu3KypEMnrrFEJHySaesyJS3EaIH40zvafzrU0Irhb7+5QwZpOqMZrPTjgvFl7Z5jJgy1dNAcQMAAAB6eyJvcmlnaW4iOiJodHRwczovL2luc3RhZ3JhbS5jb206NDQzIiwiZmVhdHVyZSI6IkNyb3NzT3JpZ2luT3BlbmVyUG9saWN5UmVwb3J0aW5nIiwiZXhwaXJ5IjoxNjEzNDExNjYyLCJpc1N1YmRvbWFpbiI6dHJ1ZX0=', 'report-to': '{"group": "coop", "max_age": 86400, "endpoints": [{"url": "/security/coop_report/"}]}', 'cross-origin-opener-policy': 'same-origin-allow-popups;report-to="coop"', 'X-Content-Type-Options': 'nosniff', 'X-XSS-Protection': '0', 'x-ig-push-state': 'c2', 'x-aed': '48', 'Access-Control-Expose-Headers': 'X-IG-Set-WWW-Claim', 'x-ig-request-elapsed-time-ms': '870', 'x-ig-peak-time': '1', 'Set-Cookie': 'csrftoken=2j7CewVgONXkCmLFY3rnUIDmwd9GWJZ9; Domain=.instagram.com; expires=Wed, 08-Mar-2023 16:01:12 GMT; Max-Age=31449600; Path=/; Secure, mid=YijPSAAEAAHw4BjxS7vsylW_JH_8; Domain=.instagram.com; expires=Fri, 08-Mar-2024 16:01:12 GMT; Max-Age=63072000; Path=/; Secure, ig_did=A6532F35-1869-4A17-BCB4-41BB52B8F9E8; Domain=.instagram.com; expires=Fri, 08-Mar-2024 16:01:13 GMT; HttpOnly; Max-Age=63072000; Path=/; Secure, ig_nrcb=1; Domain=.instagram.com; expires=Thu, 09-Mar-2023 16:01:13 GMT; Max-Age=31536000; Path=/; Secure', 'x-ig-origin-region': 'nao', 'X-FB-TRIP-ID': '1679558926', 'Alt-Svc': 'h3=":443"; ma=86400,h3-29=":443"; ma=86400', 'Connection': 'keep-alive', 'Content-Length': '32431'}
CGSTyR5FwLg	560	{'Content-Type': 'text/plain', 'Date': 'Wed, 09 Mar 2022 16:01:35 GMT', 'x-ig-origin-region': 'nao', 'X-FB-TRIP-ID': '1679558926', 'Alt-Svc': 'h3=":443"; ma=86400,h3-29=":443"; ma=86400', 'Connection': 'keep-alive', 'Content-Length': '0'}
CGU7TjnjO2F	200	{'Content-Type': 'text/html; charset=utf-8', 'Vary': 'Accept-Language, Cookie, Accept-Encoding', 'Content-Language': 'en', 'Date': 'Wed, 09 Mar 2022 16:01:47 GMT', 'Content-Encoding': 'gzip', 'Strict-Transport-Security': 'max-age=31536000', 'Cache-Control': 'private, no-cache, no-store, must-revalidate', 'Pragma': 'no-cache', 'Expires': 'Sat, 01 Jan 2000 00:00:00 GMT', 'X-Frame-Options': 'SAMEORIGIN', 'content-security-policy': "report-uri https://www.instagram.com/security/csp_report/; default-src 'self' https://www.instagram.com; img-src data: blob: https://*.fbcdn.net https://*.instagram.com https://*.cdninstagram.com https://*.facebook.com https://*.fbsbx.com https://*.giphy.com; font-src data: https://*.fbcdn.net https://*.instagram.com https://*.cdninstagram.com; media-src 'self' blob: https://www.instagram.com https://*.cdninstagram.com https://*.fbcdn.net; manifest-src 'self' https://www.instagram.com; script-src 'self' https://instagram.com https://www.instagram.com https://*.www.instagram.com https://*.cdninstagram.com wss://www.instagram.com https://*.facebook.com https://*.fbcdn.net https://*.facebook.net 'unsafe-inline' 'unsafe-eval' blob:; style-src 'self' https://*.www.instagram.com https://www.instagram.com 'unsafe-inline'; connect-src 'self' https://instagram.com https://www.instagram.com https://*.www.instagram.com https://graph.instagram.com https://*.graph.instagram.com https://i.instagram.com/graphql_www https://graphql.instagram.com https://*.cdninstagram.com https://api.instagram.com https://i.instagram.com https://*.i.instagram.com https://*.od.instagram.com wss://www.instagram.com wss://edge-chat.instagram.com https://*.facebook.com https://*.fbcdn.net https://*.facebook.net chrome-extension://boadgeojelhgndaghljhdicfkmllpafd blob:; worker-src 'self' blob: https://www.instagram.com; frame-src 'self' https://instagram.com https://www.instagram.com https://*.instagram.com https://staticxx.facebook.com https://www.facebook.com https://web.facebook.com https://connect.facebook.net https://m.facebook.com; object-src 'none'; upgrade-insecure-requests", 'origin-trial': 'AuqWincgAuXeuu3KypEMnrrFEJHySaesyJS3EaIH40zvafzrU0Irhb7+5QwZpOqMZrPTjgvFl7Z5jJgy1dNAcQMAAAB6eyJvcmlnaW4iOiJodHRwczovL2luc3RhZ3JhbS5jb206NDQzIiwiZmVhdHVyZSI6IkNyb3NzT3JpZ2luT3BlbmVyUG9saWN5UmVwb3J0aW5nIiwiZXhwaXJ5IjoxNjEzNDExNjYyLCJpc1N1YmRvbWFpbiI6dHJ1ZX0=', 'report-to': '{"group": "coop", "max_age": 86400, "endpoints": [{"url": "/security/coop_report/"}]}', 'cross-origin-opener-policy': 'same-origin-allow-popups;report-to="coop"', 'X-Content-Type-Options': 'nosniff', 'X-XSS-Protection': '0', 'x-ig-push-state': 'c2', 'x-aed': '48', 'Access-Control-Expose-Headers': 'X-IG-Set-WWW-Claim', 'x-ig-request-elapsed-time-ms': '834', 'x-ig-peak-time': '1', 'Set-Cookie': 'csrftoken=FuDc5ePFs6JIlkVMnbnJxFO1zlRnDX9U; Domain=.instagram.com; expires=Wed, 08-Mar-2023 16:01:47 GMT; Max-Age=31449600; Path=/; Secure, mid=YijPagAEAAGokCZzAmC3Ih8pma6b; Domain=.instagram.com; expires=Fri, 08-Mar-2024 16:01:47 GMT; Max-Age=63072000; Path=/; Secure, ig_did=3337F272-A175-46DA-9791-4C8C3308C21B; Domain=.instagram.com; expires=Fri, 08-Mar-2024 16:01:47 GMT; HttpOnly; Max-Age=63072000; Path=/; Secure, ig_nrcb=1; Domain=.instagram.com; expires=Thu, 09-Mar-2023 16:01:47 GMT; Max-Age=31536000; Path=/; Secure', 'x-ig-origin-region': 'nao', 'X-FB-TRIP-ID': '1679558926', 'Alt-Svc': 'h3=":443"; ma=86400,h3-29=":443"; ma=86400', 'Connection': 'keep-alive', 'Content-Length': '32396'}
CGUagsSJ63Q	200	{'Content-Type': 'text/html; charset=utf-8', 'Vary': 'Accept-Language, Cookie, Accept-Encoding', 'Content-Language': 'en', 'Date': 'Wed, 09 Mar 2022 16:01:59 GMT', 'Content-Encoding': 'gzip', 'Strict-Transport-Security': 'max-age=31536000', 'Cache-Control': 'private, no-cache, no-store, must-revalidate', 'Pragma': 'no-cache', 'Expires': 'Sat, 01 Jan 2000 00:00:00 GMT', 'X-Frame-Options': 'SAMEORIGIN', 'content-security-policy': "report-uri https://www.instagram.com/security/csp_report/; default-src 'self' https://www.instagram.com; img-src data: blob: https://*.fbcdn.net https://*.instagram.com https://*.cdninstagram.com https://*.facebook.com https://*.fbsbx.com https://*.giphy.com; font-src data: https://*.fbcdn.net https://*.instagram.com https://*.cdninstagram.com; media-src 'self' blob: https://www.instagram.com https://*.cdninstagram.com https://*.fbcdn.net; manifest-src 'self' https://www.instagram.com; script-src 'self' https://instagram.com https://www.instagram.com https://*.www.instagram.com https://*.cdninstagram.com wss://www.instagram.com https://*.facebook.com https://*.fbcdn.net https://*.facebook.net 'unsafe-inline' 'unsafe-eval' blob:; style-src 'self' https://*.www.instagram.com https://www.instagram.com 'unsafe-inline'; connect-src 'self' https://instagram.com https://www.instagram.com https://*.www.instagram.com https://graph.instagram.com https://*.graph.instagram.com https://i.instagram.com/graphql_www https://graphql.instagram.com https://*.cdninstagram.com https://api.instagram.com https://i.instagram.com https://*.i.instagram.com https://*.od.instagram.com wss://www.instagram.com wss://edge-chat.instagram.com https://*.facebook.com https://*.fbcdn.net https://*.facebook.net chrome-extension://boadgeojelhgndaghljhdicfkmllpafd blob:; worker-src 'self' blob: https://www.instagram.com; frame-src 'self' https://instagram.com https://www.instagram.com https://*.instagram.com https://staticxx.facebook.com https://www.facebook.com https://web.facebook.com https://connect.facebook.net https://m.facebook.com; object-src 'none'; upgrade-insecure-requests", 'origin-trial': 'AuqWincgAuXeuu3KypEMnrrFEJHySaesyJS3EaIH40zvafzrU0Irhb7+5QwZpOqMZrPTjgvFl7Z5jJgy1dNAcQMAAAB6eyJvcmlnaW4iOiJodHRwczovL2luc3RhZ3JhbS5jb206NDQzIiwiZmVhdHVyZSI6IkNyb3NzT3JpZ2luT3BlbmVyUG9saWN5UmVwb3J0aW5nIiwiZXhwaXJ5IjoxNjEzNDExNjYyLCJpc1N1YmRvbWFpbiI6dHJ1ZX0=', 'report-to': '{"group": "coop", "max_age": 86400, "endpoints": [{"url": "/security/coop_report/"}]}', 'cross-origin-opener-policy': 'same-origin-allow-popups;report-to="coop"', 'X-Content-Type-Options': 'nosniff', 'X-XSS-Protection': '0', 'x-ig-push-state': 'c2', 'x-aed': '48', 'Access-Control-Expose-Headers': 'X-IG-Set-WWW-Claim', 'x-ig-request-elapsed-time-ms': '488', 'x-ig-peak-time': '1', 'Set-Cookie': 'csrftoken=hba2iRIrCuoTEnZmKx1MQN3hZwpV9pDF; Domain=.instagram.com; expires=Wed, 08-Mar-2023 16:01:59 GMT; Max-Age=31449600; Path=/; Secure, mid=YijPdgAEAAHVHoJ-6arF-GA3Tj1Z; Domain=.instagram.com; expires=Fri, 08-Mar-2024 16:01:59 GMT; Max-Age=63072000; Path=/; Secure, ig_did=0112F00C-0FA0-4675-B6BC-8546FB3E3868; Domain=.instagram.com; expires=Fri, 08-Mar-2024 16:01:59 GMT; HttpOnly; Max-Age=63072000; Path=/; Secure, ig_nrcb=1; Domain=.instagram.com; expires=Thu, 09-Mar-2023 16:01:59 GMT; Max-Age=31536000; Path=/; Secure', 'x-ig-origin-region': 'nao', 'X-FB-TRIP-ID': '1679558926', 'Alt-Svc': 'h3=":443"; ma=86400,h3-29=":443"; ma=86400', 'Connection': 'keep-alive', 'Content-Length': '33468'}
CGVxsWtH2ZB	200	{'Content-Type': 'text/html; charset=utf-8', 'Vary': 'Accept-Language, Cookie, Accept-Encoding', 'Content-Language': 'en', 'Date': 'Wed, 09 Mar 2022 16:02:11 GMT', 'Content-Encoding': 'gzip', 'Strict-Transport-Security': 'max-age=31536000', 'Cache-Control': 'private, no-cache, no-store, must-revalidate', 'Pragma': 'no-cache', 'Expires': 'Sat, 01 Jan 2000 00:00:00 GMT', 'X-Frame-Options': 'SAMEORIGIN', 'content-security-policy': "report-uri https://www.instagram.com/security/csp_report/; default-src 'self' https://www.instagram.com; img-src data: blob: https://*.fbcdn.net https://*.instagram.com https://*.cdninstagram.com https://*.facebook.com https://*.fbsbx.com https://*.giphy.com; font-src data: https://*.fbcdn.net https://*.instagram.com https://*.cdninstagram.com; media-src 'self' blob: https://www.instagram.com https://*.cdninstagram.com https://*.fbcdn.net; manifest-src 'self' https://www.instagram.com; script-src 'self' https://instagram.com https://www.instagram.com https://*.www.instagram.com https://*.cdninstagram.com wss://www.instagram.com https://*.facebook.com https://*.fbcdn.net https://*.facebook.net 'unsafe-inline' 'unsafe-eval' blob:; style-src 'self' https://*.www.instagram.com https://www.instagram.com 'unsafe-inline'; connect-src 'self' https://instagram.com https://www.instagram.com https://*.www.instagram.com https://graph.instagram.com https://*.graph.instagram.com https://i.instagram.com/graphql_www https://graphql.instagram.com https://*.cdninstagram.com https://api.instagram.com https://i.instagram.com https://*.i.instagram.com https://*.od.instagram.com wss://www.instagram.com wss://edge-chat.instagram.com https://*.facebook.com https://*.fbcdn.net https://*.facebook.net chrome-extension://boadgeojelhgndaghljhdicfkmllpafd blob:; worker-src 'self' blob: https://www.instagram.com; frame-src 'self' https://instagram.com https://www.instagram.com https://*.instagram.com https://staticxx.facebook.com https://www.facebook.com https://web.facebook.com https://connect.facebook.net https://m.facebook.com; object-src 'none'; upgrade-insecure-requests", 'origin-trial': 'AuqWincgAuXeuu3KypEMnrrFEJHySaesyJS3EaIH40zvafzrU0Irhb7+5QwZpOqMZrPTjgvFl7Z5jJgy1dNAcQMAAAB6eyJvcmlnaW4iOiJodHRwczovL2luc3RhZ3JhbS5jb206NDQzIiwiZmVhdHVyZSI6IkNyb3NzT3JpZ2luT3BlbmVyUG9saWN5UmVwb3J0aW5nIiwiZXhwaXJ5IjoxNjEzNDExNjYyLCJpc1N1YmRvbWFpbiI6dHJ1ZX0=', 'report-to': '{"group": "coop", "max_age": 86400, "endpoints": [{"url": "/security/coop_report/"}]}', 'cross-origin-opener-policy': 'same-origin-allow-popups;report-to="coop"', 'X-Content-Type-Options': 'nosniff', 'X-XSS-Protection': '0', 'x-ig-push-state': 'c2', 'x-aed': '48', 'Access-Control-Expose-Headers': 'X-IG-Set-WWW-Claim', 'x-ig-request-elapsed-time-ms': '509', 'x-ig-peak-time': '1', 'Set-Cookie': 'csrftoken=pcVFdU0qOJqcNCpVPxmwww4Icggnfe1p; Domain=.instagram.com; expires=Wed, 08-Mar-2023 16:02:11 GMT; Max-Age=31449600; Path=/; Secure, mid=YijPggAEAAE6BC1x7_ZEZNA6tfYz; Domain=.instagram.com; expires=Fri, 08-Mar-2024 16:02:11 GMT; Max-Age=63072000; Path=/; Secure, ig_did=B875F19B-AF47-4573-A2BB-F4D508B78EA8; Domain=.instagram.com; expires=Fri, 08-Mar-2024 16:02:11 GMT; HttpOnly; Max-Age=63072000; Path=/; Secure, ig_nrcb=1; Domain=.instagram.com; expires=Thu, 09-Mar-2023 16:02:11 GMT; Max-Age=31536000; Path=/; Secure', 'x-ig-origin-region': 'nao', 'X-FB-TRIP-ID': '1679558926', 'Alt-Svc': 'h3=":443"; ma=86400,h3-29=":443"; ma=86400', 'Connection': 'keep-alive', 'Content-Length': '31313'}
CGXD0ZpBZVn	404	{'Content-Type': 'text/html; charset=utf-8', 'Vary': 'Accept-Language, Cookie', 'Content-Language': 'en', 'Date': 'Wed, 09 Mar 2022 16:02:22 GMT', 'Strict-Transport-Security': 'max-age=31536000', 'Cache-Control': 'private, no-cache, no-store, must-revalidate', 'Pragma': 'no-cache', 'Expires': 'Sat, 01 Jan 2000 00:00:00 GMT', 'X-Frame-Options': 'SAMEORIGIN', 'content-security-policy': "report-uri https://www.instagram.com/security/csp_report/; default-src 'self' https://www.instagram.com; img-src data: blob: https://*.fbcdn.net https://*.instagram.com https://*.cdninstagram.com https://*.facebook.com https://*.fbsbx.com https://*.giphy.com; font-src data: https://*.fbcdn.net https://*.instagram.com https://*.cdninstagram.com; media-src 'self' blob: https://www.instagram.com https://*.cdninstagram.com https://*.fbcdn.net; manifest-src 'self' https://www.instagram.com; script-src 'self' https://instagram.com https://www.instagram.com https://*.www.instagram.com https://*.cdninstagram.com wss://www.instagram.com https://*.facebook.com https://*.fbcdn.net https://*.facebook.net 'unsafe-inline' 'unsafe-eval' blob:; style-src 'self' https://*.www.instagram.com https://www.instagram.com 'unsafe-inline'; connect-src 'self' https://instagram.com https://www.instagram.com https://*.www.instagram.com https://graph.instagram.com https://*.graph.instagram.com https://i.instagram.com/graphql_www https://graphql.instagram.com https://*.cdninstagram.com https://api.instagram.com https://i.instagram.com https://*.i.instagram.com https://*.od.instagram.com wss://www.instagram.com wss://edge-chat.instagram.com https://*.facebook.com https://*.fbcdn.net https://*.facebook.net chrome-extension://boadgeojelhgndaghljhdicfkmllpafd blob:; worker-src 'self' blob: https://www.instagram.com; frame-src 'self' https://instagram.com https://www.instagram.com https://*.instagram.com https://staticxx.facebook.com https://www.facebook.com https://web.facebook.com https://connect.facebook.net https://m.facebook.com; object-src 'none'; upgrade-insecure-requests", 'cross-origin-embedder-policy-report-only': 'require-corp;report-to="coep"', 'report-to': '{"group": "coep", "max_age": 86400, "endpoints": [{"url": "/security/coep_report/"}]},{"group": "coop", "max_age": 86400, "endpoints": [{"url": "/security/coop_report/"}]}', 'origin-trial': 'AuqWincgAuXeuu3KypEMnrrFEJHySaesyJS3EaIH40zvafzrU0Irhb7+5QwZpOqMZrPTjgvFl7Z5jJgy1dNAcQMAAAB6eyJvcmlnaW4iOiJodHRwczovL2luc3RhZ3JhbS5jb206NDQzIiwiZmVhdHVyZSI6IkNyb3NzT3JpZ2luT3BlbmVyUG9saWN5UmVwb3J0aW5nIiwiZXhwaXJ5IjoxNjEzNDExNjYyLCJpc1N1YmRvbWFpbiI6dHJ1ZX0=', 'cross-origin-opener-policy': 'same-origin-allow-popups;report-to="coop"', 'X-Content-Type-Options': 'nosniff', 'X-XSS-Protection': '0', 'x-ig-push-state': 'c2', 'x-aed': '48', 'Access-Control-Expose-Headers': 'X-IG-Set-WWW-Claim', 'x-ig-request-elapsed-time-ms': '1194', 'x-ig-peak-time': '1', 'Set-Cookie': 'csrftoken=RQVTflUjNfvobmxfANTwNzhFk4JMq7GT; Domain=.instagram.com; expires=Wed, 08-Mar-2023 16:02:22 GMT; Max-Age=31449600; Path=/; Secure, mid=YijPjQAEAAGrLDNbnb62KX7Y_06u; Domain=.instagram.com; expires=Fri, 08-Mar-2024 16:02:22 GMT; Max-Age=63072000; Path=/; Secure, ig_did=052D9DD4-4913-4D1D-BDC9-988A96381C40; Domain=.instagram.com; expires=Fri, 08-Mar-2024 16:02:22 GMT; HttpOnly; Max-Age=63072000; Path=/; Secure, ig_nrcb=1; Domain=.instagram.com; expires=Thu, 09-Mar-2023 16:02:22 GMT; Max-Age=31536000; Path=/; Secure', 'x-ig-origin-region': 'nao', 'X-FB-TRIP-ID': '1679558926', 'Alt-Svc': 'h3=":443"; ma=86400,h3-29=":443"; ma=86400', 'Connection': 'keep-alive', 'Content-Length': '90910'}
CGZPrGfhq9G	200	{'Content-Type': 'text/html; charset=utf-8', 'Vary': 'Accept-Language, Cookie, Accept-Encoding', 'Content-Language': 'en', 'Date': 'Wed, 09 Mar 2022 16:02:34 GMT', 'Content-Encoding': 'gzip', 'Strict-Transport-Security': 'max-age=31536000', 'Cache-Control': 'private, no-cache, no-store, must-revalidate', 'Pragma': 'no-cache', 'Expires': 'Sat, 01 Jan 2000 00:00:00 GMT', 'X-Frame-Options': 'SAMEORIGIN', 'content-security-policy': "report-uri https://www.instagram.com/security/csp_report/; default-src 'self' https://www.instagram.com; img-src data: blob: https://*.fbcdn.net https://*.instagram.com https://*.cdninstagram.com https://*.facebook.com https://*.fbsbx.com https://*.giphy.com; font-src data: https://*.fbcdn.net https://*.instagram.com https://*.cdninstagram.com; media-src 'self' blob: https://www.instagram.com https://*.cdninstagram.com https://*.fbcdn.net; manifest-src 'self' https://www.instagram.com; script-src 'self' https://instagram.com https://www.instagram.com https://*.www.instagram.com https://*.cdninstagram.com wss://www.instagram.com https://*.facebook.com https://*.fbcdn.net https://*.facebook.net 'unsafe-inline' 'unsafe-eval' blob:; style-src 'self' https://*.www.instagram.com https://www.instagram.com 'unsafe-inline'; connect-src 'self' https://instagram.com https://www.instagram.com https://*.www.instagram.com https://graph.instagram.com https://*.graph.instagram.com https://i.instagram.com/graphql_www https://graphql.instagram.com https://*.cdninstagram.com https://api.instagram.com https://i.instagram.com https://*.i.instagram.com https://*.od.instagram.com wss://www.instagram.com wss://edge-chat.instagram.com https://*.facebook.com https://*.fbcdn.net https://*.facebook.net chrome-extension://boadgeojelhgndaghljhdicfkmllpafd blob:; worker-src 'self' blob: https://www.instagram.com; frame-src 'self' https://instagram.com https://www.instagram.com https://*.instagram.com https://staticxx.facebook.com https://www.facebook.com https://web.facebook.com https://connect.facebook.net https://m.facebook.com; object-src 'none'; upgrade-insecure-requests", 'origin-trial': 'AuqWincgAuXeuu3KypEMnrrFEJHySaesyJS3EaIH40zvafzrU0Irhb7+5QwZpOqMZrPTjgvFl7Z5jJgy1dNAcQMAAAB6eyJvcmlnaW4iOiJodHRwczovL2luc3RhZ3JhbS5jb206NDQzIiwiZmVhdHVyZSI6IkNyb3NzT3JpZ2luT3BlbmVyUG9saWN5UmVwb3J0aW5nIiwiZXhwaXJ5IjoxNjEzNDExNjYyLCJpc1N1YmRvbWFpbiI6dHJ1ZX0=', 'report-to': '{"group": "coop", "max_age": 86400, "endpoints": [{"url": "/security/coop_report/"}]}', 'cross-origin-opener-policy': 'same-origin-allow-popups;report-to="coop"', 'X-Content-Type-Options': 'nosniff', 'X-XSS-Protection': '0', 'x-ig-push-state': 'c2', 'x-aed': '48', 'Access-Control-Expose-Headers': 'X-IG-Set-WWW-Claim', 'x-ig-request-elapsed-time-ms': '770', 'x-ig-peak-time': '1', 'Set-Cookie': 'csrftoken=iruTYQjnyOdoNRgwFP4z0tlL2t5mYZ2D; Domain=.instagram.com; expires=Wed, 08-Mar-2023 16:02:34 GMT; Max-Age=31449600; Path=/; Secure, mid=YijPmQAEAAFjNBM8EFxIICQJKDoW; Domain=.instagram.com; expires=Fri, 08-Mar-2024 16:02:34 GMT; Max-Age=63072000; Path=/; Secure, ig_did=3BE23520-D56E-48BE-BCAC-40C694D70E54; Domain=.instagram.com; expires=Fri, 08-Mar-2024 16:02:34 GMT; HttpOnly; Max-Age=63072000; Path=/; Secure, ig_nrcb=1; Domain=.instagram.com; expires=Thu, 09-Mar-2023 16:02:34 GMT; Max-Age=31536000; Path=/; Secure', 'x-ig-origin-region': 'nao', 'X-FB-TRIP-ID': '1679558926', 'Alt-Svc': 'h3=":443"; ma=86400,h3-29=":443"; ma=86400', 'Connection': 'keep-alive', 'Content-Length': '32842'}
CH0ArYKgJf0	200	{'Content-Type': 'text/html; charset=utf-8', 'Vary': 'Accept-Language, Cookie, Accept-Encoding', 'Content-Language': 'en', 'Date': 'Wed, 09 Mar 2022 16:02:46 GMT', 'Content-Encoding': 'gzip', 'Strict-Transport-Security': 'max-age=31536000', 'Cache-Control': 'private, no-cache, no-store, must-revalidate', 'Pragma': 'no-cache', 'Expires': 'Sat, 01 Jan 2000 00:00:00 GMT', 'X-Frame-Options': 'SAMEORIGIN', 'content-security-policy': "report-uri https://www.instagram.com/security/csp_report/; default-src 'self' https://www.instagram.com; img-src data: blob: https://*.fbcdn.net https://*.instagram.com https://*.cdninstagram.com https://*.facebook.com https://*.fbsbx.com https://*.giphy.com; font-src data: https://*.fbcdn.net https://*.instagram.com https://*.cdninstagram.com; media-src 'self' blob: https://www.instagram.com https://*.cdninstagram.com https://*.fbcdn.net; manifest-src 'self' https://www.instagram.com; script-src 'self' https://instagram.com https://www.instagram.com https://*.www.instagram.com https://*.cdninstagram.com wss://www.instagram.com https://*.facebook.com https://*.fbcdn.net https://*.facebook.net 'unsafe-inline' 'unsafe-eval' blob:; style-src 'self' https://*.www.instagram.com https://www.instagram.com 'unsafe-inline'; connect-src 'self' https://instagram.com https://www.instagram.com https://*.www.instagram.com https://graph.instagram.com https://*.graph.instagram.com https://i.instagram.com/graphql_www https://graphql.instagram.com https://*.cdninstagram.com https://api.instagram.com https://i.instagram.com https://*.i.instagram.com https://*.od.instagram.com wss://www.instagram.com wss://edge-chat.instagram.com https://*.facebook.com https://*.fbcdn.net https://*.facebook.net chrome-extension://boadgeojelhgndaghljhdicfkmllpafd blob:; worker-src 'self' blob: https://www.instagram.com; frame-src 'self' https://instagram.com https://www.instagram.com https://*.instagram.com https://staticxx.facebook.com https://www.facebook.com https://web.facebook.com https://connect.facebook.net https://m.facebook.com; object-src 'none'; upgrade-insecure-requests", 'origin-trial': 'AuqWincgAuXeuu3KypEMnrrFEJHySaesyJS3EaIH40zvafzrU0Irhb7+5QwZpOqMZrPTjgvFl7Z5jJgy1dNAcQMAAAB6eyJvcmlnaW4iOiJodHRwczovL2luc3RhZ3JhbS5jb206NDQzIiwiZmVhdHVyZSI6IkNyb3NzT3JpZ2luT3BlbmVyUG9saWN5UmVwb3J0aW5nIiwiZXhwaXJ5IjoxNjEzNDExNjYyLCJpc1N1YmRvbWFpbiI6dHJ1ZX0=', 'report-to': '{"group": "coop", "max_age": 86400, "endpoints": [{"url": "/security/coop_report/"}]}', 'cross-origin-opener-policy': 'same-origin-allow-popups;report-to="coop"', 'X-Content-Type-Options': 'nosniff', 'X-XSS-Protection': '0', 'x-ig-push-state': 'c2', 'x-aed': '48', 'Access-Control-Expose-Headers': 'X-IG-Set-WWW-Claim', 'x-ig-request-elapsed-time-ms': '1077', 'x-ig-peak-time': '1', 'Set-Cookie': 'csrftoken=GngvccxEI7xIJ9AU5mD2cYOzZ08uJRy2; Domain=.instagram.com; expires=Wed, 08-Mar-2023 16:02:46 GMT; Max-Age=31449600; Path=/; Secure, mid=YijPpQAEAAGLOE8We6gWlawYz26m; Domain=.instagram.com; expires=Fri, 08-Mar-2024 16:02:46 GMT; Max-Age=63072000; Path=/; Secure, ig_did=3AD45DF8-2CDC-4ED7-9BC5-304488653B3C; Domain=.instagram.com; expires=Fri, 08-Mar-2024 16:02:46 GMT; HttpOnly; Max-Age=63072000; Path=/; Secure, ig_nrcb=1; Domain=.instagram.com; expires=Thu, 09-Mar-2023 16:02:46 GMT; Max-Age=31536000; Path=/; Secure', 'x-ig-origin-region': 'nao', 'X-FB-TRIP-ID': '1679558926', 'Alt-Svc': 'h3=":443"; ma=86400,h3-29=":443"; ma=86400', 'Connection': 'keep-alive', 'Content-Length': '34794'}
CH0K1xdIkrD	200	{'Content-Type': 'text/html; charset=utf-8', 'Vary': 'Accept-Language, Cookie, Accept-Encoding', 'Content-Language': 'en', 'Date': 'Wed, 09 Mar 2022 16:02:57 GMT', 'Content-Encoding': 'gzip', 'Strict-Transport-Security': 'max-age=31536000', 'Cache-Control': 'private, no-cache, no-store, must-revalidate', 'Pragma': 'no-cache', 'Expires': 'Sat, 01 Jan 2000 00:00:00 GMT', 'X-Frame-Options': 'SAMEORIGIN', 'content-security-policy': "report-uri https://www.instagram.com/security/csp_report/; default-src 'self' https://www.instagram.com; img-src data: blob: https://*.fbcdn.net https://*.instagram.com https://*.cdninstagram.com https://*.facebook.com https://*.fbsbx.com https://*.giphy.com; font-src data: https://*.fbcdn.net https://*.instagram.com https://*.cdninstagram.com; media-src 'self' blob: https://www.instagram.com https://*.cdninstagram.com https://*.fbcdn.net; manifest-src 'self' https://www.instagram.com; script-src 'self' https://instagram.com https://www.instagram.com https://*.www.instagram.com https://*.cdninstagram.com wss://www.instagram.com https://*.facebook.com https://*.fbcdn.net https://*.facebook.net 'unsafe-inline' 'unsafe-eval' blob:; style-src 'self' https://*.www.instagram.com https://www.instagram.com 'unsafe-inline'; connect-src 'self' https://instagram.com https://www.instagram.com https://*.www.instagram.com https://graph.instagram.com https://*.graph.instagram.com https://i.instagram.com/graphql_www https://graphql.instagram.com https://*.cdninstagram.com https://api.instagram.com https://i.instagram.com https://*.i.instagram.com https://*.od.instagram.com wss://www.instagram.com wss://edge-chat.instagram.com https://*.facebook.com https://*.fbcdn.net https://*.facebook.net chrome-extension://boadgeojelhgndaghljhdicfkmllpafd blob:; worker-src 'self' blob: https://www.instagram.com; frame-src 'self' https://instagram.com https://www.instagram.com https://*.instagram.com https://staticxx.facebook.com https://www.facebook.com https://web.facebook.com https://connect.facebook.net https://m.facebook.com; object-src 'none'; upgrade-insecure-requests", 'origin-trial': 'AuqWincgAuXeuu3KypEMnrrFEJHySaesyJS3EaIH40zvafzrU0Irhb7+5QwZpOqMZrPTjgvFl7Z5jJgy1dNAcQMAAAB6eyJvcmlnaW4iOiJodHRwczovL2luc3RhZ3JhbS5jb206NDQzIiwiZmVhdHVyZSI6IkNyb3NzT3JpZ2luT3BlbmVyUG9saWN5UmVwb3J0aW5nIiwiZXhwaXJ5IjoxNjEzNDExNjYyLCJpc1N1YmRvbWFpbiI6dHJ1ZX0=', 'report-to': '{"group": "coop", "max_age": 86400, "endpoints": [{"url": "/security/coop_report/"}]}', 'cross-origin-opener-policy': 'same-origin-allow-popups;report-to="coop"', 'X-Content-Type-Options': 'nosniff', 'X-XSS-Protection': '0', 'x-ig-push-state': 'c2', 'x-aed': '48', 'Access-Control-Expose-Headers': 'X-IG-Set-WWW-Claim', 'x-ig-request-elapsed-time-ms': '225', 'x-ig-peak-time': '1', 'Set-Cookie': 'csrftoken=5xsgbuRkROV2xSOdwBYk7cXUskqnT1u6; Domain=.instagram.com; expires=Wed, 08-Mar-2023 16:02:57 GMT; Max-Age=31449600; Path=/; Secure, mid=YijPsQAEAAHpf0I6STfhQEl5xg9m; Domain=.instagram.com; expires=Fri, 08-Mar-2024 16:02:57 GMT; Max-Age=63072000; Path=/; Secure, ig_did=9F11D637-292A-450C-BAEF-2E7ECEB05139; Domain=.instagram.com; expires=Fri, 08-Mar-2024 16:02:57 GMT; HttpOnly; Max-Age=63072000; Path=/; Secure, ig_nrcb=1; Domain=.instagram.com; expires=Thu, 09-Mar-2023 16:02:57 GMT; Max-Age=31536000; Path=/; Secure', 'x-ig-origin-region': 'nao', 'X-FB-TRIP-ID': '1679558926', 'Alt-Svc': 'h3=":443"; ma=86400,h3-29=":443"; ma=86400', 'Connection': 'keep-alive', 'Content-Length': '31528'}
CHh4X9lAxgq	200	{'Content-Type': 'text/html; charset=utf-8', 'Vary': 'Accept-Language, Cookie, Accept-Encoding', 'Content-Language': 'en', 'Date': 'Wed, 09 Mar 2022 16:03:08 GMT', 'Content-Encoding': 'gzip', 'Strict-Transport-Security': 'max-age=31536000', 'Cache-Control': 'private, no-cache, no-store, must-revalidate', 'Pragma': 'no-cache', 'Expires': 'Sat, 01 Jan 2000 00:00:00 GMT', 'X-Frame-Options': 'SAMEORIGIN', 'content-security-policy': "report-uri https://www.instagram.com/security/csp_report/; default-src 'self' https://www.instagram.com; img-src data: blob: https://*.fbcdn.net https://*.instagram.com https://*.cdninstagram.com https://*.facebook.com https://*.fbsbx.com https://*.giphy.com; font-src data: https://*.fbcdn.net https://*.instagram.com https://*.cdninstagram.com; media-src 'self' blob: https://www.instagram.com https://*.cdninstagram.com https://*.fbcdn.net; manifest-src 'self' https://www.instagram.com; script-src 'self' https://instagram.com https://www.instagram.com https://*.www.instagram.com https://*.cdninstagram.com wss://www.instagram.com https://*.facebook.com https://*.fbcdn.net https://*.facebook.net 'unsafe-inline' 'unsafe-eval' blob:; style-src 'self' https://*.www.instagram.com https://www.instagram.com 'unsafe-inline'; connect-src 'self' https://instagram.com https://www.instagram.com https://*.www.instagram.com https://graph.instagram.com https://*.graph.instagram.com https://i.instagram.com/graphql_www https://graphql.instagram.com https://*.cdninstagram.com https://api.instagram.com https://i.instagram.com https://*.i.instagram.com https://*.od.instagram.com wss://www.instagram.com wss://edge-chat.instagram.com https://*.facebook.com https://*.fbcdn.net https://*.facebook.net chrome-extension://boadgeojelhgndaghljhdicfkmllpafd blob:; worker-src 'self' blob: https://www.instagram.com; frame-src 'self' https://instagram.com https://www.instagram.com https://*.instagram.com https://staticxx.facebook.com https://www.facebook.com https://web.facebook.com https://connect.facebook.net https://m.facebook.com; object-src 'none'; upgrade-insecure-requests", 'origin-trial': 'AuqWincgAuXeuu3KypEMnrrFEJHySaesyJS3EaIH40zvafzrU0Irhb7+5QwZpOqMZrPTjgvFl7Z5jJgy1dNAcQMAAAB6eyJvcmlnaW4iOiJodHRwczovL2luc3RhZ3JhbS5jb206NDQzIiwiZmVhdHVyZSI6IkNyb3NzT3JpZ2luT3BlbmVyUG9saWN5UmVwb3J0aW5nIiwiZXhwaXJ5IjoxNjEzNDExNjYyLCJpc1N1YmRvbWFpbiI6dHJ1ZX0=', 'report-to': '{"group": "coop", "max_age": 86400, "endpoints": [{"url": "/security/coop_report/"}]}', 'cross-origin-opener-policy': 'same-origin-allow-popups;report-to="coop"', 'X-Content-Type-Options': 'nosniff', 'X-XSS-Protection': '0', 'x-ig-push-state': 'c2', 'x-aed': '48', 'Access-Control-Expose-Headers': 'X-IG-Set-WWW-Claim', 'x-ig-request-elapsed-time-ms': '497', 'x-ig-peak-time': '1', 'Set-Cookie': 'csrftoken=vlFN6ekfeXUTtlKJ0580OfiqwOJusi0O; Domain=.instagram.com; expires=Wed, 08-Mar-2023 16:03:08 GMT; Max-Age=31449600; Path=/; Secure, mid=YijPvAAEAAFQERj_orNk4mUaI31P; Domain=.instagram.com; expires=Fri, 08-Mar-2024 16:03:08 GMT; Max-Age=63072000; Path=/; Secure, ig_did=3B937A1F-CF4E-46D0-8DD4-6AB41DF1B0E5; Domain=.instagram.com; expires=Fri, 08-Mar-2024 16:03:08 GMT; HttpOnly; Max-Age=63072000; Path=/; Secure, ig_nrcb=1; Domain=.instagram.com; expires=Thu, 09-Mar-2023 16:03:08 GMT; Max-Age=31536000; Path=/; Secure', 'x-ig-origin-region': 'nao', 'X-FB-TRIP-ID': '1679558926', 'Alt-Svc': 'h3=":443"; ma=86400,h3-29=":443"; ma=86400', 'Connection': 'keep-alive', 'Content-Length': '36595'}
CHiP39UlJpm	200	{'Content-Type': 'text/html; charset=utf-8', 'Vary': 'Accept-Language, Cookie, Accept-Encoding', 'Content-Language': 'en', 'Date': 'Wed, 09 Mar 2022 16:03:19 GMT', 'Content-Encoding': 'gzip', 'Strict-Transport-Security': 'max-age=31536000', 'Cache-Control': 'private, no-cache, no-store, must-revalidate', 'Pragma': 'no-cache', 'Expires': 'Sat, 01 Jan 2000 00:00:00 GMT', 'X-Frame-Options': 'SAMEORIGIN', 'content-security-policy': "report-uri https://www.instagram.com/security/csp_report/; default-src 'self' https://www.instagram.com; img-src data: blob: https://*.fbcdn.net https://*.instagram.com https://*.cdninstagram.com https://*.facebook.com https://*.fbsbx.com https://*.giphy.com; font-src data: https://*.fbcdn.net https://*.instagram.com https://*.cdninstagram.com; media-src 'self' blob: https://www.instagram.com https://*.cdninstagram.com https://*.fbcdn.net; manifest-src 'self' https://www.instagram.com; script-src 'self' https://instagram.com https://www.instagram.com https://*.www.instagram.com https://*.cdninstagram.com wss://www.instagram.com https://*.facebook.com https://*.fbcdn.net https://*.facebook.net 'unsafe-inline' 'unsafe-eval' blob:; style-src 'self' https://*.www.instagram.com https://www.instagram.com 'unsafe-inline'; connect-src 'self' https://instagram.com https://www.instagram.com https://*.www.instagram.com https://graph.instagram.com https://*.graph.instagram.com https://i.instagram.com/graphql_www https://graphql.instagram.com https://*.cdninstagram.com https://api.instagram.com https://i.instagram.com https://*.i.instagram.com https://*.od.instagram.com wss://www.instagram.com wss://edge-chat.instagram.com https://*.facebook.com https://*.fbcdn.net https://*.facebook.net chrome-extension://boadgeojelhgndaghljhdicfkmllpafd blob:; worker-src 'self' blob: https://www.instagram.com; frame-src 'self' https://instagram.com https://www.instagram.com https://*.instagram.com https://staticxx.facebook.com https://www.facebook.com https://web.facebook.com https://connect.facebook.net https://m.facebook.com; object-src 'none'; upgrade-insecure-requests", 'origin-trial': 'AuqWincgAuXeuu3KypEMnrrFEJHySaesyJS3EaIH40zvafzrU0Irhb7+5QwZpOqMZrPTjgvFl7Z5jJgy1dNAcQMAAAB6eyJvcmlnaW4iOiJodHRwczovL2luc3RhZ3JhbS5jb206NDQzIiwiZmVhdHVyZSI6IkNyb3NzT3JpZ2luT3BlbmVyUG9saWN5UmVwb3J0aW5nIiwiZXhwaXJ5IjoxNjEzNDExNjYyLCJpc1N1YmRvbWFpbiI6dHJ1ZX0=', 'report-to': '{"group": "coop", "max_age": 86400, "endpoints": [{"url": "/security/coop_report/"}]}', 'cross-origin-opener-policy': 'same-origin-allow-popups;report-to="coop"', 'X-Content-Type-Options': 'nosniff', 'X-XSS-Protection': '0', 'x-ig-push-state': 'c2', 'x-aed': '48', 'Access-Control-Expose-Headers': 'X-IG-Set-WWW-Claim', 'x-ig-request-elapsed-time-ms': '433', 'x-ig-peak-time': '1', 'Set-Cookie': 'csrftoken=JCb8RikWBtXHGCpmdXQedkZZNxuTwJW7; Domain=.instagram.com; expires=Wed, 08-Mar-2023 16:03:19 GMT; Max-Age=31449600; Path=/; Secure, mid=YijPxwAEAAGnr0DEccLz_slmWafP; Domain=.instagram.com; expires=Fri, 08-Mar-2024 16:03:19 GMT; Max-Age=63072000; Path=/; Secure, ig_did=49FA1E92-3412-4606-A414-C55D7BC90702; Domain=.instagram.com; expires=Fri, 08-Mar-2024 16:03:19 GMT; HttpOnly; Max-Age=63072000; Path=/; Secure, ig_nrcb=1; Domain=.instagram.com; expires=Thu, 09-Mar-2023 16:03:19 GMT; Max-Age=31536000; Path=/; Secure', 'x-ig-origin-region': 'nao', 'X-FB-TRIP-ID': '1679558926', 'Alt-Svc': 'h3=":443"; ma=86400,h3-29=":443"; ma=86400', 'Connection': 'keep-alive', 'Content-Length': '32907'}
CHkXJGRAUOF	200	{'Content-Type': 'text/html; charset=utf-8', 'Vary': 'Accept-Language, Cookie, Accept-Encoding', 'Content-Language': 'en', 'Date': 'Wed, 09 Mar 2022 16:03:31 GMT', 'Content-Encoding': 'gzip', 'Strict-Transport-Security': 'max-age=31536000', 'Cache-Control': 'private, no-cache, no-store, must-revalidate', 'Pragma': 'no-cache', 'Expires': 'Sat, 01 Jan 2000 00:00:00 GMT', 'X-Frame-Options': 'SAMEORIGIN', 'content-security-policy': "report-uri https://www.instagram.com/security/csp_report/; default-src 'self' https://www.instagram.com; img-src data: blob: https://*.fbcdn.net https://*.instagram.com https://*.cdninstagram.com https://*.facebook.com https://*.fbsbx.com https://*.giphy.com; font-src data: https://*.fbcdn.net https://*.instagram.com https://*.cdninstagram.com; media-src 'self' blob: https://www.instagram.com https://*.cdninstagram.com https://*.fbcdn.net; manifest-src 'self' https://www.instagram.com; script-src 'self' https://instagram.com https://www.instagram.com https://*.www.instagram.com https://*.cdninstagram.com wss://www.instagram.com https://*.facebook.com https://*.fbcdn.net https://*.facebook.net 'unsafe-inline' 'unsafe-eval' blob:; style-src 'self' https://*.www.instagram.com https://www.instagram.com 'unsafe-inline'; connect-src 'self' https://instagram.com https://www.instagram.com https://*.www.instagram.com https://graph.instagram.com https://*.graph.instagram.com https://i.instagram.com/graphql_www https://graphql.instagram.com https://*.cdninstagram.com https://api.instagram.com https://i.instagram.com https://*.i.instagram.com https://*.od.instagram.com wss://www.instagram.com wss://edge-chat.instagram.com https://*.facebook.com https://*.fbcdn.net https://*.facebook.net chrome-extension://boadgeojelhgndaghljhdicfkmllpafd blob:; worker-src 'self' blob: https://www.instagram.com; frame-src 'self' https://instagram.com https://www.instagram.com https://*.instagram.com https://staticxx.facebook.com https://www.facebook.com https://web.facebook.com https://connect.facebook.net https://m.facebook.com; object-src 'none'; upgrade-insecure-requests", 'origin-trial': 'AuqWincgAuXeuu3KypEMnrrFEJHySaesyJS3EaIH40zvafzrU0Irhb7+5QwZpOqMZrPTjgvFl7Z5jJgy1dNAcQMAAAB6eyJvcmlnaW4iOiJodHRwczovL2luc3RhZ3JhbS5jb206NDQzIiwiZmVhdHVyZSI6IkNyb3NzT3JpZ2luT3BlbmVyUG9saWN5UmVwb3J0aW5nIiwiZXhwaXJ5IjoxNjEzNDExNjYyLCJpc1N1YmRvbWFpbiI6dHJ1ZX0=', 'report-to': '{"group": "coop", "max_age": 86400, "endpoints": [{"url": "/security/coop_report/"}]}', 'cross-origin-opener-policy': 'same-origin-allow-popups;report-to="coop"', 'X-Content-Type-Options': 'nosniff', 'X-XSS-Protection': '0', 'x-ig-push-state': 'c2', 'x-aed': '48', 'Access-Control-Expose-Headers': 'X-IG-Set-WWW-Claim', 'x-ig-request-elapsed-time-ms': '945', 'x-ig-peak-time': '1', 'Set-Cookie': 'csrftoken=hNlNefArqrKRlINCyu8cUYA3LPfuiAjJ; Domain=.instagram.com; expires=Wed, 08-Mar-2023 16:03:31 GMT; Max-Age=31449600; Path=/; Secure, mid=YijP0gAEAAGgahs0ARtKIlfLYBeq; Domain=.instagram.com; expires=Fri, 08-Mar-2024 16:03:31 GMT; Max-Age=63072000; Path=/; Secure, ig_did=CAD59BA8-248B-4386-9A06-CF9ABA03EAA0; Domain=.instagram.com; expires=Fri, 08-Mar-2024 16:03:31 GMT; HttpOnly; Max-Age=63072000; Path=/; Secure, ig_nrcb=1; Domain=.instagram.com; expires=Thu, 09-Mar-2023 16:03:31 GMT; Max-Age=31536000; Path=/; Secure', 'x-ig-origin-region': 'nao', 'X-FB-TRIP-ID': '1679558926', 'Alt-Svc': 'h3=":443"; ma=86400,h3-29=":443"; ma=86400', 'Connection': 'keep-alive', 'Content-Length': '33009'}
CHsqJe0nQGq	200	{'Content-Type': 'text/html; charset=utf-8', 'Vary': 'Accept-Language, Cookie, Accept-Encoding', 'Content-Language': 'en', 'Date': 'Wed, 09 Mar 2022 16:03:43 GMT', 'Content-Encoding': 'gzip', 'Strict-Transport-Security': 'max-age=31536000', 'Cache-Control': 'private, no-cache, no-store, must-revalidate', 'Pragma': 'no-cache', 'Expires': 'Sat, 01 Jan 2000 00:00:00 GMT', 'X-Frame-Options': 'SAMEORIGIN', 'content-security-policy': "report-uri https://www.instagram.com/security/csp_report/; default-src 'self' https://www.instagram.com; img-src data: blob: https://*.fbcdn.net https://*.instagram.com https://*.cdninstagram.com https://*.facebook.com https://*.fbsbx.com https://*.giphy.com; font-src data: https://*.fbcdn.net https://*.instagram.com https://*.cdninstagram.com; media-src 'self' blob: https://www.instagram.com https://*.cdninstagram.com https://*.fbcdn.net; manifest-src 'self' https://www.instagram.com; script-src 'self' https://instagram.com https://www.instagram.com https://*.www.instagram.com https://*.cdninstagram.com wss://www.instagram.com https://*.facebook.com https://*.fbcdn.net https://*.facebook.net 'unsafe-inline' 'unsafe-eval' blob:; style-src 'self' https://*.www.instagram.com https://www.instagram.com 'unsafe-inline'; connect-src 'self' https://instagram.com https://www.instagram.com https://*.www.instagram.com https://graph.instagram.com https://*.graph.instagram.com https://i.instagram.com/graphql_www https://graphql.instagram.com https://*.cdninstagram.com https://api.instagram.com https://i.instagram.com https://*.i.instagram.com https://*.od.instagram.com wss://www.instagram.com wss://edge-chat.instagram.com https://*.facebook.com https://*.fbcdn.net https://*.facebook.net chrome-extension://boadgeojelhgndaghljhdicfkmllpafd blob:; worker-src 'self' blob: https://www.instagram.com; frame-src 'self' https://instagram.com https://www.instagram.com https://*.instagram.com https://staticxx.facebook.com https://www.facebook.com https://web.facebook.com https://connect.facebook.net https://m.facebook.com; object-src 'none'; upgrade-insecure-requests", 'origin-trial': 'AuqWincgAuXeuu3KypEMnrrFEJHySaesyJS3EaIH40zvafzrU0Irhb7+5QwZpOqMZrPTjgvFl7Z5jJgy1dNAcQMAAAB6eyJvcmlnaW4iOiJodHRwczovL2luc3RhZ3JhbS5jb206NDQzIiwiZmVhdHVyZSI6IkNyb3NzT3JpZ2luT3BlbmVyUG9saWN5UmVwb3J0aW5nIiwiZXhwaXJ5IjoxNjEzNDExNjYyLCJpc1N1YmRvbWFpbiI6dHJ1ZX0=', 'report-to': '{"group": "coop", "max_age": 86400, "endpoints": [{"url": "/security/coop_report/"}]}', 'cross-origin-opener-policy': 'same-origin-allow-popups;report-to="coop"', 'X-Content-Type-Options': 'nosniff', 'X-XSS-Protection': '0', 'x-ig-push-state': 'c2', 'x-aed': '48', 'Access-Control-Expose-Headers': 'X-IG-Set-WWW-Claim', 'x-ig-request-elapsed-time-ms': '937', 'x-ig-peak-time': '1', 'Set-Cookie': 'csrftoken=QQRI92iei61g8WmoycQadjsMgVwNDdCe; Domain=.instagram.com; expires=Wed, 08-Mar-2023 16:03:43 GMT; Max-Age=31449600; Path=/; Secure, mid=YijP3gAEAAGpzf2Ls4viRBHPACxt; Domain=.instagram.com; expires=Fri, 08-Mar-2024 16:03:43 GMT; Max-Age=63072000; Path=/; Secure, ig_did=9A6CC248-D0A9-4B9D-BA42-2EEE1F13C61D; Domain=.instagram.com; expires=Fri, 08-Mar-2024 16:03:43 GMT; HttpOnly; Max-Age=63072000; Path=/; Secure, ig_nrcb=1; Domain=.instagram.com; expires=Thu, 09-Mar-2023 16:03:43 GMT; Max-Age=31536000; Path=/; Secure', 'x-ig-origin-region': 'nao', 'X-FB-TRIP-ID': '1679558926', 'Alt-Svc': 'h3=":443"; ma=86400,h3-29=":443"; ma=86400', 'Connection': 'keep-alive', 'Content-Length': '34596'}
CHX7GwknpHp	200	{'Content-Type': 'text/html; charset=utf-8', 'Vary': 'Accept-Language, Cookie, Accept-Encoding', 'Content-Language': 'en', 'Date': 'Wed, 09 Mar 2022 16:03:55 GMT', 'Content-Encoding': 'gzip', 'Strict-Transport-Security': 'max-age=31536000', 'Cache-Control': 'private, no-cache, no-store, must-revalidate', 'Pragma': 'no-cache', 'Expires': 'Sat, 01 Jan 2000 00:00:00 GMT', 'X-Frame-Options': 'SAMEORIGIN', 'content-security-policy': "report-uri https://www.instagram.com/security/csp_report/; default-src 'self' https://www.instagram.com; img-src data: blob: https://*.fbcdn.net https://*.instagram.com https://*.cdninstagram.com https://*.facebook.com https://*.fbsbx.com https://*.giphy.com; font-src data: https://*.fbcdn.net https://*.instagram.com https://*.cdninstagram.com; media-src 'self' blob: https://www.instagram.com https://*.cdninstagram.com https://*.fbcdn.net; manifest-src 'self' https://www.instagram.com; script-src 'self' https://instagram.com https://www.instagram.com https://*.www.instagram.com https://*.cdninstagram.com wss://www.instagram.com https://*.facebook.com https://*.fbcdn.net https://*.facebook.net 'unsafe-inline' 'unsafe-eval' blob:; style-src 'self' https://*.www.instagram.com https://www.instagram.com 'unsafe-inline'; connect-src 'self' https://instagram.com https://www.instagram.com https://*.www.instagram.com https://graph.instagram.com https://*.graph.instagram.com https://i.instagram.com/graphql_www https://graphql.instagram.com https://*.cdninstagram.com https://api.instagram.com https://i.instagram.com https://*.i.instagram.com https://*.od.instagram.com wss://www.instagram.com wss://edge-chat.instagram.com https://*.facebook.com https://*.fbcdn.net https://*.facebook.net chrome-extension://boadgeojelhgndaghljhdicfkmllpafd blob:; worker-src 'self' blob: https://www.instagram.com; frame-src 'self' https://instagram.com https://www.instagram.com https://*.instagram.com https://staticxx.facebook.com https://www.facebook.com https://web.facebook.com https://connect.facebook.net https://m.facebook.com; object-src 'none'; upgrade-insecure-requests", 'origin-trial': 'AuqWincgAuXeuu3KypEMnrrFEJHySaesyJS3EaIH40zvafzrU0Irhb7+5QwZpOqMZrPTjgvFl7Z5jJgy1dNAcQMAAAB6eyJvcmlnaW4iOiJodHRwczovL2luc3RhZ3JhbS5jb206NDQzIiwiZmVhdHVyZSI6IkNyb3NzT3JpZ2luT3BlbmVyUG9saWN5UmVwb3J0aW5nIiwiZXhwaXJ5IjoxNjEzNDExNjYyLCJpc1N1YmRvbWFpbiI6dHJ1ZX0=', 'report-to': '{"group": "coop", "max_age": 86400, "endpoints": [{"url": "/security/coop_report/"}]}', 'cross-origin-opener-policy': 'same-origin-allow-popups;report-to="coop"', 'X-Content-Type-Options': 'nosniff', 'X-XSS-Protection': '0', 'x-ig-push-state': 'c2', 'x-aed': '48', 'Access-Control-Expose-Headers': 'X-IG-Set-WWW-Claim', 'x-ig-request-elapsed-time-ms': '563', 'x-ig-peak-time': '1', 'Set-Cookie': 'csrftoken=dR0A8fsc4Q3dovspaWYyyXw1Pm03yU0t; Domain=.instagram.com; expires=Wed, 08-Mar-2023 16:03:55 GMT; Max-Age=31449600; Path=/; Secure, mid=YijP6gAEAAH-5AKPNhYQ5iCiHQ7s; Domain=.instagram.com; expires=Fri, 08-Mar-2024 16:03:55 GMT; Max-Age=63072000; Path=/; Secure, ig_did=59AE5FE6-2565-4DB3-A74D-681B8BA16CB5; Domain=.instagram.com; expires=Fri, 08-Mar-2024 16:03:55 GMT; HttpOnly; Max-Age=63072000; Path=/; Secure, ig_nrcb=1; Domain=.instagram.com; expires=Thu, 09-Mar-2023 16:03:55 GMT; Max-Age=31536000; Path=/; Secure', 'x-ig-origin-region': 'nao', 'X-FB-TRIP-ID': '1679558926', 'Alt-Svc': 'h3=":443"; ma=86400,h3-29=":443"; ma=86400', 'Connection': 'keep-alive', 'Content-Length': '36634'}
CHzuhyPHcJ8	200	{'Content-Type': 'text/html; charset=utf-8', 'Vary': 'Accept-Language, Cookie, Accept-Encoding', 'Content-Language': 'en', 'Date': 'Wed, 09 Mar 2022 16:04:06 GMT', 'Content-Encoding': 'gzip', 'Strict-Transport-Security': 'max-age=31536000', 'Cache-Control': 'private, no-cache, no-store, must-revalidate', 'Pragma': 'no-cache', 'Expires': 'Sat, 01 Jan 2000 00:00:00 GMT', 'X-Frame-Options': 'SAMEORIGIN', 'content-security-policy': "report-uri https://www.instagram.com/security/csp_report/; default-src 'self' https://www.instagram.com; img-src data: blob: https://*.fbcdn.net https://*.instagram.com https://*.cdninstagram.com https://*.facebook.com https://*.fbsbx.com https://*.giphy.com; font-src data: https://*.fbcdn.net https://*.instagram.com https://*.cdninstagram.com; media-src 'self' blob: https://www.instagram.com https://*.cdninstagram.com https://*.fbcdn.net; manifest-src 'self' https://www.instagram.com; script-src 'self' https://instagram.com https://www.instagram.com https://*.www.instagram.com https://*.cdninstagram.com wss://www.instagram.com https://*.facebook.com https://*.fbcdn.net https://*.facebook.net 'unsafe-inline' 'unsafe-eval' blob:; style-src 'self' https://*.www.instagram.com https://www.instagram.com 'unsafe-inline'; connect-src 'self' https://instagram.com https://www.instagram.com https://*.www.instagram.com https://graph.instagram.com https://*.graph.instagram.com https://i.instagram.com/graphql_www https://graphql.instagram.com https://*.cdninstagram.com https://api.instagram.com https://i.instagram.com https://*.i.instagram.com https://*.od.instagram.com wss://www.instagram.com wss://edge-chat.instagram.com https://*.facebook.com https://*.fbcdn.net https://*.facebook.net chrome-extension://boadgeojelhgndaghljhdicfkmllpafd blob:; worker-src 'self' blob: https://www.instagram.com; frame-src 'self' https://instagram.com https://www.instagram.com https://*.instagram.com https://staticxx.facebook.com https://www.facebook.com https://web.facebook.com https://connect.facebook.net https://m.facebook.com; object-src 'none'; upgrade-insecure-requests", 'origin-trial': 'AuqWincgAuXeuu3KypEMnrrFEJHySaesyJS3EaIH40zvafzrU0Irhb7+5QwZpOqMZrPTjgvFl7Z5jJgy1dNAcQMAAAB6eyJvcmlnaW4iOiJodHRwczovL2luc3RhZ3JhbS5jb206NDQzIiwiZmVhdHVyZSI6IkNyb3NzT3JpZ2luT3BlbmVyUG9saWN5UmVwb3J0aW5nIiwiZXhwaXJ5IjoxNjEzNDExNjYyLCJpc1N1YmRvbWFpbiI6dHJ1ZX0=', 'report-to': '{"group": "coop", "max_age": 86400, "endpoints": [{"url": "/security/coop_report/"}]}', 'cross-origin-opener-policy': 'same-origin-allow-popups;report-to="coop"', 'X-Content-Type-Options': 'nosniff', 'X-XSS-Protection': '0', 'x-ig-push-state': 'c2', 'x-aed': '48', 'Access-Control-Expose-Headers': 'X-IG-Set-WWW-Claim', 'x-ig-request-elapsed-time-ms': '464', 'x-ig-peak-time': '1', 'Set-Cookie': 'csrftoken=f3hUHpZxq0pV5Bh1VagAdepLwE2POXqQ; Domain=.instagram.com; expires=Wed, 08-Mar-2023 16:04:06 GMT; Max-Age=31449600; Path=/; Secure, mid=YijP9QAEAAH5vEMkBxSbz_dW7f2e; Domain=.instagram.com; expires=Fri, 08-Mar-2024 16:04:06 GMT; Max-Age=63072000; Path=/; Secure, ig_did=97E5B8B9-B5D1-402C-B81F-5EA9C71699C1; Domain=.instagram.com; expires=Fri, 08-Mar-2024 16:04:06 GMT; HttpOnly; Max-Age=63072000; Path=/; Secure, ig_nrcb=1; Domain=.instagram.com; expires=Thu, 09-Mar-2023 16:04:06 GMT; Max-Age=31536000; Path=/; Secure', 'x-ig-origin-region': 'nao', 'X-FB-TRIP-ID': '1679558926', 'Alt-Svc': 'h3=":443"; ma=86400,h3-29=":443"; ma=86400', 'Connection': 'keep-alive', 'Content-Length': '31959'}
CI1f5KHFeKl	200	{'Content-Type': 'text/html; charset=utf-8', 'Vary': 'Accept-Language, Cookie, Accept-Encoding', 'Content-Language': 'en', 'Date': 'Wed, 09 Mar 2022 16:04:17 GMT', 'Content-Encoding': 'gzip', 'Strict-Transport-Security': 'max-age=31536000', 'Cache-Control': 'private, no-cache, no-store, must-revalidate', 'Pragma': 'no-cache', 'Expires': 'Sat, 01 Jan 2000 00:00:00 GMT', 'X-Frame-Options': 'SAMEORIGIN', 'content-security-policy': "report-uri https://www.instagram.com/security/csp_report/; default-src 'self' https://www.instagram.com; img-src data: blob: https://*.fbcdn.net https://*.instagram.com https://*.cdninstagram.com https://*.facebook.com https://*.fbsbx.com https://*.giphy.com; font-src data: https://*.fbcdn.net https://*.instagram.com https://*.cdninstagram.com; media-src 'self' blob: https://www.instagram.com https://*.cdninstagram.com https://*.fbcdn.net; manifest-src 'self' https://www.instagram.com; script-src 'self' https://instagram.com https://www.instagram.com https://*.www.instagram.com https://*.cdninstagram.com wss://www.instagram.com https://*.facebook.com https://*.fbcdn.net https://*.facebook.net 'unsafe-inline' 'unsafe-eval' blob:; style-src 'self' https://*.www.instagram.com https://www.instagram.com 'unsafe-inline'; connect-src 'self' https://instagram.com https://www.instagram.com https://*.www.instagram.com https://graph.instagram.com https://*.graph.instagram.com https://i.instagram.com/graphql_www https://graphql.instagram.com https://*.cdninstagram.com https://api.instagram.com https://i.instagram.com https://*.i.instagram.com https://*.od.instagram.com wss://www.instagram.com wss://edge-chat.instagram.com https://*.facebook.com https://*.fbcdn.net https://*.facebook.net chrome-extension://boadgeojelhgndaghljhdicfkmllpafd blob:; worker-src 'self' blob: https://www.instagram.com; frame-src 'self' https://instagram.com https://www.instagram.com https://*.instagram.com https://staticxx.facebook.com https://www.facebook.com https://web.facebook.com https://connect.facebook.net https://m.facebook.com; object-src 'none'; upgrade-insecure-requests", 'origin-trial': 'AuqWincgAuXeuu3KypEMnrrFEJHySaesyJS3EaIH40zvafzrU0Irhb7+5QwZpOqMZrPTjgvFl7Z5jJgy1dNAcQMAAAB6eyJvcmlnaW4iOiJodHRwczovL2luc3RhZ3JhbS5jb206NDQzIiwiZmVhdHVyZSI6IkNyb3NzT3JpZ2luT3BlbmVyUG9saWN5UmVwb3J0aW5nIiwiZXhwaXJ5IjoxNjEzNDExNjYyLCJpc1N1YmRvbWFpbiI6dHJ1ZX0=', 'report-to': '{"group": "coop", "max_age": 86400, "endpoints": [{"url": "/security/coop_report/"}]}', 'cross-origin-opener-policy': 'same-origin-allow-popups;report-to="coop"', 'X-Content-Type-Options': 'nosniff', 'X-XSS-Protection': '0', 'x-ig-push-state': 'c2', 'x-aed': '48', 'Access-Control-Expose-Headers': 'X-IG-Set-WWW-Claim', 'x-ig-request-elapsed-time-ms': '772', 'x-ig-peak-time': '1', 'Set-Cookie': 'csrftoken=hBo2Wkb8MAm354g6Hk2gQHpJEo0LIJGt; Domain=.instagram.com; expires=Wed, 08-Mar-2023 16:04:17 GMT; Max-Age=31449600; Path=/; Secure, mid=YijQAAAEAAEm9TyKacKp2TkWtSIg; Domain=.instagram.com; expires=Fri, 08-Mar-2024 16:04:17 GMT; Max-Age=63072000; Path=/; Secure, ig_did=7BDBD311-FECB-4D00-ADCA-5964113614CE; Domain=.instagram.com; expires=Fri, 08-Mar-2024 16:04:17 GMT; HttpOnly; Max-Age=63072000; Path=/; Secure, ig_nrcb=1; Domain=.instagram.com; expires=Thu, 09-Mar-2023 16:04:17 GMT; Max-Age=31536000; Path=/; Secure', 'x-ig-origin-region': 'nao', 'X-FB-TRIP-ID': '1679558926', 'Alt-Svc': 'h3=":443"; ma=86400,h3-29=":443"; ma=86400', 'Connection': 'keep-alive', 'Content-Length': '30172'}
CI1lYjRhRBw	200	{'Content-Type': 'text/html; charset=utf-8', 'Vary': 'Accept-Language, Cookie, Accept-Encoding', 'Content-Language': 'en', 'Date': 'Wed, 09 Mar 2022 16:04:29 GMT', 'Content-Encoding': 'gzip', 'Strict-Transport-Security': 'max-age=31536000', 'Cache-Control': 'private, no-cache, no-store, must-revalidate', 'Pragma': 'no-cache', 'Expires': 'Sat, 01 Jan 2000 00:00:00 GMT', 'X-Frame-Options': 'SAMEORIGIN', 'content-security-policy': "report-uri https://www.instagram.com/security/csp_report/; default-src 'self' https://www.instagram.com; img-src data: blob: https://*.fbcdn.net https://*.instagram.com https://*.cdninstagram.com https://*.facebook.com https://*.fbsbx.com https://*.giphy.com; font-src data: https://*.fbcdn.net https://*.instagram.com https://*.cdninstagram.com; media-src 'self' blob: https://www.instagram.com https://*.cdninstagram.com https://*.fbcdn.net; manifest-src 'self' https://www.instagram.com; script-src 'self' https://instagram.com https://www.instagram.com https://*.www.instagram.com https://*.cdninstagram.com wss://www.instagram.com https://*.facebook.com https://*.fbcdn.net https://*.facebook.net 'unsafe-inline' 'unsafe-eval' blob:; style-src 'self' https://*.www.instagram.com https://www.instagram.com 'unsafe-inline'; connect-src 'self' https://instagram.com https://www.instagram.com https://*.www.instagram.com https://graph.instagram.com https://*.graph.instagram.com https://i.instagram.com/graphql_www https://graphql.instagram.com https://*.cdninstagram.com https://api.instagram.com https://i.instagram.com https://*.i.instagram.com https://*.od.instagram.com wss://www.instagram.com wss://edge-chat.instagram.com https://*.facebook.com https://*.fbcdn.net https://*.facebook.net chrome-extension://boadgeojelhgndaghljhdicfkmllpafd blob:; worker-src 'self' blob: https://www.instagram.com; frame-src 'self' https://instagram.com https://www.instagram.com https://*.instagram.com https://staticxx.facebook.com https://www.facebook.com https://web.facebook.com https://connect.facebook.net https://m.facebook.com; object-src 'none'; upgrade-insecure-requests", 'origin-trial': 'AuqWincgAuXeuu3KypEMnrrFEJHySaesyJS3EaIH40zvafzrU0Irhb7+5QwZpOqMZrPTjgvFl7Z5jJgy1dNAcQMAAAB6eyJvcmlnaW4iOiJodHRwczovL2luc3RhZ3JhbS5jb206NDQzIiwiZmVhdHVyZSI6IkNyb3NzT3JpZ2luT3BlbmVyUG9saWN5UmVwb3J0aW5nIiwiZXhwaXJ5IjoxNjEzNDExNjYyLCJpc1N1YmRvbWFpbiI6dHJ1ZX0=', 'report-to': '{"group": "coop", "max_age": 86400, "endpoints": [{"url": "/security/coop_report/"}]}', 'cross-origin-opener-policy': 'same-origin-allow-popups;report-to="coop"', 'X-Content-Type-Options': 'nosniff', 'X-XSS-Protection': '0', 'x-ig-push-state': 'c2', 'x-aed': '48', 'Access-Control-Expose-Headers': 'X-IG-Set-WWW-Claim', 'x-ig-request-elapsed-time-ms': '750', 'x-ig-peak-time': '1', 'Set-Cookie': 'csrftoken=ObmHOWuF0mDqd2rdycwTPIUXU603ZyKG; Domain=.instagram.com; expires=Wed, 08-Mar-2023 16:04:29 GMT; Max-Age=31449600; Path=/; Secure, mid=YijQDAAEAAHKNTRCjoGbyYQFMeLs; Domain=.instagram.com; expires=Fri, 08-Mar-2024 16:04:29 GMT; Max-Age=63072000; Path=/; Secure, ig_did=729D2620-0E8C-4FB6-8AF4-F946408CA898; Domain=.instagram.com; expires=Fri, 08-Mar-2024 16:04:29 GMT; HttpOnly; Max-Age=63072000; Path=/; Secure, ig_nrcb=1; Domain=.instagram.com; expires=Thu, 09-Mar-2023 16:04:29 GMT; Max-Age=31536000; Path=/; Secure', 'x-ig-origin-region': 'nao', 'X-FB-TRIP-ID': '1679558926', 'Alt-Svc': 'h3=":443"; ma=86400,h3-29=":443"; ma=86400', 'Connection': 'keep-alive', 'Content-Length': '34059'}
