"https://instagram.com/p/-CzOWjmEUZ/","madonna"
"https://instagram.com/p/-DSiwbAQdA/","ichiroyamaguchi"
"https://instagram.com/p/6pzghQttTe/","rockwallwomensleague"
"https://instagram.com/p/-C-NNrHZXh/","joannsfar"
"https://instagram.com/p/-DHq5xlZtw/","3jsb_hiroomi_tosaka"
"https://instagram.com/p/-FL7ijGWDf/","jayspizzy"
"https://instagram.com/p/--_dMXx4Lw/","blakelively"
"https://instagram.com/p/-IMlMPBEVB/","rondarousey"
"https://instagram.com/p/7I5TTpo4M0/","avrillavigne"
"https://instagram.com/p/-2HG73JjZT/","chrissyteigen"
"https://instagram.com/p/-dXZzJpjRW/","chrissyteigen"
"https://instagram.com/p/-EdwWcr_y3/","charlotte49ers"
"https://instagram.com/p/-8vsO9Fz6f/","instavideo_kaz"
"https://instagram.com/p/-d6F1LJeps/","charliemay"
"https://instagram.com/p/-cPSKcS_d-/","bydvnlln"
"https://instagram.com/p/-2g67gy_av/","bydvnlln"
"https://instagram.com/p/-hwc34y_a2/","bydvnlln"
"https://instagram.com/p/-EkMzcy_Te/","bydvnlln"
"https://instagram.com/p/-9KlOQDpvP/","designseeds"
"https://instagram.com/p/-7GsJljpph/","designseeds"
