jqGgpnMaB9	200	{'Content-Type': 'text/html; charset=utf-8', 'Vary': 'Accept-Language, Cookie, Accept-Encoding', 'Content-Language': 'en', 'Date': 'Sun, 20 Mar 2022 04:14:29 GMT', 'Content-Encoding': 'gzip', 'Strict-Transport-Security': 'max-age=31536000', 'Cache-Control': 'private, no-cache, no-store, must-revalidate', 'Pragma': 'no-cache', 'Expires': 'Sat, 01 Jan 2000 00:00:00 GMT', 'X-Frame-Options': 'SAMEORIGIN', 'content-security-policy': "report-uri https://www.instagram.com/security/csp_report/; default-src 'self' https://www.instagram.com; img-src data: blob: https://*.fbcdn.net https://*.instagram.com https://*.cdninstagram.com https://*.facebook.com https://*.fbsbx.com https://*.giphy.com; font-src data: https://*.fbcdn.net https://*.instagram.com https://*.cdninstagram.com; media-src 'self' blob: https://www.instagram.com https://*.cdninstagram.com https://*.fbcdn.net; manifest-src 'self' https://www.instagram.com; script-src 'self' https://instagram.com https://www.instagram.com https://*.www.instagram.com https://*.cdninstagram.com wss://www.instagram.com https://*.facebook.com https://*.fbcdn.net https://*.facebook.net 'unsafe-inline' 'unsafe-eval' blob:; style-src 'self' https://*.www.instagram.com https://www.instagram.com 'unsafe-inline'; connect-src 'self' https://instagram.com https://www.instagram.com https://*.www.instagram.com https://graph.instagram.com https://*.graph.instagram.com https://i.instagram.com/graphql_www https://graphql.instagram.com https://*.cdninstagram.com https://api.instagram.com https://i.instagram.com https://*.i.instagram.com https://*.od.instagram.com wss://www.instagram.com wss://edge-chat.instagram.com https://*.facebook.com https://*.fbcdn.net https://*.facebook.net chrome-extension://boadgeojelhgndaghljhdicfkmllpafd blob:; worker-src 'self' blob: https://www.instagram.com; frame-src 'self' https://instagram.com https://www.instagram.com https://*.instagram.com https://staticxx.facebook.com https://www.facebook.com https://web.facebook.com https://connect.facebook.net https://m.facebook.com; object-src 'none'; upgrade-insecure-requests", 'origin-trial': 'AuqWincgAuXeuu3KypEMnrrFEJHySaesyJS3EaIH40zvafzrU0Irhb7+5QwZpOqMZrPTjgvFl7Z5jJgy1dNAcQMAAAB6eyJvcmlnaW4iOiJodHRwczovL2luc3RhZ3JhbS5jb206NDQzIiwiZmVhdHVyZSI6IkNyb3NzT3JpZ2luT3BlbmVyUG9saWN5UmVwb3J0aW5nIiwiZXhwaXJ5IjoxNjEzNDExNjYyLCJpc1N1YmRvbWFpbiI6dHJ1ZX0=', 'report-to': '{"group": "coop", "max_age": 86400, "endpoints": [{"url": "/security/coop_report/"}]}', 'cross-origin-opener-policy': 'same-origin-allow-popups;report-to="coop"', 'X-Content-Type-Options': 'nosniff', 'X-XSS-Protection': '0', 'x-ig-push-state': 'c2', 'x-aed': '48', 'Access-Control-Expose-Headers': 'X-IG-Set-WWW-Claim', 'x-ig-request-elapsed-time-ms': '2362', 'x-ig-peak-time': '0', 'Set-Cookie': 'csrftoken=ygviYx9xHmq3THY0xbL4Wn59qNkN7eB3; Domain=.instagram.com; expires=Sun, 19-Mar-2023 04:14:29 GMT; Max-Age=31449600; Path=/; Secure, mid=YjaqIgAEAAE0gHJ2l_d10hl-hCdz; Domain=.instagram.com; expires=Tue, 19-Mar-2024 04:14:29 GMT; Max-Age=63072000; Path=/; Secure, ig_did=9B32DAD6-6F7F-40C0-969D-1D5EB4CCB6B5; Domain=.instagram.com; expires=Tue, 19-Mar-2024 04:14:29 GMT; HttpOnly; Max-Age=63072000; Path=/; Secure, ig_nrcb=1; Domain=.instagram.com; expires=Mon, 20-Mar-2023 04:14:29 GMT; Max-Age=31536000; Path=/; Secure', 'x-ig-origin-region': 'ncg', 'X-FB-TRIP-ID': '1679558926', 'Alt-Svc': 'h3=":443"; ma=86400,h3-29=":443"; ma=86400', 'Connection': 'keep-alive', 'Content-Length': '33771'}
jsGCuAFMTn	404	{'Content-Type': 'text/html; charset=utf-8', 'Vary': 'Accept-Language, Cookie', 'Content-Language': 'en', 'Date': 'Sun, 20 Mar 2022 04:19:30 GMT', 'Strict-Transport-Security': 'max-age=31536000', 'Cache-Control': 'private, no-cache, no-store, must-revalidate', 'Pragma': 'no-cache', 'Expires': 'Sat, 01 Jan 2000 00:00:00 GMT', 'X-Frame-Options': 'SAMEORIGIN', 'content-security-policy': "report-uri https://www.instagram.com/security/csp_report/; default-src 'self' https://www.instagram.com; img-src data: blob: https://*.fbcdn.net https://*.instagram.com https://*.cdninstagram.com https://*.facebook.com https://*.fbsbx.com https://*.giphy.com; font-src data: https://*.fbcdn.net https://*.instagram.com https://*.cdninstagram.com; media-src 'self' blob: https://www.instagram.com https://*.cdninstagram.com https://*.fbcdn.net; manifest-src 'self' https://www.instagram.com; script-src 'self' https://instagram.com https://www.instagram.com https://*.www.instagram.com https://*.cdninstagram.com wss://www.instagram.com https://*.facebook.com https://*.fbcdn.net https://*.facebook.net 'unsafe-inline' 'unsafe-eval' blob:; style-src 'self' https://*.www.instagram.com https://www.instagram.com 'unsafe-inline'; connect-src 'self' https://instagram.com https://www.instagram.com https://*.www.instagram.com https://graph.instagram.com https://*.graph.instagram.com https://i.instagram.com/graphql_www https://graphql.instagram.com https://*.cdninstagram.com https://api.instagram.com https://i.instagram.com https://*.i.instagram.com https://*.od.instagram.com wss://www.instagram.com wss://edge-chat.instagram.com https://*.facebook.com https://*.fbcdn.net https://*.facebook.net chrome-extension://boadgeojelhgndaghljhdicfkmllpafd blob:; worker-src 'self' blob: https://www.instagram.com; frame-src 'self' https://instagram.com https://www.instagram.com https://*.instagram.com https://staticxx.facebook.com https://www.facebook.com https://web.facebook.com https://connect.facebook.net https://m.facebook.com; object-src 'none'; upgrade-insecure-requests", 'cross-origin-embedder-policy-report-only': 'require-corp;report-to="coep"', 'report-to': '{"group": "coep", "max_age": 86400, "endpoints": [{"url": "/security/coep_report/"}]},{"group": "coop", "max_age": 86400, "endpoints": [{"url": "/security/coop_report/"}]}', 'origin-trial': 'AuqWincgAuXeuu3KypEMnrrFEJHySaesyJS3EaIH40zvafzrU0Irhb7+5QwZpOqMZrPTjgvFl7Z5jJgy1dNAcQMAAAB6eyJvcmlnaW4iOiJodHRwczovL2luc3RhZ3JhbS5jb206NDQzIiwiZmVhdHVyZSI6IkNyb3NzT3JpZ2luT3BlbmVyUG9saWN5UmVwb3J0aW5nIiwiZXhwaXJ5IjoxNjEzNDExNjYyLCJpc1N1YmRvbWFpbiI6dHJ1ZX0=', 'cross-origin-opener-policy': 'same-origin-allow-popups;report-to="coop"', 'X-Content-Type-Options': 'nosniff', 'X-XSS-Protection': '0', 'x-ig-push-state': 'c2', 'x-aed': '48', 'Access-Control-Expose-Headers': 'X-IG-Set-WWW-Claim', 'x-ig-request-elapsed-time-ms': '188', 'x-ig-peak-time': '0', 'Set-Cookie': 'csrftoken=SFOtfc0MItS2wWv1w1k26Ji34cERF7WQ; Domain=.instagram.com; expires=Sun, 19-Mar-2023 04:19:30 GMT; Max-Age=31449600; Path=/; Secure, mid=YjarUgAEAAFfc9uZI0R7Ajl7lSn7; Domain=.instagram.com; expires=Tue, 19-Mar-2024 04:19:30 GMT; Max-Age=63072000; Path=/; Secure, ig_did=95FFBAAF-3A02-47D1-921F-E157500C8130; Domain=.instagram.com; expires=Tue, 19-Mar-2024 04:19:30 GMT; HttpOnly; Max-Age=63072000; Path=/; Secure, ig_nrcb=1; Domain=.instagram.com; expires=Mon, 20-Mar-2023 04:19:30 GMT; Max-Age=31536000; Path=/; Secure', 'x-ig-origin-region': 'ncg', 'X-FB-TRIP-ID': '1679558926', 'Alt-Svc': 'h3=":443"; ma=86400,h3-29=":443"; ma=86400', 'Connection': 'keep-alive', 'Content-Length': '91360'}
jU2wfYLalI	200	{'Content-Type': 'text/html; charset=utf-8', 'Vary': 'Accept-Language, Cookie, Accept-Encoding', 'Content-Language': 'en', 'Date': 'Sun, 20 Mar 2022 04:24:31 GMT', 'Content-Encoding': 'gzip', 'Strict-Transport-Security': 'max-age=31536000', 'Cache-Control': 'private, no-cache, no-store, must-revalidate', 'Pragma': 'no-cache', 'Expires': 'Sat, 01 Jan 2000 00:00:00 GMT', 'X-Frame-Options': 'SAMEORIGIN', 'content-security-policy': "report-uri https://www.instagram.com/security/csp_report/; default-src 'self' https://www.instagram.com; img-src data: blob: https://*.fbcdn.net https://*.instagram.com https://*.cdninstagram.com https://*.facebook.com https://*.fbsbx.com https://*.giphy.com; font-src data: https://*.fbcdn.net https://*.instagram.com https://*.cdninstagram.com; media-src 'self' blob: https://www.instagram.com https://*.cdninstagram.com https://*.fbcdn.net; manifest-src 'self' https://www.instagram.com; script-src 'self' https://instagram.com https://www.instagram.com https://*.www.instagram.com https://*.cdninstagram.com wss://www.instagram.com https://*.facebook.com https://*.fbcdn.net https://*.facebook.net 'unsafe-inline' 'unsafe-eval' blob:; style-src 'self' https://*.www.instagram.com https://www.instagram.com 'unsafe-inline'; connect-src 'self' https://instagram.com https://www.instagram.com https://*.www.instagram.com https://graph.instagram.com https://*.graph.instagram.com https://i.instagram.com/graphql_www https://graphql.instagram.com https://*.cdninstagram.com https://api.instagram.com https://i.instagram.com https://*.i.instagram.com https://*.od.instagram.com wss://www.instagram.com wss://edge-chat.instagram.com https://*.facebook.com https://*.fbcdn.net https://*.facebook.net chrome-extension://boadgeojelhgndaghljhdicfkmllpafd blob:; worker-src 'self' blob: https://www.instagram.com; frame-src 'self' https://instagram.com https://www.instagram.com https://*.instagram.com https://staticxx.facebook.com https://www.facebook.com https://web.facebook.com https://connect.facebook.net https://m.facebook.com; object-src 'none'; upgrade-insecure-requests", 'origin-trial': 'AuqWincgAuXeuu3KypEMnrrFEJHySaesyJS3EaIH40zvafzrU0Irhb7+5QwZpOqMZrPTjgvFl7Z5jJgy1dNAcQMAAAB6eyJvcmlnaW4iOiJodHRwczovL2luc3RhZ3JhbS5jb206NDQzIiwiZmVhdHVyZSI6IkNyb3NzT3JpZ2luT3BlbmVyUG9saWN5UmVwb3J0aW5nIiwiZXhwaXJ5IjoxNjEzNDExNjYyLCJpc1N1YmRvbWFpbiI6dHJ1ZX0=', 'report-to': '{"group": "coop", "max_age": 86400, "endpoints": [{"url": "/security/coop_report/"}]}', 'cross-origin-opener-policy': 'same-origin-allow-popups;report-to="coop"', 'X-Content-Type-Options': 'nosniff', 'X-XSS-Protection': '0', 'x-ig-push-state': 'c2', 'x-aed': '48', 'Access-Control-Expose-Headers': 'X-IG-Set-WWW-Claim', 'x-ig-request-elapsed-time-ms': '294', 'x-ig-peak-time': '0', 'Set-Cookie': 'csrftoken=ErpR05LOu6olrz9RLXsX6rdsKCvdEnXJ; Domain=.instagram.com; expires=Sun, 19-Mar-2023 04:24:31 GMT; Max-Age=31449600; Path=/; Secure, mid=YjasfwAEAAEClrsyghPCnbI-9gq9; Domain=.instagram.com; expires=Tue, 19-Mar-2024 04:24:31 GMT; Max-Age=63072000; Path=/; Secure, ig_did=7962BB2C-56A4-4ADC-AA23-FC3604CFB99F; Domain=.instagram.com; expires=Tue, 19-Mar-2024 04:24:31 GMT; HttpOnly; Max-Age=63072000; Path=/; Secure, ig_nrcb=1; Domain=.instagram.com; expires=Mon, 20-Mar-2023 04:24:31 GMT; Max-Age=31536000; Path=/; Secure', 'x-ig-origin-region': 'ncg', 'X-FB-TRIP-ID': '1679558926', 'Alt-Svc': 'h3=":443"; ma=86400,h3-29=":443"; ma=86400', 'Connection': 'keep-alive', 'Content-Length': '30839'}
juFQjVvw3W	200	{'Content-Type': 'text/html; charset=utf-8', 'Vary': 'Accept-Language, Cookie, Accept-Encoding', 'Content-Language': 'en', 'Date': 'Sun, 20 Mar 2022 04:29:33 GMT', 'Content-Encoding': 'gzip', 'Strict-Transport-Security': 'max-age=31536000', 'Cache-Control': 'private, no-cache, no-store, must-revalidate', 'Pragma': 'no-cache', 'Expires': 'Sat, 01 Jan 2000 00:00:00 GMT', 'X-Frame-Options': 'SAMEORIGIN', 'content-security-policy': "report-uri https://www.instagram.com/security/csp_report/; default-src 'self' https://www.instagram.com; img-src data: blob: https://*.fbcdn.net https://*.instagram.com https://*.cdninstagram.com https://*.facebook.com https://*.fbsbx.com https://*.giphy.com; font-src data: https://*.fbcdn.net https://*.instagram.com https://*.cdninstagram.com; media-src 'self' blob: https://www.instagram.com https://*.cdninstagram.com https://*.fbcdn.net; manifest-src 'self' https://www.instagram.com; script-src 'self' https://instagram.com https://www.instagram.com https://*.www.instagram.com https://*.cdninstagram.com wss://www.instagram.com https://*.facebook.com https://*.fbcdn.net https://*.facebook.net 'unsafe-inline' 'unsafe-eval' blob:; style-src 'self' https://*.www.instagram.com https://www.instagram.com 'unsafe-inline'; connect-src 'self' https://instagram.com https://www.instagram.com https://*.www.instagram.com https://graph.instagram.com https://*.graph.instagram.com https://i.instagram.com/graphql_www https://graphql.instagram.com https://*.cdninstagram.com https://api.instagram.com https://i.instagram.com https://*.i.instagram.com https://*.od.instagram.com wss://www.instagram.com wss://edge-chat.instagram.com https://*.facebook.com https://*.fbcdn.net https://*.facebook.net chrome-extension://boadgeojelhgndaghljhdicfkmllpafd blob:; worker-src 'self' blob: https://www.instagram.com; frame-src 'self' https://instagram.com https://www.instagram.com https://*.instagram.com https://staticxx.facebook.com https://www.facebook.com https://web.facebook.com https://connect.facebook.net https://m.facebook.com; object-src 'none'; upgrade-insecure-requests", 'origin-trial': 'AuqWincgAuXeuu3KypEMnrrFEJHySaesyJS3EaIH40zvafzrU0Irhb7+5QwZpOqMZrPTjgvFl7Z5jJgy1dNAcQMAAAB6eyJvcmlnaW4iOiJodHRwczovL2luc3RhZ3JhbS5jb206NDQzIiwiZmVhdHVyZSI6IkNyb3NzT3JpZ2luT3BlbmVyUG9saWN5UmVwb3J0aW5nIiwiZXhwaXJ5IjoxNjEzNDExNjYyLCJpc1N1YmRvbWFpbiI6dHJ1ZX0=', 'report-to': '{"group": "coop", "max_age": 86400, "endpoints": [{"url": "/security/coop_report/"}]}', 'cross-origin-opener-policy': 'same-origin-allow-popups;report-to="coop"', 'X-Content-Type-Options': 'nosniff', 'X-XSS-Protection': '0', 'x-ig-push-state': 'c2', 'x-aed': '48', 'Access-Control-Expose-Headers': 'X-IG-Set-WWW-Claim', 'x-ig-request-elapsed-time-ms': '1014', 'x-ig-peak-time': '0', 'Set-Cookie': 'csrftoken=Sq3PjotpFHfXcVZxz3OARMCyXlYOi8l4; Domain=.instagram.com; expires=Sun, 19-Mar-2023 04:29:33 GMT; Max-Age=31449600; Path=/; Secure, mid=YjatrAAEAAHGYOBM5US_XTWDgEZc; Domain=.instagram.com; expires=Tue, 19-Mar-2024 04:29:33 GMT; Max-Age=63072000; Path=/; Secure, ig_did=B11B4FA8-6D03-45BA-9B92-EAB0FBA75566; Domain=.instagram.com; expires=Tue, 19-Mar-2024 04:29:33 GMT; HttpOnly; Max-Age=63072000; Path=/; Secure, ig_nrcb=1; Domain=.instagram.com; expires=Mon, 20-Mar-2023 04:29:33 GMT; Max-Age=31536000; Path=/; Secure', 'x-ig-origin-region': 'ncg', 'X-FB-TRIP-ID': '1679558926', 'Alt-Svc': 'h3=":443"; ma=86400,h3-29=":443"; ma=86400', 'Connection': 'keep-alive', 'Content-Length': '34085'}
jumM6Or8q5	404	{'Content-Type': 'text/html; charset=utf-8', 'Vary': 'Accept-Language, Cookie', 'Content-Language': 'en', 'Date': 'Sun, 20 Mar 2022 21:04:43 GMT', 'Strict-Transport-Security': 'max-age=31536000', 'Cache-Control': 'private, no-cache, no-store, must-revalidate', 'Pragma': 'no-cache', 'Expires': 'Sat, 01 Jan 2000 00:00:00 GMT', 'X-Frame-Options': 'SAMEORIGIN', 'content-security-policy': "report-uri https://www.instagram.com/security/csp_report/; default-src 'self' https://www.instagram.com; img-src data: blob: https://*.fbcdn.net https://*.instagram.com https://*.cdninstagram.com https://*.facebook.com https://*.fbsbx.com https://*.giphy.com; font-src data: https://*.fbcdn.net https://*.instagram.com https://*.cdninstagram.com; media-src 'self' blob: https://www.instagram.com https://*.cdninstagram.com https://*.fbcdn.net; manifest-src 'self' https://www.instagram.com; script-src 'self' https://instagram.com https://www.instagram.com https://*.www.instagram.com https://*.cdninstagram.com wss://www.instagram.com https://*.facebook.com https://*.fbcdn.net https://*.facebook.net 'unsafe-inline' 'unsafe-eval' blob:; style-src 'self' https://*.www.instagram.com https://www.instagram.com 'unsafe-inline'; connect-src 'self' https://instagram.com https://www.instagram.com https://*.www.instagram.com https://graph.instagram.com https://*.graph.instagram.com https://i.instagram.com/graphql_www https://graphql.instagram.com https://*.cdninstagram.com https://api.instagram.com https://i.instagram.com https://*.i.instagram.com https://*.od.instagram.com wss://www.instagram.com wss://edge-chat.instagram.com https://*.facebook.com https://*.fbcdn.net https://*.facebook.net chrome-extension://boadgeojelhgndaghljhdicfkmllpafd blob:; worker-src 'self' blob: https://www.instagram.com; frame-src 'self' https://instagram.com https://www.instagram.com https://*.instagram.com https://staticxx.facebook.com https://www.facebook.com https://web.facebook.com https://connect.facebook.net https://m.facebook.com; object-src 'none'; upgrade-insecure-requests", 'cross-origin-embedder-policy-report-only': 'require-corp;report-to="coep"', 'report-to': '{"group": "coep", "max_age": 86400, "endpoints": [{"url": "/security/coep_report/"}]},{"group": "coop", "max_age": 86400, "endpoints": [{"url": "/security/coop_report/"}]}', 'origin-trial': 'AuqWincgAuXeuu3KypEMnrrFEJHySaesyJS3EaIH40zvafzrU0Irhb7+5QwZpOqMZrPTjgvFl7Z5jJgy1dNAcQMAAAB6eyJvcmlnaW4iOiJodHRwczovL2luc3RhZ3JhbS5jb206NDQzIiwiZmVhdHVyZSI6IkNyb3NzT3JpZ2luT3BlbmVyUG9saWN5UmVwb3J0aW5nIiwiZXhwaXJ5IjoxNjEzNDExNjYyLCJpc1N1YmRvbWFpbiI6dHJ1ZX0=', 'cross-origin-opener-policy': 'same-origin-allow-popups;report-to="coop"', 'X-Content-Type-Options': 'nosniff', 'X-XSS-Protection': '0', 'x-ig-push-state': 'c2', 'x-aed': '48', 'Access-Control-Expose-Headers': 'X-IG-Set-WWW-Claim', 'x-ig-request-elapsed-time-ms': '573', 'x-ig-peak-time': '0', 'Set-Cookie': 'csrftoken=Y0kIb7bDhTugsGG4QDQjRon5S2BRmMtE; Domain=.instagram.com; expires=Sun, 19-Mar-2023 21:04:43 GMT; Max-Age=31449600; Path=/; Secure, mid=YjeW6wAEAAHUsf3RyhuUkKHvPdGF; Domain=.instagram.com; expires=Tue, 19-Mar-2024 21:04:43 GMT; Max-Age=63072000; Path=/; Secure, ig_did=65F154CE-0229-4D23-8899-D496A5E64359; Domain=.instagram.com; expires=Tue, 19-Mar-2024 21:04:43 GMT; HttpOnly; Max-Age=63072000; Path=/; Secure, ig_nrcb=1; Domain=.instagram.com; expires=Mon, 20-Mar-2023 21:04:43 GMT; Max-Age=31536000; Path=/; Secure', 'x-ig-origin-region': 'eag', 'X-FB-TRIP-ID': '1679558926', 'Alt-Svc': 'h3=":443"; ma=86400,h3-29=":443"; ma=86400', 'Connection': 'keep-alive', 'Content-Length': '91359'}
jV9ZHsj2vg	404	{'Content-Type': 'text/html; charset=utf-8', 'Vary': 'Accept-Language, Cookie', 'Content-Language': 'en', 'Date': 'Sun, 20 Mar 2022 21:09:44 GMT', 'Strict-Transport-Security': 'max-age=31536000', 'Cache-Control': 'private, no-cache, no-store, must-revalidate', 'Pragma': 'no-cache', 'Expires': 'Sat, 01 Jan 2000 00:00:00 GMT', 'X-Frame-Options': 'SAMEORIGIN', 'content-security-policy': "report-uri https://www.instagram.com/security/csp_report/; default-src 'self' https://www.instagram.com; img-src data: blob: https://*.fbcdn.net https://*.instagram.com https://*.cdninstagram.com https://*.facebook.com https://*.fbsbx.com https://*.giphy.com; font-src data: https://*.fbcdn.net https://*.instagram.com https://*.cdninstagram.com; media-src 'self' blob: https://www.instagram.com https://*.cdninstagram.com https://*.fbcdn.net; manifest-src 'self' https://www.instagram.com; script-src 'self' https://instagram.com https://www.instagram.com https://*.www.instagram.com https://*.cdninstagram.com wss://www.instagram.com https://*.facebook.com https://*.fbcdn.net https://*.facebook.net 'unsafe-inline' 'unsafe-eval' blob:; style-src 'self' https://*.www.instagram.com https://www.instagram.com 'unsafe-inline'; connect-src 'self' https://instagram.com https://www.instagram.com https://*.www.instagram.com https://graph.instagram.com https://*.graph.instagram.com https://i.instagram.com/graphql_www https://graphql.instagram.com https://*.cdninstagram.com https://api.instagram.com https://i.instagram.com https://*.i.instagram.com https://*.od.instagram.com wss://www.instagram.com wss://edge-chat.instagram.com https://*.facebook.com https://*.fbcdn.net https://*.facebook.net chrome-extension://boadgeojelhgndaghljhdicfkmllpafd blob:; worker-src 'self' blob: https://www.instagram.com; frame-src 'self' https://instagram.com https://www.instagram.com https://*.instagram.com https://staticxx.facebook.com https://www.facebook.com https://web.facebook.com https://connect.facebook.net https://m.facebook.com; object-src 'none'; upgrade-insecure-requests", 'cross-origin-embedder-policy-report-only': 'require-corp;report-to="coep"', 'report-to': '{"group": "coep", "max_age": 86400, "endpoints": [{"url": "/security/coep_report/"}]},{"group": "coop", "max_age": 86400, "endpoints": [{"url": "/security/coop_report/"}]}', 'origin-trial': 'AuqWincgAuXeuu3KypEMnrrFEJHySaesyJS3EaIH40zvafzrU0Irhb7+5QwZpOqMZrPTjgvFl7Z5jJgy1dNAcQMAAAB6eyJvcmlnaW4iOiJodHRwczovL2luc3RhZ3JhbS5jb206NDQzIiwiZmVhdHVyZSI6IkNyb3NzT3JpZ2luT3BlbmVyUG9saWN5UmVwb3J0aW5nIiwiZXhwaXJ5IjoxNjEzNDExNjYyLCJpc1N1YmRvbWFpbiI6dHJ1ZX0=', 'cross-origin-opener-policy': 'same-origin-allow-popups;report-to="coop"', 'X-Content-Type-Options': 'nosniff', 'X-XSS-Protection': '0', 'x-ig-push-state': 'c2', 'x-aed': '48', 'Access-Control-Expose-Headers': 'X-IG-Set-WWW-Claim', 'x-ig-request-elapsed-time-ms': '183', 'x-ig-peak-time': '0', 'Set-Cookie': 'csrftoken=H2mjLZdQGtD4x1GlprWR1LuWGuMBdv4o; Domain=.instagram.com; expires=Sun, 19-Mar-2023 21:09:44 GMT; Max-Age=31449600; Path=/; Secure, mid=YjeYGAAEAAFoAqeP8g7cMUdTyU-t; Domain=.instagram.com; expires=Tue, 19-Mar-2024 21:09:44 GMT; Max-Age=63072000; Path=/; Secure, ig_did=BF32E6BB-BAFF-4360-9307-36065B9E262F; Domain=.instagram.com; expires=Tue, 19-Mar-2024 21:09:44 GMT; HttpOnly; Max-Age=63072000; Path=/; Secure, ig_nrcb=1; Domain=.instagram.com; expires=Mon, 20-Mar-2023 21:09:44 GMT; Max-Age=31536000; Path=/; Secure', 'x-ig-origin-region': 'nao', 'X-FB-TRIP-ID': '1679558926', 'Alt-Svc': 'h3=":443"; ma=86400,h3-29=":443"; ma=86400', 'Connection': 'keep-alive', 'Content-Length': '91361'}
jWxF3EldEr	200	{'Content-Type': 'text/html; charset=utf-8', 'Vary': 'Accept-Language, Cookie, Accept-Encoding', 'Content-Language': 'en', 'Date': 'Sun, 20 Mar 2022 23:44:46 GMT', 'Content-Encoding': 'gzip', 'Strict-Transport-Security': 'max-age=31536000', 'Cache-Control': 'private, no-cache, no-store, must-revalidate', 'Pragma': 'no-cache', 'Expires': 'Sat, 01 Jan 2000 00:00:00 GMT', 'X-Frame-Options': 'SAMEORIGIN', 'content-security-policy': "report-uri https://www.instagram.com/security/csp_report/; default-src 'self' https://www.instagram.com; img-src data: blob: https://*.fbcdn.net https://*.instagram.com https://*.cdninstagram.com https://*.facebook.com https://*.fbsbx.com https://*.giphy.com; font-src data: https://*.fbcdn.net https://*.instagram.com https://*.cdninstagram.com; media-src 'self' blob: https://www.instagram.com https://*.cdninstagram.com https://*.fbcdn.net; manifest-src 'self' https://www.instagram.com; script-src 'self' https://instagram.com https://www.instagram.com https://*.www.instagram.com https://*.cdninstagram.com wss://www.instagram.com https://*.facebook.com https://*.fbcdn.net https://*.facebook.net 'unsafe-inline' 'unsafe-eval' blob:; style-src 'self' https://*.www.instagram.com https://www.instagram.com 'unsafe-inline'; connect-src 'self' https://instagram.com https://www.instagram.com https://*.www.instagram.com https://graph.instagram.com https://*.graph.instagram.com https://i.instagram.com/graphql_www https://graphql.instagram.com https://*.cdninstagram.com https://api.instagram.com https://i.instagram.com https://*.i.instagram.com https://*.od.instagram.com wss://www.instagram.com wss://edge-chat.instagram.com https://*.facebook.com https://*.fbcdn.net https://*.facebook.net chrome-extension://boadgeojelhgndaghljhdicfkmllpafd blob:; worker-src 'self' blob: https://www.instagram.com; frame-src 'self' https://instagram.com https://www.instagram.com https://*.instagram.com https://staticxx.facebook.com https://www.facebook.com https://web.facebook.com https://connect.facebook.net https://m.facebook.com; object-src 'none'; upgrade-insecure-requests", 'origin-trial': 'AuqWincgAuXeuu3KypEMnrrFEJHySaesyJS3EaIH40zvafzrU0Irhb7+5QwZpOqMZrPTjgvFl7Z5jJgy1dNAcQMAAAB6eyJvcmlnaW4iOiJodHRwczovL2luc3RhZ3JhbS5jb206NDQzIiwiZmVhdHVyZSI6IkNyb3NzT3JpZ2luT3BlbmVyUG9saWN5UmVwb3J0aW5nIiwiZXhwaXJ5IjoxNjEzNDExNjYyLCJpc1N1YmRvbWFpbiI6dHJ1ZX0=', 'report-to': '{"group": "coop", "max_age": 86400, "endpoints": [{"url": "/security/coop_report/"}]}', 'cross-origin-opener-policy': 'same-origin-allow-popups;report-to="coop"', 'X-Content-Type-Options': 'nosniff', 'X-XSS-Protection': '0', 'x-ig-push-state': 'c2', 'x-aed': '48', 'Access-Control-Expose-Headers': 'X-IG-Set-WWW-Claim', 'x-ig-request-elapsed-time-ms': '346', 'x-ig-peak-time': '0', 'Set-Cookie': 'csrftoken=gTGkVs19pzw9B7GUD0Ocbub3snbdJYg2; Domain=.instagram.com; expires=Sun, 19-Mar-2023 23:44:46 GMT; Max-Age=31449600; Path=/; Secure, mid=Yje8bgAEAAHoM4V98nW-Scocegtr; Domain=.instagram.com; expires=Tue, 19-Mar-2024 23:44:46 GMT; Max-Age=63072000; Path=/; Secure, ig_did=BCF6ECFE-8304-413F-80A3-904F6692015F; Domain=.instagram.com; expires=Tue, 19-Mar-2024 23:44:46 GMT; HttpOnly; Max-Age=63072000; Path=/; Secure, ig_nrcb=1; Domain=.instagram.com; expires=Mon, 20-Mar-2023 23:44:46 GMT; Max-Age=31536000; Path=/; Secure', 'x-ig-origin-region': 'frc', 'X-FB-TRIP-ID': '1679558926', 'Alt-Svc': 'h3=":443"; ma=86400,h3-29=":443"; ma=86400', 'Connection': 'keep-alive', 'Content-Length': '30050'}
jX7qoGmAH3	200	{'Content-Type': 'text/html; charset=utf-8', 'Vary': 'Accept-Language, Cookie, Accept-Encoding', 'Content-Language': 'en', 'Date': 'Mon, 21 Mar 2022 03:49:49 GMT', 'Content-Encoding': 'gzip', 'Strict-Transport-Security': 'max-age=31536000', 'Cache-Control': 'private, no-cache, no-store, must-revalidate', 'Pragma': 'no-cache', 'Expires': 'Sat, 01 Jan 2000 00:00:00 GMT', 'X-Frame-Options': 'SAMEORIGIN', 'content-security-policy': "report-uri https://www.instagram.com/security/csp_report/; default-src 'self' https://www.instagram.com; img-src data: blob: https://*.fbcdn.net https://*.instagram.com https://*.cdninstagram.com https://*.facebook.com https://*.fbsbx.com https://*.giphy.com; font-src data: https://*.fbcdn.net https://*.instagram.com https://*.cdninstagram.com; media-src 'self' blob: https://www.instagram.com https://*.cdninstagram.com https://*.fbcdn.net; manifest-src 'self' https://www.instagram.com; script-src 'self' https://instagram.com https://www.instagram.com https://*.www.instagram.com https://*.cdninstagram.com wss://www.instagram.com https://*.facebook.com https://*.fbcdn.net https://*.facebook.net 'unsafe-inline' 'unsafe-eval' blob:; style-src 'self' https://*.www.instagram.com https://www.instagram.com 'unsafe-inline'; connect-src 'self' https://instagram.com https://www.instagram.com https://*.www.instagram.com https://graph.instagram.com https://*.graph.instagram.com https://i.instagram.com/graphql_www https://graphql.instagram.com https://*.cdninstagram.com https://api.instagram.com https://i.instagram.com https://*.i.instagram.com https://*.od.instagram.com wss://www.instagram.com wss://edge-chat.instagram.com https://*.facebook.com https://*.fbcdn.net https://*.facebook.net chrome-extension://boadgeojelhgndaghljhdicfkmllpafd blob:; worker-src 'self' blob: https://www.instagram.com; frame-src 'self' https://instagram.com https://www.instagram.com https://*.instagram.com https://staticxx.facebook.com https://www.facebook.com https://web.facebook.com https://connect.facebook.net https://m.facebook.com; object-src 'none'; upgrade-insecure-requests", 'origin-trial': 'AuqWincgAuXeuu3KypEMnrrFEJHySaesyJS3EaIH40zvafzrU0Irhb7+5QwZpOqMZrPTjgvFl7Z5jJgy1dNAcQMAAAB6eyJvcmlnaW4iOiJodHRwczovL2luc3RhZ3JhbS5jb206NDQzIiwiZmVhdHVyZSI6IkNyb3NzT3JpZ2luT3BlbmVyUG9saWN5UmVwb3J0aW5nIiwiZXhwaXJ5IjoxNjEzNDExNjYyLCJpc1N1YmRvbWFpbiI6dHJ1ZX0=', 'report-to': '{"group": "coop", "max_age": 86400, "endpoints": [{"url": "/security/coop_report/"}]}', 'cross-origin-opener-policy': 'same-origin-allow-popups;report-to="coop"', 'X-Content-Type-Options': 'nosniff', 'X-XSS-Protection': '0', 'x-ig-push-state': 'c2', 'x-aed': '48', 'Access-Control-Expose-Headers': 'X-IG-Set-WWW-Claim', 'x-ig-request-elapsed-time-ms': '311', 'x-ig-peak-time': '0', 'Set-Cookie': 'csrftoken=r1AfEteCishsvSXlGM8YXkfwDNMRCY7J; Domain=.instagram.com; expires=Mon, 20-Mar-2023 03:49:49 GMT; Max-Age=31449600; Path=/; Secure, mid=Yjf13AAEAAGmAOVZcolya6tywVVi; Domain=.instagram.com; expires=Wed, 20-Mar-2024 03:49:49 GMT; Max-Age=63072000; Path=/; Secure, ig_did=4E0E2229-2926-4AF1-ADBD-182CF366D20C; Domain=.instagram.com; expires=Wed, 20-Mar-2024 03:49:49 GMT; HttpOnly; Max-Age=63072000; Path=/; Secure, ig_nrcb=1; Domain=.instagram.com; expires=Tue, 21-Mar-2023 03:49:49 GMT; Max-Age=31536000; Path=/; Secure', 'x-ig-origin-region': 'frc', 'X-FB-TRIP-ID': '1679558926', 'Alt-Svc': 'h3=":443"; ma=86400,h3-29=":443"; ma=86400', 'Connection': 'keep-alive', 'Content-Length': '33272'}
jXiyDMIXFx	404	{'Content-Type': 'text/html; charset=utf-8', 'Vary': 'Accept-Language, Cookie', 'Content-Language': 'en', 'Date': 'Mon, 21 Mar 2022 03:54:50 GMT', 'Strict-Transport-Security': 'max-age=31536000', 'Cache-Control': 'private, no-cache, no-store, must-revalidate', 'Pragma': 'no-cache', 'Expires': 'Sat, 01 Jan 2000 00:00:00 GMT', 'X-Frame-Options': 'SAMEORIGIN', 'content-security-policy': "report-uri https://www.instagram.com/security/csp_report/; default-src 'self' https://www.instagram.com; img-src data: blob: https://*.fbcdn.net https://*.instagram.com https://*.cdninstagram.com https://*.facebook.com https://*.fbsbx.com https://*.giphy.com; font-src data: https://*.fbcdn.net https://*.instagram.com https://*.cdninstagram.com; media-src 'self' blob: https://www.instagram.com https://*.cdninstagram.com https://*.fbcdn.net; manifest-src 'self' https://www.instagram.com; script-src 'self' https://instagram.com https://www.instagram.com https://*.www.instagram.com https://*.cdninstagram.com wss://www.instagram.com https://*.facebook.com https://*.fbcdn.net https://*.facebook.net 'unsafe-inline' 'unsafe-eval' blob:; style-src 'self' https://*.www.instagram.com https://www.instagram.com 'unsafe-inline'; connect-src 'self' https://instagram.com https://www.instagram.com https://*.www.instagram.com https://graph.instagram.com https://*.graph.instagram.com https://i.instagram.com/graphql_www https://graphql.instagram.com https://*.cdninstagram.com https://api.instagram.com https://i.instagram.com https://*.i.instagram.com https://*.od.instagram.com wss://www.instagram.com wss://edge-chat.instagram.com https://*.facebook.com https://*.fbcdn.net https://*.facebook.net chrome-extension://boadgeojelhgndaghljhdicfkmllpafd blob:; worker-src 'self' blob: https://www.instagram.com; frame-src 'self' https://instagram.com https://www.instagram.com https://*.instagram.com https://staticxx.facebook.com https://www.facebook.com https://web.facebook.com https://connect.facebook.net https://m.facebook.com; object-src 'none'; upgrade-insecure-requests", 'cross-origin-embedder-policy-report-only': 'require-corp;report-to="coep"', 'report-to': '{"group": "coep", "max_age": 86400, "endpoints": [{"url": "/security/coep_report/"}]},{"group": "coop", "max_age": 86400, "endpoints": [{"url": "/security/coop_report/"}]}', 'origin-trial': 'AuqWincgAuXeuu3KypEMnrrFEJHySaesyJS3EaIH40zvafzrU0Irhb7+5QwZpOqMZrPTjgvFl7Z5jJgy1dNAcQMAAAB6eyJvcmlnaW4iOiJodHRwczovL2luc3RhZ3JhbS5jb206NDQzIiwiZmVhdHVyZSI6IkNyb3NzT3JpZ2luT3BlbmVyUG9saWN5UmVwb3J0aW5nIiwiZXhwaXJ5IjoxNjEzNDExNjYyLCJpc1N1YmRvbWFpbiI6dHJ1ZX0=', 'cross-origin-opener-policy': 'same-origin-allow-popups;report-to="coop"', 'X-Content-Type-Options': 'nosniff', 'X-XSS-Protection': '0', 'x-ig-push-state': 'c2', 'x-aed': '48', 'Access-Control-Expose-Headers': 'X-IG-Set-WWW-Claim', 'x-ig-request-elapsed-time-ms': '104', 'x-ig-peak-time': '0', 'Set-Cookie': 'csrftoken=z3W93mUvhre1qVAq5OEjYc8h6iKm3Enu; Domain=.instagram.com; expires=Mon, 20-Mar-2023 03:54:50 GMT; Max-Age=31449600; Path=/; Secure, mid=Yjf3CgAEAAH2uxhq1ygPvcPekFRj; Domain=.instagram.com; expires=Wed, 20-Mar-2024 03:54:50 GMT; Max-Age=63072000; Path=/; Secure, ig_did=193E9B4B-1842-4DBA-AC0D-BE5FFCEB139B; Domain=.instagram.com; expires=Wed, 20-Mar-2024 03:54:50 GMT; HttpOnly; Max-Age=63072000; Path=/; Secure, ig_nrcb=1; Domain=.instagram.com; expires=Tue, 21-Mar-2023 03:54:50 GMT; Max-Age=31536000; Path=/; Secure', 'x-ig-origin-region': 'frc', 'X-FB-TRIP-ID': '1679558926', 'Alt-Svc': 'h3=":443"; ma=86400,h3-29=":443"; ma=86400', 'Connection': 'keep-alive', 'Content-Length': '91360'}
jZIjymGAIK	200	{'Content-Type': 'text/html; charset=utf-8', 'Vary': 'Accept-Language, Cookie, Accept-Encoding', 'Content-Language': 'en', 'Date': 'Mon, 21 Mar 2022 12:59:56 GMT', 'Content-Encoding': 'gzip', 'Strict-Transport-Security': 'max-age=31536000', 'Cache-Control': 'private, no-cache, no-store, must-revalidate', 'Pragma': 'no-cache', 'Expires': 'Sat, 01 Jan 2000 00:00:00 GMT', 'X-Frame-Options': 'SAMEORIGIN', 'content-security-policy': "report-uri https://www.instagram.com/security/csp_report/; default-src 'self' https://www.instagram.com; img-src data: blob: https://*.fbcdn.net https://*.instagram.com https://*.cdninstagram.com https://*.facebook.com https://*.fbsbx.com https://*.giphy.com; font-src data: https://*.fbcdn.net https://*.instagram.com https://*.cdninstagram.com; media-src 'self' blob: https://www.instagram.com https://*.cdninstagram.com https://*.fbcdn.net; manifest-src 'self' https://www.instagram.com; script-src 'self' https://instagram.com https://www.instagram.com https://*.www.instagram.com https://*.cdninstagram.com wss://www.instagram.com https://*.facebook.com https://*.fbcdn.net https://*.facebook.net 'unsafe-inline' 'unsafe-eval' blob:; style-src 'self' https://*.www.instagram.com https://www.instagram.com 'unsafe-inline'; connect-src 'self' https://instagram.com https://www.instagram.com https://*.www.instagram.com https://graph.instagram.com https://*.graph.instagram.com https://i.instagram.com/graphql_www https://graphql.instagram.com https://*.cdninstagram.com https://api.instagram.com https://i.instagram.com https://*.i.instagram.com https://*.od.instagram.com wss://www.instagram.com wss://edge-chat.instagram.com https://*.facebook.com https://*.fbcdn.net https://*.facebook.net chrome-extension://boadgeojelhgndaghljhdicfkmllpafd blob:; worker-src 'self' blob: https://www.instagram.com; frame-src 'self' https://instagram.com https://www.instagram.com https://*.instagram.com https://staticxx.facebook.com https://www.facebook.com https://web.facebook.com https://connect.facebook.net https://m.facebook.com; object-src 'none'; upgrade-insecure-requests", 'origin-trial': 'AuqWincgAuXeuu3KypEMnrrFEJHySaesyJS3EaIH40zvafzrU0Irhb7+5QwZpOqMZrPTjgvFl7Z5jJgy1dNAcQMAAAB6eyJvcmlnaW4iOiJodHRwczovL2luc3RhZ3JhbS5jb206NDQzIiwiZmVhdHVyZSI6IkNyb3NzT3JpZ2luT3BlbmVyUG9saWN5UmVwb3J0aW5nIiwiZXhwaXJ5IjoxNjEzNDExNjYyLCJpc1N1YmRvbWFpbiI6dHJ1ZX0=', 'report-to': '{"group": "coop", "max_age": 86400, "endpoints": [{"url": "/security/coop_report/"}]}', 'cross-origin-opener-policy': 'same-origin-allow-popups;report-to="coop"', 'X-Content-Type-Options': 'nosniff', 'X-XSS-Protection': '0', 'x-ig-push-state': 'c2', 'x-aed': '48', 'Access-Control-Expose-Headers': 'X-IG-Set-WWW-Claim', 'x-ig-request-elapsed-time-ms': '894', 'x-ig-peak-time': '0', 'Set-Cookie': 'csrftoken=yn65YYwk5WRtkfl9j3pN8csOBeqUXitO; Domain=.instagram.com; expires=Mon, 20-Mar-2023 12:59:56 GMT; Max-Age=31449600; Path=/; Secure, mid=Yjh2ywAEAAFfvLc_0Jj-FT2GxvLl; Domain=.instagram.com; expires=Wed, 20-Mar-2024 12:59:56 GMT; Max-Age=63072000; Path=/; Secure, ig_did=401BF018-3D12-4989-B6E2-97D201E7FA2D; Domain=.instagram.com; expires=Wed, 20-Mar-2024 12:59:56 GMT; HttpOnly; Max-Age=63072000; Path=/; Secure, ig_nrcb=1; Domain=.instagram.com; expires=Tue, 21-Mar-2023 12:59:56 GMT; Max-Age=31536000; Path=/; Secure', 'x-ig-origin-region': 'nao', 'X-FB-TRIP-ID': '1679558926', 'Alt-Svc': 'h3=":443"; ma=86400,h3-29=":443"; ma=86400', 'Connection': 'keep-alive', 'Content-Length': '33626'}
jzXV4oo1ej	404	{'Content-Type': 'text/html; charset=utf-8', 'Vary': 'Accept-Language, Cookie', 'Content-Language': 'en', 'Date': 'Mon, 21 Mar 2022 17:04:59 GMT', 'Strict-Transport-Security': 'max-age=31536000', 'Cache-Control': 'private, no-cache, no-store, must-revalidate', 'Pragma': 'no-cache', 'Expires': 'Sat, 01 Jan 2000 00:00:00 GMT', 'X-Frame-Options': 'SAMEORIGIN', 'content-security-policy': "report-uri https://www.instagram.com/security/csp_report/; default-src 'self' https://www.instagram.com; img-src data: blob: https://*.fbcdn.net https://*.instagram.com https://*.cdninstagram.com https://*.facebook.com https://*.fbsbx.com https://*.giphy.com; font-src data: https://*.fbcdn.net https://*.instagram.com https://*.cdninstagram.com; media-src 'self' blob: https://www.instagram.com https://*.cdninstagram.com https://*.fbcdn.net; manifest-src 'self' https://www.instagram.com; script-src 'self' https://instagram.com https://www.instagram.com https://*.www.instagram.com https://*.cdninstagram.com wss://www.instagram.com https://*.facebook.com https://*.fbcdn.net https://*.facebook.net 'unsafe-inline' 'unsafe-eval' blob:; style-src 'self' https://*.www.instagram.com https://www.instagram.com 'unsafe-inline'; connect-src 'self' https://instagram.com https://www.instagram.com https://*.www.instagram.com https://graph.instagram.com https://*.graph.instagram.com https://i.instagram.com/graphql_www https://graphql.instagram.com https://*.cdninstagram.com https://api.instagram.com https://i.instagram.com https://*.i.instagram.com https://*.od.instagram.com wss://www.instagram.com wss://edge-chat.instagram.com https://*.facebook.com https://*.fbcdn.net https://*.facebook.net chrome-extension://boadgeojelhgndaghljhdicfkmllpafd blob:; worker-src 'self' blob: https://www.instagram.com; frame-src 'self' https://instagram.com https://www.instagram.com https://*.instagram.com https://staticxx.facebook.com https://www.facebook.com https://web.facebook.com https://connect.facebook.net https://m.facebook.com; object-src 'none'; upgrade-insecure-requests", 'cross-origin-embedder-policy-report-only': 'require-corp;report-to="coep"', 'report-to': '{"group": "coep", "max_age": 86400, "endpoints": [{"url": "/security/coep_report/"}]},{"group": "coop", "max_age": 86400, "endpoints": [{"url": "/security/coop_report/"}]}', 'origin-trial': 'AuqWincgAuXeuu3KypEMnrrFEJHySaesyJS3EaIH40zvafzrU0Irhb7+5QwZpOqMZrPTjgvFl7Z5jJgy1dNAcQMAAAB6eyJvcmlnaW4iOiJodHRwczovL2luc3RhZ3JhbS5jb206NDQzIiwiZmVhdHVyZSI6IkNyb3NzT3JpZ2luT3BlbmVyUG9saWN5UmVwb3J0aW5nIiwiZXhwaXJ5IjoxNjEzNDExNjYyLCJpc1N1YmRvbWFpbiI6dHJ1ZX0=', 'cross-origin-opener-policy': 'same-origin-allow-popups;report-to="coop"', 'X-Content-Type-Options': 'nosniff', 'X-XSS-Protection': '0', 'x-ig-push-state': 'c2', 'x-aed': '48', 'Access-Control-Expose-Headers': 'X-IG-Set-WWW-Claim', 'x-ig-request-elapsed-time-ms': '130', 'x-ig-peak-time': '1', 'Set-Cookie': 'csrftoken=oXw90PjRQL1pVzf1tNsa5IlWEnN3IJc6; Domain=.instagram.com; expires=Mon, 20-Mar-2023 17:04:59 GMT; Max-Age=31449600; Path=/; Secure, mid=YjiwOwAEAAGdBhOSl4obD0cQKs9k; Domain=.instagram.com; expires=Wed, 20-Mar-2024 17:04:59 GMT; Max-Age=63072000; Path=/; Secure, ig_did=D4C8288D-D435-467A-8204-C4A9910437FF; Domain=.instagram.com; expires=Wed, 20-Mar-2024 17:04:59 GMT; HttpOnly; Max-Age=63072000; Path=/; Secure, ig_nrcb=1; Domain=.instagram.com; expires=Tue, 21-Mar-2023 17:04:59 GMT; Max-Age=31536000; Path=/; Secure', 'x-ig-origin-region': 'nao', 'X-FB-TRIP-ID': '1679558926', 'Alt-Svc': 'h3=":443"; ma=86400,h3-29=":443"; ma=86400', 'Connection': 'keep-alive', 'Content-Length': '91274'}
k0AkYuL53t	404	{'Content-Type': 'text/html; charset=utf-8', 'Vary': 'Accept-Language, Cookie', 'Content-Language': 'en', 'Date': 'Mon, 21 Mar 2022 19:40:02 GMT', 'Strict-Transport-Security': 'max-age=31536000', 'Cache-Control': 'private, no-cache, no-store, must-revalidate', 'Pragma': 'no-cache', 'Expires': 'Sat, 01 Jan 2000 00:00:00 GMT', 'X-Frame-Options': 'SAMEORIGIN', 'content-security-policy': "report-uri https://www.instagram.com/security/csp_report/; default-src 'self' https://www.instagram.com; img-src data: blob: https://*.fbcdn.net https://*.instagram.com https://*.cdninstagram.com https://*.facebook.com https://*.fbsbx.com https://*.giphy.com; font-src data: https://*.fbcdn.net https://*.instagram.com https://*.cdninstagram.com; media-src 'self' blob: https://www.instagram.com https://*.cdninstagram.com https://*.fbcdn.net; manifest-src 'self' https://www.instagram.com; script-src 'self' https://instagram.com https://www.instagram.com https://*.www.instagram.com https://*.cdninstagram.com wss://www.instagram.com https://*.facebook.com https://*.fbcdn.net https://*.facebook.net 'unsafe-inline' 'unsafe-eval' blob:; style-src 'self' https://*.www.instagram.com https://www.instagram.com 'unsafe-inline'; connect-src 'self' https://instagram.com https://www.instagram.com https://*.www.instagram.com https://graph.instagram.com https://*.graph.instagram.com https://i.instagram.com/graphql_www https://graphql.instagram.com https://*.cdninstagram.com https://api.instagram.com https://i.instagram.com https://*.i.instagram.com https://*.od.instagram.com wss://www.instagram.com wss://edge-chat.instagram.com https://*.facebook.com https://*.fbcdn.net https://*.facebook.net chrome-extension://boadgeojelhgndaghljhdicfkmllpafd blob:; worker-src 'self' blob: https://www.instagram.com; frame-src 'self' https://instagram.com https://www.instagram.com https://*.instagram.com https://staticxx.facebook.com https://www.facebook.com https://web.facebook.com https://connect.facebook.net https://m.facebook.com; object-src 'none'; upgrade-insecure-requests", 'cross-origin-embedder-policy-report-only': 'require-corp;report-to="coep"', 'report-to': '{"group": "coep", "max_age": 86400, "endpoints": [{"url": "/security/coep_report/"}]},{"group": "coop", "max_age": 86400, "endpoints": [{"url": "/security/coop_report/"}]}', 'origin-trial': 'AuqWincgAuXeuu3KypEMnrrFEJHySaesyJS3EaIH40zvafzrU0Irhb7+5QwZpOqMZrPTjgvFl7Z5jJgy1dNAcQMAAAB6eyJvcmlnaW4iOiJodHRwczovL2luc3RhZ3JhbS5jb206NDQzIiwiZmVhdHVyZSI6IkNyb3NzT3JpZ2luT3BlbmVyUG9saWN5UmVwb3J0aW5nIiwiZXhwaXJ5IjoxNjEzNDExNjYyLCJpc1N1YmRvbWFpbiI6dHJ1ZX0=', 'cross-origin-opener-policy': 'same-origin-allow-popups;report-to="coop"', 'X-Content-Type-Options': 'nosniff', 'X-XSS-Protection': '0', 'x-ig-push-state': 'c2', 'x-aed': '48', 'Access-Control-Expose-Headers': 'X-IG-Set-WWW-Claim', 'x-ig-request-elapsed-time-ms': '708', 'x-ig-peak-time': '1', 'Set-Cookie': 'csrftoken=qvYLkRXcwlt6RvaFRhyLh89vZ8An6FtB; Domain=.instagram.com; expires=Mon, 20-Mar-2023 19:40:02 GMT; Max-Age=31449600; Path=/; Secure, mid=YjjUkQAEAAGtipFnwizP-qcm7GEy; Domain=.instagram.com; expires=Wed, 20-Mar-2024 19:40:02 GMT; Max-Age=63072000; Path=/; Secure, ig_did=E129F577-A3FC-47DC-965B-49B2D6083D60; Domain=.instagram.com; expires=Wed, 20-Mar-2024 19:40:02 GMT; HttpOnly; Max-Age=63072000; Path=/; Secure, ig_nrcb=1; Domain=.instagram.com; expires=Tue, 21-Mar-2023 19:40:02 GMT; Max-Age=31536000; Path=/; Secure', 'x-ig-origin-region': 'vll', 'X-FB-TRIP-ID': '1679558926', 'Alt-Svc': 'h3=":443"; ma=86400,h3-29=":443"; ma=86400', 'Connection': 'keep-alive', 'Content-Length': '91272'}
k1tzkoNj9x	200	{'Content-Type': 'text/html; charset=utf-8', 'Vary': 'Accept-Language, Cookie, Accept-Encoding', 'Content-Language': 'en', 'Date': 'Tue, 22 Mar 2022 05:45:08 GMT', 'Content-Encoding': 'gzip', 'Strict-Transport-Security': 'max-age=31536000', 'Cache-Control': 'private, no-cache, no-store, must-revalidate', 'Pragma': 'no-cache', 'Expires': 'Sat, 01 Jan 2000 00:00:00 GMT', 'X-Frame-Options': 'SAMEORIGIN', 'content-security-policy': "report-uri https://www.instagram.com/security/csp_report/; default-src 'self' https://www.instagram.com; img-src data: blob: https://*.fbcdn.net https://*.instagram.com https://*.cdninstagram.com https://*.facebook.com https://*.fbsbx.com https://*.giphy.com; font-src data: https://*.fbcdn.net https://*.instagram.com https://*.cdninstagram.com; media-src 'self' blob: https://www.instagram.com https://*.cdninstagram.com https://*.fbcdn.net; manifest-src 'self' https://www.instagram.com; script-src 'self' https://instagram.com https://www.instagram.com https://*.www.instagram.com https://*.cdninstagram.com wss://www.instagram.com https://*.facebook.com https://*.fbcdn.net https://*.facebook.net 'unsafe-inline' 'unsafe-eval' blob:; style-src 'self' https://*.www.instagram.com https://www.instagram.com 'unsafe-inline'; connect-src 'self' https://instagram.com https://www.instagram.com https://*.www.instagram.com https://graph.instagram.com https://*.graph.instagram.com https://i.instagram.com/graphql_www https://graphql.instagram.com https://*.cdninstagram.com https://api.instagram.com https://i.instagram.com https://*.i.instagram.com https://*.od.instagram.com wss://www.instagram.com wss://edge-chat.instagram.com https://*.facebook.com https://*.fbcdn.net https://*.facebook.net chrome-extension://boadgeojelhgndaghljhdicfkmllpafd blob:; worker-src 'self' blob: https://www.instagram.com; frame-src 'self' https://instagram.com https://www.instagram.com https://*.instagram.com https://staticxx.facebook.com https://www.facebook.com https://web.facebook.com https://connect.facebook.net https://m.facebook.com; object-src 'none'; upgrade-insecure-requests", 'origin-trial': 'AuqWincgAuXeuu3KypEMnrrFEJHySaesyJS3EaIH40zvafzrU0Irhb7+5QwZpOqMZrPTjgvFl7Z5jJgy1dNAcQMAAAB6eyJvcmlnaW4iOiJodHRwczovL2luc3RhZ3JhbS5jb206NDQzIiwiZmVhdHVyZSI6IkNyb3NzT3JpZ2luT3BlbmVyUG9saWN5UmVwb3J0aW5nIiwiZXhwaXJ5IjoxNjEzNDExNjYyLCJpc1N1YmRvbWFpbiI6dHJ1ZX0=', 'report-to': '{"group": "coop", "max_age": 86400, "endpoints": [{"url": "/security/coop_report/"}]}', 'cross-origin-opener-policy': 'same-origin-allow-popups;report-to="coop"', 'X-Content-Type-Options': 'nosniff', 'X-XSS-Protection': '0', 'x-ig-push-state': 'c2', 'x-aed': '48', 'Access-Control-Expose-Headers': 'X-IG-Set-WWW-Claim', 'x-ig-request-elapsed-time-ms': '291', 'x-ig-peak-time': '0', 'Set-Cookie': 'csrftoken=CKD0jvFYnBCmQQjDSiUAgmHRkqY7ShKY; Domain=.instagram.com; expires=Tue, 21-Mar-2023 05:45:08 GMT; Max-Age=31449600; Path=/; Secure, mid=YjliZAAEAAEZu67ZV5Vys8ywHhiG; Domain=.instagram.com; expires=Thu, 21-Mar-2024 05:45:08 GMT; Max-Age=63072000; Path=/; Secure, ig_did=EDC98D99-5FA8-4200-9041-6101CE8FB9AA; Domain=.instagram.com; expires=Thu, 21-Mar-2024 05:45:08 GMT; HttpOnly; Max-Age=63072000; Path=/; Secure, ig_nrcb=1; Domain=.instagram.com; expires=Wed, 22-Mar-2023 05:45:08 GMT; Max-Age=31536000; Path=/; Secure', 'x-ig-origin-region': 'rva', 'X-FB-TRIP-ID': '1679558926', 'Alt-Svc': 'h3=":443"; ma=86400,h3-29=":443"; ma=86400', 'Connection': 'keep-alive', 'Content-Length': '30003'}
K3S2qbtk9b	404	{'Content-Type': 'text/html; charset=utf-8', 'Vary': 'Accept-Language, Cookie', 'Content-Language': 'en', 'Date': 'Wed, 23 Mar 2022 00:20:19 GMT', 'Strict-Transport-Security': 'max-age=31536000', 'Cache-Control': 'private, no-cache, no-store, must-revalidate', 'Pragma': 'no-cache', 'Expires': 'Sat, 01 Jan 2000 00:00:00 GMT', 'X-Frame-Options': 'SAMEORIGIN', 'content-security-policy': "report-uri https://www.instagram.com/security/csp_report/; default-src 'self' https://www.instagram.com; img-src data: blob: https://*.fbcdn.net https://*.instagram.com https://*.cdninstagram.com https://*.facebook.com https://*.fbsbx.com https://*.giphy.com; font-src data: https://*.fbcdn.net https://*.instagram.com https://*.cdninstagram.com; media-src 'self' blob: https://www.instagram.com https://*.cdninstagram.com https://*.fbcdn.net; manifest-src 'self' https://www.instagram.com; script-src 'self' https://instagram.com https://www.instagram.com https://*.www.instagram.com https://*.cdninstagram.com wss://www.instagram.com https://*.facebook.com https://*.fbcdn.net https://*.facebook.net 'unsafe-inline' 'unsafe-eval' blob:; style-src 'self' https://*.www.instagram.com https://www.instagram.com 'unsafe-inline'; connect-src 'self' https://instagram.com https://www.instagram.com https://*.www.instagram.com https://graph.instagram.com https://*.graph.instagram.com https://i.instagram.com/graphql_www https://graphql.instagram.com https://*.cdninstagram.com https://api.instagram.com https://i.instagram.com https://*.i.instagram.com https://*.od.instagram.com wss://www.instagram.com wss://edge-chat.instagram.com https://*.facebook.com https://*.fbcdn.net https://*.facebook.net chrome-extension://boadgeojelhgndaghljhdicfkmllpafd blob:; worker-src 'self' blob: https://www.instagram.com; frame-src 'self' https://instagram.com https://www.instagram.com https://*.instagram.com https://staticxx.facebook.com https://www.facebook.com https://web.facebook.com https://connect.facebook.net https://m.facebook.com; object-src 'none'; upgrade-insecure-requests", 'cross-origin-embedder-policy-report-only': 'require-corp;report-to="coep"', 'report-to': '{"group": "coep", "max_age": 86400, "endpoints": [{"url": "/security/coep_report/"}]},{"group": "coop", "max_age": 86400, "endpoints": [{"url": "/security/coop_report/"}]}', 'origin-trial': 'AuqWincgAuXeuu3KypEMnrrFEJHySaesyJS3EaIH40zvafzrU0Irhb7+5QwZpOqMZrPTjgvFl7Z5jJgy1dNAcQMAAAB6eyJvcmlnaW4iOiJodHRwczovL2luc3RhZ3JhbS5jb206NDQzIiwiZmVhdHVyZSI6IkNyb3NzT3JpZ2luT3BlbmVyUG9saWN5UmVwb3J0aW5nIiwiZXhwaXJ5IjoxNjEzNDExNjYyLCJpc1N1YmRvbWFpbiI6dHJ1ZX0=', 'cross-origin-opener-policy': 'same-origin-allow-popups;report-to="coop"', 'X-Content-Type-Options': 'nosniff', 'X-XSS-Protection': '0', 'x-ig-push-state': 'c2', 'x-aed': '48', 'Access-Control-Expose-Headers': 'X-IG-Set-WWW-Claim', 'x-ig-request-elapsed-time-ms': '224', 'x-ig-peak-time': '0', 'Set-Cookie': 'csrftoken=jLQaMnovkPH6yqzSjYoywYeJAzTQkBi4; Domain=.instagram.com; expires=Wed, 22-Mar-2023 00:20:19 GMT; Max-Age=31449600; Path=/; Secure, mid=YjpnwwAEAAHR1mJFgfu82s4fP0bp; Domain=.instagram.com; expires=Fri, 22-Mar-2024 00:20:19 GMT; Max-Age=63072000; Path=/; Secure, ig_did=20012E0E-61FE-45EE-9254-907B977B2736; Domain=.instagram.com; expires=Fri, 22-Mar-2024 00:20:19 GMT; HttpOnly; Max-Age=63072000; Path=/; Secure, ig_nrcb=1; Domain=.instagram.com; expires=Thu, 23-Mar-2023 00:20:19 GMT; Max-Age=31536000; Path=/; Secure', 'x-ig-origin-region': 'rva', 'X-FB-TRIP-ID': '1679558926', 'Alt-Svc': 'h3=":443"; ma=86400,h3-29=":443"; ma=86400', 'Connection': 'keep-alive', 'Content-Length': '91465'}
K46rv3pzci	200	{'Content-Type': 'text/html; charset=utf-8', 'Vary': 'Accept-Language, Cookie, Accept-Encoding', 'Content-Language': 'en', 'Date': 'Wed, 23 Mar 2022 04:55:23 GMT', 'Content-Encoding': 'gzip', 'Strict-Transport-Security': 'max-age=31536000', 'Cache-Control': 'private, no-cache, no-store, must-revalidate', 'Pragma': 'no-cache', 'Expires': 'Sat, 01 Jan 2000 00:00:00 GMT', 'X-Frame-Options': 'SAMEORIGIN', 'content-security-policy': "report-uri https://www.instagram.com/security/csp_report/; default-src 'self' https://www.instagram.com; img-src data: blob: https://*.fbcdn.net https://*.instagram.com https://*.cdninstagram.com https://*.facebook.com https://*.fbsbx.com https://*.giphy.com; font-src data: https://*.fbcdn.net https://*.instagram.com https://*.cdninstagram.com; media-src 'self' blob: https://www.instagram.com https://*.cdninstagram.com https://*.fbcdn.net; manifest-src 'self' https://www.instagram.com; script-src 'self' https://instagram.com https://www.instagram.com https://*.www.instagram.com https://*.cdninstagram.com wss://www.instagram.com https://*.facebook.com https://*.fbcdn.net https://*.facebook.net 'unsafe-inline' 'unsafe-eval' blob:; style-src 'self' https://*.www.instagram.com https://www.instagram.com 'unsafe-inline'; connect-src 'self' https://instagram.com https://www.instagram.com https://*.www.instagram.com https://graph.instagram.com https://*.graph.instagram.com https://i.instagram.com/graphql_www https://graphql.instagram.com https://*.cdninstagram.com https://api.instagram.com https://i.instagram.com https://*.i.instagram.com https://*.od.instagram.com wss://www.instagram.com wss://edge-chat.instagram.com https://*.facebook.com https://*.fbcdn.net https://*.facebook.net chrome-extension://boadgeojelhgndaghljhdicfkmllpafd blob:; worker-src 'self' blob: https://www.instagram.com; frame-src 'self' https://instagram.com https://www.instagram.com https://*.instagram.com https://staticxx.facebook.com https://www.facebook.com https://web.facebook.com https://connect.facebook.net https://m.facebook.com; object-src 'none'; upgrade-insecure-requests", 'origin-trial': 'AuqWincgAuXeuu3KypEMnrrFEJHySaesyJS3EaIH40zvafzrU0Irhb7+5QwZpOqMZrPTjgvFl7Z5jJgy1dNAcQMAAAB6eyJvcmlnaW4iOiJodHRwczovL2luc3RhZ3JhbS5jb206NDQzIiwiZmVhdHVyZSI6IkNyb3NzT3JpZ2luT3BlbmVyUG9saWN5UmVwb3J0aW5nIiwiZXhwaXJ5IjoxNjEzNDExNjYyLCJpc1N1YmRvbWFpbiI6dHJ1ZX0=', 'report-to': '{"group": "coop", "max_age": 86400, "endpoints": [{"url": "/security/coop_report/"}]}', 'cross-origin-opener-policy': 'same-origin-allow-popups;report-to="coop"', 'X-Content-Type-Options': 'nosniff', 'X-XSS-Protection': '0', 'x-ig-push-state': 'c2', 'x-aed': '48', 'Access-Control-Expose-Headers': 'X-IG-Set-WWW-Claim', 'x-ig-request-elapsed-time-ms': '843', 'x-ig-peak-time': '0', 'Set-Cookie': 'csrftoken=YkKa2Jw74Kf7vOsPfpZA52ljWi78Il43; Domain=.instagram.com; expires=Wed, 22-Mar-2023 04:55:23 GMT; Max-Age=31449600; Path=/; Secure, mid=YjqoOgAEAAEWS05jbVh6czEhpFpS; Domain=.instagram.com; expires=Fri, 22-Mar-2024 04:55:23 GMT; Max-Age=63072000; Path=/; Secure, ig_did=13785ABF-06CD-489A-B3B3-FAB5242E3985; Domain=.instagram.com; expires=Fri, 22-Mar-2024 04:55:23 GMT; HttpOnly; Max-Age=63072000; Path=/; Secure, ig_nrcb=1; Domain=.instagram.com; expires=Thu, 23-Mar-2023 04:55:23 GMT; Max-Age=31536000; Path=/; Secure', 'x-ig-origin-region': 'rva', 'X-FB-TRIP-ID': '1679558926', 'Alt-Svc': 'h3=":443"; ma=86400,h3-29=":443"; ma=86400', 'Connection': 'keep-alive', 'Content-Length': '29818'}
kccswxHi2X	200	{'Content-Type': 'text/html; charset=utf-8', 'Vary': 'Accept-Language, Cookie, Accept-Encoding', 'Content-Language': 'en', 'Date': 'Wed, 23 Mar 2022 18:00:32 GMT', 'Content-Encoding': 'gzip', 'Strict-Transport-Security': 'max-age=31536000', 'Cache-Control': 'private, no-cache, no-store, must-revalidate', 'Pragma': 'no-cache', 'Expires': 'Sat, 01 Jan 2000 00:00:00 GMT', 'X-Frame-Options': 'SAMEORIGIN', 'content-security-policy': "report-uri https://www.instagram.com/security/csp_report/; default-src 'self' https://www.instagram.com; img-src data: blob: https://*.fbcdn.net https://*.instagram.com https://*.cdninstagram.com https://*.facebook.com https://*.fbsbx.com https://*.giphy.com; font-src data: https://*.fbcdn.net https://*.instagram.com https://*.cdninstagram.com; media-src 'self' blob: https://www.instagram.com https://*.cdninstagram.com https://*.fbcdn.net; manifest-src 'self' https://www.instagram.com; script-src 'self' https://instagram.com https://www.instagram.com https://*.www.instagram.com https://*.cdninstagram.com wss://www.instagram.com https://*.facebook.com https://*.fbcdn.net https://*.facebook.net 'unsafe-inline' 'unsafe-eval' blob:; style-src 'self' https://*.www.instagram.com https://www.instagram.com 'unsafe-inline'; connect-src 'self' https://instagram.com https://www.instagram.com https://*.www.instagram.com https://graph.instagram.com https://*.graph.instagram.com https://i.instagram.com/graphql_www https://graphql.instagram.com https://*.cdninstagram.com https://api.instagram.com https://i.instagram.com https://*.i.instagram.com https://*.od.instagram.com wss://www.instagram.com wss://edge-chat.instagram.com https://*.facebook.com https://*.fbcdn.net https://*.facebook.net chrome-extension://boadgeojelhgndaghljhdicfkmllpafd blob:; worker-src 'self' blob: https://www.instagram.com; frame-src 'self' https://instagram.com https://www.instagram.com https://*.instagram.com https://staticxx.facebook.com https://www.facebook.com https://web.facebook.com https://connect.facebook.net https://m.facebook.com; object-src 'none'; upgrade-insecure-requests", 'origin-trial': 'AuqWincgAuXeuu3KypEMnrrFEJHySaesyJS3EaIH40zvafzrU0Irhb7+5QwZpOqMZrPTjgvFl7Z5jJgy1dNAcQMAAAB6eyJvcmlnaW4iOiJodHRwczovL2luc3RhZ3JhbS5jb206NDQzIiwiZmVhdHVyZSI6IkNyb3NzT3JpZ2luT3BlbmVyUG9saWN5UmVwb3J0aW5nIiwiZXhwaXJ5IjoxNjEzNDExNjYyLCJpc1N1YmRvbWFpbiI6dHJ1ZX0=', 'report-to': '{"group": "coop", "max_age": 86400, "endpoints": [{"url": "/security/coop_report/"}]}', 'cross-origin-opener-policy': 'same-origin-allow-popups;report-to="coop"', 'X-Content-Type-Options': 'nosniff', 'X-XSS-Protection': '0', 'x-ig-push-state': 'c2', 'x-aed': '48', 'Access-Control-Expose-Headers': 'X-IG-Set-WWW-Claim', 'x-ig-request-elapsed-time-ms': '424', 'x-ig-peak-time': '1', 'Set-Cookie': 'csrftoken=9zmcXWx4TO8b44ndnZYF3zaMtD96dh0a; Domain=.instagram.com; expires=Wed, 22-Mar-2023 18:00:32 GMT; Max-Age=31449600; Path=/; Secure, mid=YjtgPwAEAAGeeRBgPZj1Y5GPU9UN; Domain=.instagram.com; expires=Fri, 22-Mar-2024 18:00:32 GMT; Max-Age=63072000; Path=/; Secure, ig_did=13D8AAF1-9E1A-48C4-B935-85C2736C52A5; Domain=.instagram.com; expires=Fri, 22-Mar-2024 18:00:32 GMT; HttpOnly; Max-Age=63072000; Path=/; Secure, ig_nrcb=1; Domain=.instagram.com; expires=Thu, 23-Mar-2023 18:00:32 GMT; Max-Age=31536000; Path=/; Secure', 'x-ig-origin-region': 'vll', 'X-FB-TRIP-ID': '1679558926', 'Alt-Svc': 'h3=":443"; ma=86400,h3-29=":443"; ma=86400', 'Connection': 'keep-alive', 'Content-Length': '34038'}
kCQshWlBbJ	404	{'Content-Type': 'text/html; charset=utf-8', 'Vary': 'Accept-Language, Cookie', 'Content-Language': 'en', 'Date': 'Wed, 23 Mar 2022 18:05:33 GMT', 'Strict-Transport-Security': 'max-age=31536000', 'Cache-Control': 'private, no-cache, no-store, must-revalidate', 'Pragma': 'no-cache', 'Expires': 'Sat, 01 Jan 2000 00:00:00 GMT', 'X-Frame-Options': 'SAMEORIGIN', 'content-security-policy': "report-uri https://www.instagram.com/security/csp_report/; default-src 'self' https://www.instagram.com; img-src data: blob: https://*.fbcdn.net https://*.instagram.com https://*.cdninstagram.com https://*.facebook.com https://*.fbsbx.com https://*.giphy.com; font-src data: https://*.fbcdn.net https://*.instagram.com https://*.cdninstagram.com; media-src 'self' blob: https://www.instagram.com https://*.cdninstagram.com https://*.fbcdn.net; manifest-src 'self' https://www.instagram.com; script-src 'self' https://instagram.com https://www.instagram.com https://*.www.instagram.com https://*.cdninstagram.com wss://www.instagram.com https://*.facebook.com https://*.fbcdn.net https://*.facebook.net 'unsafe-inline' 'unsafe-eval' blob:; style-src 'self' https://*.www.instagram.com https://www.instagram.com 'unsafe-inline'; connect-src 'self' https://instagram.com https://www.instagram.com https://*.www.instagram.com https://graph.instagram.com https://*.graph.instagram.com https://i.instagram.com/graphql_www https://graphql.instagram.com https://*.cdninstagram.com https://api.instagram.com https://i.instagram.com https://*.i.instagram.com https://*.od.instagram.com wss://www.instagram.com wss://edge-chat.instagram.com https://*.facebook.com https://*.fbcdn.net https://*.facebook.net chrome-extension://boadgeojelhgndaghljhdicfkmllpafd blob:; worker-src 'self' blob: https://www.instagram.com; frame-src 'self' https://instagram.com https://www.instagram.com https://*.instagram.com https://staticxx.facebook.com https://www.facebook.com https://web.facebook.com https://connect.facebook.net https://m.facebook.com; object-src 'none'; upgrade-insecure-requests", 'cross-origin-embedder-policy-report-only': 'require-corp;report-to="coep"', 'report-to': '{"group": "coep", "max_age": 86400, "endpoints": [{"url": "/security/coep_report/"}]},{"group": "coop", "max_age": 86400, "endpoints": [{"url": "/security/coop_report/"}]}', 'origin-trial': 'AuqWincgAuXeuu3KypEMnrrFEJHySaesyJS3EaIH40zvafzrU0Irhb7+5QwZpOqMZrPTjgvFl7Z5jJgy1dNAcQMAAAB6eyJvcmlnaW4iOiJodHRwczovL2luc3RhZ3JhbS5jb206NDQzIiwiZmVhdHVyZSI6IkNyb3NzT3JpZ2luT3BlbmVyUG9saWN5UmVwb3J0aW5nIiwiZXhwaXJ5IjoxNjEzNDExNjYyLCJpc1N1YmRvbWFpbiI6dHJ1ZX0=', 'cross-origin-opener-policy': 'same-origin-allow-popups;report-to="coop"', 'X-Content-Type-Options': 'nosniff', 'X-XSS-Protection': '0', 'x-ig-push-state': 'c2', 'x-aed': '48', 'Access-Control-Expose-Headers': 'X-IG-Set-WWW-Claim', 'x-ig-request-elapsed-time-ms': '115', 'x-ig-peak-time': '1', 'Set-Cookie': 'csrftoken=2O4BgscL8o1BpXeVW1IiHnxCuywFESOb; Domain=.instagram.com; expires=Wed, 22-Mar-2023 18:05:33 GMT; Max-Age=31449600; Path=/; Secure, mid=YjthbQAEAAH3bqwZn-yIpAGn33EP; Domain=.instagram.com; expires=Fri, 22-Mar-2024 18:05:33 GMT; Max-Age=63072000; Path=/; Secure, ig_did=3AD0F364-01EB-4025-B153-5D30415D4EA3; Domain=.instagram.com; expires=Fri, 22-Mar-2024 18:05:33 GMT; HttpOnly; Max-Age=63072000; Path=/; Secure, ig_nrcb=1; Domain=.instagram.com; expires=Thu, 23-Mar-2023 18:05:33 GMT; Max-Age=31536000; Path=/; Secure', 'x-ig-origin-region': 'vll', 'X-FB-TRIP-ID': '1679558926', 'Alt-Svc': 'h3=":443"; ma=86400,h3-29=":443"; ma=86400', 'Connection': 'keep-alive', 'Content-Length': '91496'}
kD15fsQGwz	404	{'Content-Type': 'text/html; charset=utf-8', 'Vary': 'Accept-Language, Cookie', 'Content-Language': 'en', 'Date': 'Wed, 23 Mar 2022 18:10:34 GMT', 'Strict-Transport-Security': 'max-age=31536000', 'Cache-Control': 'private, no-cache, no-store, must-revalidate', 'Pragma': 'no-cache', 'Expires': 'Sat, 01 Jan 2000 00:00:00 GMT', 'X-Frame-Options': 'SAMEORIGIN', 'content-security-policy': "report-uri https://www.instagram.com/security/csp_report/; default-src 'self' https://www.instagram.com; img-src data: blob: https://*.fbcdn.net https://*.instagram.com https://*.cdninstagram.com https://*.facebook.com https://*.fbsbx.com https://*.giphy.com; font-src data: https://*.fbcdn.net https://*.instagram.com https://*.cdninstagram.com; media-src 'self' blob: https://www.instagram.com https://*.cdninstagram.com https://*.fbcdn.net; manifest-src 'self' https://www.instagram.com; script-src 'self' https://instagram.com https://www.instagram.com https://*.www.instagram.com https://*.cdninstagram.com wss://www.instagram.com https://*.facebook.com https://*.fbcdn.net https://*.facebook.net 'unsafe-inline' 'unsafe-eval' blob:; style-src 'self' https://*.www.instagram.com https://www.instagram.com 'unsafe-inline'; connect-src 'self' https://instagram.com https://www.instagram.com https://*.www.instagram.com https://graph.instagram.com https://*.graph.instagram.com https://i.instagram.com/graphql_www https://graphql.instagram.com https://*.cdninstagram.com https://api.instagram.com https://i.instagram.com https://*.i.instagram.com https://*.od.instagram.com wss://www.instagram.com wss://edge-chat.instagram.com https://*.facebook.com https://*.fbcdn.net https://*.facebook.net chrome-extension://boadgeojelhgndaghljhdicfkmllpafd blob:; worker-src 'self' blob: https://www.instagram.com; frame-src 'self' https://instagram.com https://www.instagram.com https://*.instagram.com https://staticxx.facebook.com https://www.facebook.com https://web.facebook.com https://connect.facebook.net https://m.facebook.com; object-src 'none'; upgrade-insecure-requests", 'cross-origin-embedder-policy-report-only': 'require-corp;report-to="coep"', 'report-to': '{"group": "coep", "max_age": 86400, "endpoints": [{"url": "/security/coep_report/"}]},{"group": "coop", "max_age": 86400, "endpoints": [{"url": "/security/coop_report/"}]}', 'origin-trial': 'AuqWincgAuXeuu3KypEMnrrFEJHySaesyJS3EaIH40zvafzrU0Irhb7+5QwZpOqMZrPTjgvFl7Z5jJgy1dNAcQMAAAB6eyJvcmlnaW4iOiJodHRwczovL2luc3RhZ3JhbS5jb206NDQzIiwiZmVhdHVyZSI6IkNyb3NzT3JpZ2luT3BlbmVyUG9saWN5UmVwb3J0aW5nIiwiZXhwaXJ5IjoxNjEzNDExNjYyLCJpc1N1YmRvbWFpbiI6dHJ1ZX0=', 'cross-origin-opener-policy': 'same-origin-allow-popups;report-to="coop"', 'X-Content-Type-Options': 'nosniff', 'X-XSS-Protection': '0', 'x-ig-push-state': 'c2', 'x-aed': '48', 'Access-Control-Expose-Headers': 'X-IG-Set-WWW-Claim', 'x-ig-request-elapsed-time-ms': '206', 'x-ig-peak-time': '1', 'Set-Cookie': 'csrftoken=T21ulTW3jc2neKt8vBY0mz2U1k7rsNQr; Domain=.instagram.com; expires=Wed, 22-Mar-2023 18:10:34 GMT; Max-Age=31449600; Path=/; Secure, mid=YjtimQAEAAFK4uqmyrQE7dNOyXez; Domain=.instagram.com; expires=Fri, 22-Mar-2024 18:10:34 GMT; Max-Age=63072000; Path=/; Secure, ig_did=606A5819-880A-46E3-907E-43A4950C0C7E; Domain=.instagram.com; expires=Fri, 22-Mar-2024 18:10:34 GMT; HttpOnly; Max-Age=63072000; Path=/; Secure, ig_nrcb=1; Domain=.instagram.com; expires=Thu, 23-Mar-2023 18:10:34 GMT; Max-Age=31536000; Path=/; Secure', 'x-ig-origin-region': 'nao', 'X-FB-TRIP-ID': '1679558926', 'Alt-Svc': 'h3=":443"; ma=86400,h3-29=":443"; ma=86400', 'Connection': 'keep-alive', 'Content-Length': '91457'}
KdPaa0lzY4	200	{'Content-Type': 'text/html; charset=utf-8', 'Vary': 'Accept-Language, Cookie, Accept-Encoding', 'Content-Language': 'en', 'Date': 'Wed, 23 Mar 2022 18:15:36 GMT', 'Content-Encoding': 'gzip', 'Strict-Transport-Security': 'max-age=31536000', 'Cache-Control': 'private, no-cache, no-store, must-revalidate', 'Pragma': 'no-cache', 'Expires': 'Sat, 01 Jan 2000 00:00:00 GMT', 'X-Frame-Options': 'SAMEORIGIN', 'content-security-policy': "report-uri https://www.instagram.com/security/csp_report/; default-src 'self' https://www.instagram.com; img-src data: blob: https://*.fbcdn.net https://*.instagram.com https://*.cdninstagram.com https://*.facebook.com https://*.fbsbx.com https://*.giphy.com; font-src data: https://*.fbcdn.net https://*.instagram.com https://*.cdninstagram.com; media-src 'self' blob: https://www.instagram.com https://*.cdninstagram.com https://*.fbcdn.net; manifest-src 'self' https://www.instagram.com; script-src 'self' https://instagram.com https://www.instagram.com https://*.www.instagram.com https://*.cdninstagram.com wss://www.instagram.com https://*.facebook.com https://*.fbcdn.net https://*.facebook.net 'unsafe-inline' 'unsafe-eval' blob:; style-src 'self' https://*.www.instagram.com https://www.instagram.com 'unsafe-inline'; connect-src 'self' https://instagram.com https://www.instagram.com https://*.www.instagram.com https://graph.instagram.com https://*.graph.instagram.com https://i.instagram.com/graphql_www https://graphql.instagram.com https://*.cdninstagram.com https://api.instagram.com https://i.instagram.com https://*.i.instagram.com https://*.od.instagram.com wss://www.instagram.com wss://edge-chat.instagram.com https://*.facebook.com https://*.fbcdn.net https://*.facebook.net chrome-extension://boadgeojelhgndaghljhdicfkmllpafd blob:; worker-src 'self' blob: https://www.instagram.com; frame-src 'self' https://instagram.com https://www.instagram.com https://*.instagram.com https://staticxx.facebook.com https://www.facebook.com https://web.facebook.com https://connect.facebook.net https://m.facebook.com; object-src 'none'; upgrade-insecure-requests", 'origin-trial': 'AuqWincgAuXeuu3KypEMnrrFEJHySaesyJS3EaIH40zvafzrU0Irhb7+5QwZpOqMZrPTjgvFl7Z5jJgy1dNAcQMAAAB6eyJvcmlnaW4iOiJodHRwczovL2luc3RhZ3JhbS5jb206NDQzIiwiZmVhdHVyZSI6IkNyb3NzT3JpZ2luT3BlbmVyUG9saWN5UmVwb3J0aW5nIiwiZXhwaXJ5IjoxNjEzNDExNjYyLCJpc1N1YmRvbWFpbiI6dHJ1ZX0=', 'report-to': '{"group": "coop", "max_age": 86400, "endpoints": [{"url": "/security/coop_report/"}]}', 'cross-origin-opener-policy': 'same-origin-allow-popups;report-to="coop"', 'X-Content-Type-Options': 'nosniff', 'X-XSS-Protection': '0', 'x-ig-push-state': 'c2', 'x-aed': '48', 'Access-Control-Expose-Headers': 'X-IG-Set-WWW-Claim', 'x-ig-request-elapsed-time-ms': '912', 'x-ig-peak-time': '1', 'Set-Cookie': 'csrftoken=HzDrRyOskKB6iMxetDEauUDQU7l1gIMp; Domain=.instagram.com; expires=Wed, 22-Mar-2023 18:15:36 GMT; Max-Age=31449600; Path=/; Secure, mid=YjtjxwAEAAHG2xS8I_HY_7SoZAP8; Domain=.instagram.com; expires=Fri, 22-Mar-2024 18:15:36 GMT; Max-Age=63072000; Path=/; Secure, ig_did=49905984-3933-4FCB-928C-2824796334EA; Domain=.instagram.com; expires=Fri, 22-Mar-2024 18:15:36 GMT; HttpOnly; Max-Age=63072000; Path=/; Secure, ig_nrcb=1; Domain=.instagram.com; expires=Thu, 23-Mar-2023 18:15:36 GMT; Max-Age=31536000; Path=/; Secure', 'x-ig-origin-region': 'vll', 'X-FB-TRIP-ID': '1679558926', 'Alt-Svc': 'h3=":443"; ma=86400,h3-29=":443"; ma=86400', 'Connection': 'keep-alive', 'Content-Length': '30501'}
ke6yW7nnhX	200	{'Content-Type': 'text/html; charset=utf-8', 'Vary': 'Accept-Language, Cookie, Accept-Encoding', 'Content-Language': 'en', 'Date': 'Wed, 23 Mar 2022 18:20:37 GMT', 'Content-Encoding': 'gzip', 'Strict-Transport-Security': 'max-age=31536000', 'Cache-Control': 'private, no-cache, no-store, must-revalidate', 'Pragma': 'no-cache', 'Expires': 'Sat, 01 Jan 2000 00:00:00 GMT', 'X-Frame-Options': 'SAMEORIGIN', 'content-security-policy': "report-uri https://www.instagram.com/security/csp_report/; default-src 'self' https://www.instagram.com; img-src data: blob: https://*.fbcdn.net https://*.instagram.com https://*.cdninstagram.com https://*.facebook.com https://*.fbsbx.com https://*.giphy.com; font-src data: https://*.fbcdn.net https://*.instagram.com https://*.cdninstagram.com; media-src 'self' blob: https://www.instagram.com https://*.cdninstagram.com https://*.fbcdn.net; manifest-src 'self' https://www.instagram.com; script-src 'self' https://instagram.com https://www.instagram.com https://*.www.instagram.com https://*.cdninstagram.com wss://www.instagram.com https://*.facebook.com https://*.fbcdn.net https://*.facebook.net 'unsafe-inline' 'unsafe-eval' blob:; style-src 'self' https://*.www.instagram.com https://www.instagram.com 'unsafe-inline'; connect-src 'self' https://instagram.com https://www.instagram.com https://*.www.instagram.com https://graph.instagram.com https://*.graph.instagram.com https://i.instagram.com/graphql_www https://graphql.instagram.com https://*.cdninstagram.com https://api.instagram.com https://i.instagram.com https://*.i.instagram.com https://*.od.instagram.com wss://www.instagram.com wss://edge-chat.instagram.com https://*.facebook.com https://*.fbcdn.net https://*.facebook.net chrome-extension://boadgeojelhgndaghljhdicfkmllpafd blob:; worker-src 'self' blob: https://www.instagram.com; frame-src 'self' https://instagram.com https://www.instagram.com https://*.instagram.com https://staticxx.facebook.com https://www.facebook.com https://web.facebook.com https://connect.facebook.net https://m.facebook.com; object-src 'none'; upgrade-insecure-requests", 'origin-trial': 'AuqWincgAuXeuu3KypEMnrrFEJHySaesyJS3EaIH40zvafzrU0Irhb7+5QwZpOqMZrPTjgvFl7Z5jJgy1dNAcQMAAAB6eyJvcmlnaW4iOiJodHRwczovL2luc3RhZ3JhbS5jb206NDQzIiwiZmVhdHVyZSI6IkNyb3NzT3JpZ2luT3BlbmVyUG9saWN5UmVwb3J0aW5nIiwiZXhwaXJ5IjoxNjEzNDExNjYyLCJpc1N1YmRvbWFpbiI6dHJ1ZX0=', 'report-to': '{"group": "coop", "max_age": 86400, "endpoints": [{"url": "/security/coop_report/"}]}', 'cross-origin-opener-policy': 'same-origin-allow-popups;report-to="coop"', 'X-Content-Type-Options': 'nosniff', 'X-XSS-Protection': '0', 'x-ig-push-state': 'c2', 'x-aed': '48', 'Access-Control-Expose-Headers': 'X-IG-Set-WWW-Claim', 'x-ig-request-elapsed-time-ms': '310', 'x-ig-peak-time': '1', 'Set-Cookie': 'csrftoken=V8EmfXo5EGMTVjBOPhPXszJO7qwllhYp; Domain=.instagram.com; expires=Wed, 22-Mar-2023 18:20:37 GMT; Max-Age=31449600; Path=/; Secure, mid=Yjtk9QAEAAF3jBJC50Ra2ADkTavA; Domain=.instagram.com; expires=Fri, 22-Mar-2024 18:20:37 GMT; Max-Age=63072000; Path=/; Secure, ig_did=567EDDD8-DD80-47C9-B2A9-F52B682AE2B2; Domain=.instagram.com; expires=Fri, 22-Mar-2024 18:20:37 GMT; HttpOnly; Max-Age=63072000; Path=/; Secure, ig_nrcb=1; Domain=.instagram.com; expires=Thu, 23-Mar-2023 18:20:37 GMT; Max-Age=31536000; Path=/; Secure', 'x-ig-origin-region': 'vll', 'X-FB-TRIP-ID': '1679558926', 'Alt-Svc': 'h3=":443"; ma=86400,h3-29=":443"; ma=86400', 'Connection': 'keep-alive', 'Content-Length': '29902'}
kf3tfzo2Vg	404	{'Content-Type': 'text/html; charset=utf-8', 'Vary': 'Accept-Language, Cookie', 'Content-Language': 'en', 'Date': 'Wed, 23 Mar 2022 21:55:40 GMT', 'Strict-Transport-Security': 'max-age=31536000', 'Cache-Control': 'private, no-cache, no-store, must-revalidate', 'Pragma': 'no-cache', 'Expires': 'Sat, 01 Jan 2000 00:00:00 GMT', 'X-Frame-Options': 'SAMEORIGIN', 'content-security-policy': "report-uri https://www.instagram.com/security/csp_report/; default-src 'self' https://www.instagram.com; img-src data: blob: https://*.fbcdn.net https://*.instagram.com https://*.cdninstagram.com https://*.facebook.com https://*.fbsbx.com https://*.giphy.com; font-src data: https://*.fbcdn.net https://*.instagram.com https://*.cdninstagram.com; media-src 'self' blob: https://www.instagram.com https://*.cdninstagram.com https://*.fbcdn.net; manifest-src 'self' https://www.instagram.com; script-src 'self' https://instagram.com https://www.instagram.com https://*.www.instagram.com https://*.cdninstagram.com wss://www.instagram.com https://*.facebook.com https://*.fbcdn.net https://*.facebook.net 'unsafe-inline' 'unsafe-eval' blob:; style-src 'self' https://*.www.instagram.com https://www.instagram.com 'unsafe-inline'; connect-src 'self' https://instagram.com https://www.instagram.com https://*.www.instagram.com https://graph.instagram.com https://*.graph.instagram.com https://i.instagram.com/graphql_www https://graphql.instagram.com https://*.cdninstagram.com https://api.instagram.com https://i.instagram.com https://*.i.instagram.com https://*.od.instagram.com wss://www.instagram.com wss://edge-chat.instagram.com https://*.facebook.com https://*.fbcdn.net https://*.facebook.net chrome-extension://boadgeojelhgndaghljhdicfkmllpafd blob:; worker-src 'self' blob: https://www.instagram.com; frame-src 'self' https://instagram.com https://www.instagram.com https://*.instagram.com https://staticxx.facebook.com https://www.facebook.com https://web.facebook.com https://connect.facebook.net https://m.facebook.com; object-src 'none'; upgrade-insecure-requests", 'cross-origin-embedder-policy-report-only': 'require-corp;report-to="coep"', 'report-to': '{"group": "coep", "max_age": 86400, "endpoints": [{"url": "/security/coep_report/"}]},{"group": "coop", "max_age": 86400, "endpoints": [{"url": "/security/coop_report/"}]}', 'origin-trial': 'AuqWincgAuXeuu3KypEMnrrFEJHySaesyJS3EaIH40zvafzrU0Irhb7+5QwZpOqMZrPTjgvFl7Z5jJgy1dNAcQMAAAB6eyJvcmlnaW4iOiJodHRwczovL2luc3RhZ3JhbS5jb206NDQzIiwiZmVhdHVyZSI6IkNyb3NzT3JpZ2luT3BlbmVyUG9saWN5UmVwb3J0aW5nIiwiZXhwaXJ5IjoxNjEzNDExNjYyLCJpc1N1YmRvbWFpbiI6dHJ1ZX0=', 'cross-origin-opener-policy': 'same-origin-allow-popups;report-to="coop"', 'X-Content-Type-Options': 'nosniff', 'X-XSS-Protection': '0', 'x-ig-push-state': 'c2', 'x-aed': '48', 'Access-Control-Expose-Headers': 'X-IG-Set-WWW-Claim', 'x-ig-request-elapsed-time-ms': '153', 'x-ig-peak-time': '0', 'Set-Cookie': 'csrftoken=3ohUL0SIAjNiJbZYYZVU05dm7BJ6ibDJ; Domain=.instagram.com; expires=Wed, 22-Mar-2023 21:55:40 GMT; Max-Age=31449600; Path=/; Secure, mid=YjuXXAAEAAGCcuyBWNW6jgq6YZ67; Domain=.instagram.com; expires=Fri, 22-Mar-2024 21:55:40 GMT; Max-Age=63072000; Path=/; Secure, ig_did=3789299E-CB6A-42A7-9E71-9680919EBE12; Domain=.instagram.com; expires=Fri, 22-Mar-2024 21:55:40 GMT; HttpOnly; Max-Age=63072000; Path=/; Secure, ig_nrcb=1; Domain=.instagram.com; expires=Thu, 23-Mar-2023 21:55:40 GMT; Max-Age=31536000; Path=/; Secure', 'x-ig-origin-region': 'nao', 'X-FB-TRIP-ID': '1679558926', 'Alt-Svc': 'h3=":443"; ma=86400,h3-29=":443"; ma=86400', 'Connection': 'keep-alive', 'Content-Length': '91456'}
kfaLV6whYY	200	{'Content-Type': 'text/html; charset=utf-8', 'Vary': 'Accept-Language, Cookie, Accept-Encoding', 'Content-Language': 'en', 'Date': 'Thu, 24 Mar 2022 04:00:45 GMT', 'Content-Encoding': 'gzip', 'Strict-Transport-Security': 'max-age=31536000', 'Cache-Control': 'private, no-cache, no-store, must-revalidate', 'Pragma': 'no-cache', 'Expires': 'Sat, 01 Jan 2000 00:00:00 GMT', 'X-Frame-Options': 'SAMEORIGIN', 'content-security-policy': "report-uri https://www.instagram.com/security/csp_report/; default-src 'self' https://www.instagram.com; img-src data: blob: https://*.fbcdn.net https://*.instagram.com https://*.cdninstagram.com https://*.facebook.com https://*.fbsbx.com https://*.giphy.com; font-src data: https://*.fbcdn.net https://*.instagram.com https://*.cdninstagram.com; media-src 'self' blob: https://www.instagram.com https://*.cdninstagram.com https://*.fbcdn.net; manifest-src 'self' https://www.instagram.com; script-src 'self' https://instagram.com https://www.instagram.com https://*.www.instagram.com https://*.cdninstagram.com wss://www.instagram.com https://*.facebook.com https://*.fbcdn.net https://*.facebook.net 'unsafe-inline' 'unsafe-eval' blob:; style-src 'self' https://*.www.instagram.com https://www.instagram.com 'unsafe-inline'; connect-src 'self' https://instagram.com https://www.instagram.com https://*.www.instagram.com https://graph.instagram.com https://*.graph.instagram.com https://i.instagram.com/graphql_www https://graphql.instagram.com https://*.cdninstagram.com https://api.instagram.com https://i.instagram.com https://*.i.instagram.com https://*.od.instagram.com wss://www.instagram.com wss://edge-chat.instagram.com https://*.facebook.com https://*.fbcdn.net https://*.facebook.net chrome-extension://boadgeojelhgndaghljhdicfkmllpafd blob:; worker-src 'self' blob: https://www.instagram.com; frame-src 'self' https://instagram.com https://www.instagram.com https://*.instagram.com https://staticxx.facebook.com https://www.facebook.com https://web.facebook.com https://connect.facebook.net https://m.facebook.com; object-src 'none'; upgrade-insecure-requests", 'origin-trial': 'AuqWincgAuXeuu3KypEMnrrFEJHySaesyJS3EaIH40zvafzrU0Irhb7+5QwZpOqMZrPTjgvFl7Z5jJgy1dNAcQMAAAB6eyJvcmlnaW4iOiJodHRwczovL2luc3RhZ3JhbS5jb206NDQzIiwiZmVhdHVyZSI6IkNyb3NzT3JpZ2luT3BlbmVyUG9saWN5UmVwb3J0aW5nIiwiZXhwaXJ5IjoxNjEzNDExNjYyLCJpc1N1YmRvbWFpbiI6dHJ1ZX0=', 'report-to': '{"group": "coop", "max_age": 86400, "endpoints": [{"url": "/security/coop_report/"}]}', 'cross-origin-opener-policy': 'same-origin-allow-popups;report-to="coop"', 'X-Content-Type-Options': 'nosniff', 'X-XSS-Protection': '0', 'x-ig-push-state': 'c2', 'x-aed': '48', 'Access-Control-Expose-Headers': 'X-IG-Set-WWW-Claim', 'x-ig-request-elapsed-time-ms': '441', 'x-ig-peak-time': '0', 'Set-Cookie': 'csrftoken=eVxtLxeOKSKyYq9Ui5qsumDkdD5L5NtB; Domain=.instagram.com; expires=Thu, 23-Mar-2023 04:00:45 GMT; Max-Age=31449600; Path=/; Secure, mid=Yjvs7AAEAAHD96G5xM8BPkBydvF2; Domain=.instagram.com; expires=Sat, 23-Mar-2024 04:00:45 GMT; Max-Age=63072000; Path=/; Secure, ig_did=BA754D57-0738-4D1F-A209-9464C048149F; Domain=.instagram.com; expires=Sat, 23-Mar-2024 04:00:45 GMT; HttpOnly; Max-Age=63072000; Path=/; Secure, ig_nrcb=1; Domain=.instagram.com; expires=Fri, 24-Mar-2023 04:00:45 GMT; Max-Age=31536000; Path=/; Secure', 'x-ig-origin-region': 'prn', 'X-FB-TRIP-ID': '1679558926', 'Alt-Svc': 'h3=":443"; ma=86400,h3-29=":443"; ma=86400', 'Connection': 'keep-alive', 'Content-Length': '30294'}
kfXMdSFMhh	200	{'Content-Type': 'text/html; charset=utf-8', 'Vary': 'Accept-Language, Cookie, Accept-Encoding', 'Content-Language': 'en', 'Date': 'Thu, 24 Mar 2022 05:05:47 GMT', 'Content-Encoding': 'gzip', 'Strict-Transport-Security': 'max-age=31536000', 'Cache-Control': 'private, no-cache, no-store, must-revalidate', 'Pragma': 'no-cache', 'Expires': 'Sat, 01 Jan 2000 00:00:00 GMT', 'X-Frame-Options': 'SAMEORIGIN', 'content-security-policy': "report-uri https://www.instagram.com/security/csp_report/; default-src 'self' https://www.instagram.com; img-src data: blob: https://*.fbcdn.net https://*.instagram.com https://*.cdninstagram.com https://*.facebook.com https://*.fbsbx.com https://*.giphy.com; font-src data: https://*.fbcdn.net https://*.instagram.com https://*.cdninstagram.com; media-src 'self' blob: https://www.instagram.com https://*.cdninstagram.com https://*.fbcdn.net; manifest-src 'self' https://www.instagram.com; script-src 'self' https://instagram.com https://www.instagram.com https://*.www.instagram.com https://*.cdninstagram.com wss://www.instagram.com https://*.facebook.com https://*.fbcdn.net https://*.facebook.net 'unsafe-inline' 'unsafe-eval' blob:; style-src 'self' https://*.www.instagram.com https://www.instagram.com 'unsafe-inline'; connect-src 'self' https://instagram.com https://www.instagram.com https://*.www.instagram.com https://graph.instagram.com https://*.graph.instagram.com https://i.instagram.com/graphql_www https://graphql.instagram.com https://*.cdninstagram.com https://api.instagram.com https://i.instagram.com https://*.i.instagram.com https://*.od.instagram.com wss://www.instagram.com wss://edge-chat.instagram.com https://*.facebook.com https://*.fbcdn.net https://*.facebook.net chrome-extension://boadgeojelhgndaghljhdicfkmllpafd blob:; worker-src 'self' blob: https://www.instagram.com; frame-src 'self' https://instagram.com https://www.instagram.com https://*.instagram.com https://staticxx.facebook.com https://www.facebook.com https://web.facebook.com https://connect.facebook.net https://m.facebook.com; object-src 'none'; upgrade-insecure-requests", 'origin-trial': 'AuqWincgAuXeuu3KypEMnrrFEJHySaesyJS3EaIH40zvafzrU0Irhb7+5QwZpOqMZrPTjgvFl7Z5jJgy1dNAcQMAAAB6eyJvcmlnaW4iOiJodHRwczovL2luc3RhZ3JhbS5jb206NDQzIiwiZmVhdHVyZSI6IkNyb3NzT3JpZ2luT3BlbmVyUG9saWN5UmVwb3J0aW5nIiwiZXhwaXJ5IjoxNjEzNDExNjYyLCJpc1N1YmRvbWFpbiI6dHJ1ZX0=', 'report-to': '{"group": "coop", "max_age": 86400, "endpoints": [{"url": "/security/coop_report/"}]}', 'cross-origin-opener-policy': 'same-origin-allow-popups;report-to="coop"', 'X-Content-Type-Options': 'nosniff', 'X-XSS-Protection': '0', 'x-ig-push-state': 'c2', 'x-aed': '48', 'Access-Control-Expose-Headers': 'X-IG-Set-WWW-Claim', 'x-ig-request-elapsed-time-ms': '207', 'x-ig-peak-time': '0', 'Set-Cookie': 'csrftoken=fiRSaHf0UMn2lXgakRYZHyNABlxNfOjk; Domain=.instagram.com; expires=Thu, 23-Mar-2023 05:05:47 GMT; Max-Age=31449600; Path=/; Secure, mid=Yjv8KwAEAAGcYa4gQLxnjPj76WPs; Domain=.instagram.com; expires=Sat, 23-Mar-2024 05:05:47 GMT; Max-Age=63072000; Path=/; Secure, ig_did=6A1FFB15-0C5E-4B59-A9A0-2D102D40B3E7; Domain=.instagram.com; expires=Sat, 23-Mar-2024 05:05:47 GMT; HttpOnly; Max-Age=63072000; Path=/; Secure, ig_nrcb=1; Domain=.instagram.com; expires=Fri, 24-Mar-2023 05:05:47 GMT; Max-Age=31536000; Path=/; Secure', 'x-ig-origin-region': 'frc', 'X-FB-TRIP-ID': '1679558926', 'Alt-Svc': 'h3=":443"; ma=86400,h3-29=":443"; ma=86400', 'Connection': 'keep-alive', 'Content-Length': '29780'}
kG7DtCSMPT	200	{'Content-Type': 'text/html; charset=utf-8', 'Vary': 'Accept-Language, Cookie, Accept-Encoding', 'Content-Language': 'en', 'Date': 'Thu, 24 Mar 2022 05:10:48 GMT', 'Content-Encoding': 'gzip', 'Strict-Transport-Security': 'max-age=31536000', 'Cache-Control': 'private, no-cache, no-store, must-revalidate', 'Pragma': 'no-cache', 'Expires': 'Sat, 01 Jan 2000 00:00:00 GMT', 'X-Frame-Options': 'SAMEORIGIN', 'content-security-policy': "report-uri https://www.instagram.com/security/csp_report/; default-src 'self' https://www.instagram.com; img-src data: blob: https://*.fbcdn.net https://*.instagram.com https://*.cdninstagram.com https://*.facebook.com https://*.fbsbx.com https://*.giphy.com; font-src data: https://*.fbcdn.net https://*.instagram.com https://*.cdninstagram.com; media-src 'self' blob: https://www.instagram.com https://*.cdninstagram.com https://*.fbcdn.net; manifest-src 'self' https://www.instagram.com; script-src 'self' https://instagram.com https://www.instagram.com https://*.www.instagram.com https://*.cdninstagram.com wss://www.instagram.com https://*.facebook.com https://*.fbcdn.net https://*.facebook.net 'unsafe-inline' 'unsafe-eval' blob:; style-src 'self' https://*.www.instagram.com https://www.instagram.com 'unsafe-inline'; connect-src 'self' https://instagram.com https://www.instagram.com https://*.www.instagram.com https://graph.instagram.com https://*.graph.instagram.com https://i.instagram.com/graphql_www https://graphql.instagram.com https://*.cdninstagram.com https://api.instagram.com https://i.instagram.com https://*.i.instagram.com https://*.od.instagram.com wss://www.instagram.com wss://edge-chat.instagram.com https://*.facebook.com https://*.fbcdn.net https://*.facebook.net chrome-extension://boadgeojelhgndaghljhdicfkmllpafd blob:; worker-src 'self' blob: https://www.instagram.com; frame-src 'self' https://instagram.com https://www.instagram.com https://*.instagram.com https://staticxx.facebook.com https://www.facebook.com https://web.facebook.com https://connect.facebook.net https://m.facebook.com; object-src 'none'; upgrade-insecure-requests", 'origin-trial': 'AuqWincgAuXeuu3KypEMnrrFEJHySaesyJS3EaIH40zvafzrU0Irhb7+5QwZpOqMZrPTjgvFl7Z5jJgy1dNAcQMAAAB6eyJvcmlnaW4iOiJodHRwczovL2luc3RhZ3JhbS5jb206NDQzIiwiZmVhdHVyZSI6IkNyb3NzT3JpZ2luT3BlbmVyUG9saWN5UmVwb3J0aW5nIiwiZXhwaXJ5IjoxNjEzNDExNjYyLCJpc1N1YmRvbWFpbiI6dHJ1ZX0=', 'report-to': '{"group": "coop", "max_age": 86400, "endpoints": [{"url": "/security/coop_report/"}]}', 'cross-origin-opener-policy': 'same-origin-allow-popups;report-to="coop"', 'X-Content-Type-Options': 'nosniff', 'X-XSS-Protection': '0', 'x-ig-push-state': 'c2', 'x-aed': '48', 'Access-Control-Expose-Headers': 'X-IG-Set-WWW-Claim', 'x-ig-request-elapsed-time-ms': '333', 'x-ig-peak-time': '0', 'Set-Cookie': 'csrftoken=iUtV0HuBkGlRtToYcAnNWTQhOiClF7wS; Domain=.instagram.com; expires=Thu, 23-Mar-2023 05:10:48 GMT; Max-Age=31449600; Path=/; Secure, mid=Yjv9WAAEAAHdLb9jHUmfvvxZh882; Domain=.instagram.com; expires=Sat, 23-Mar-2024 05:10:48 GMT; Max-Age=63072000; Path=/; Secure, ig_did=D5D6766E-2363-4A1E-87C4-8871E96B2619; Domain=.instagram.com; expires=Sat, 23-Mar-2024 05:10:48 GMT; HttpOnly; Max-Age=63072000; Path=/; Secure, ig_nrcb=1; Domain=.instagram.com; expires=Fri, 24-Mar-2023 05:10:48 GMT; Max-Age=31536000; Path=/; Secure', 'x-ig-origin-region': 'frc', 'X-FB-TRIP-ID': '1679558926', 'Alt-Svc': 'h3=":443"; ma=86400,h3-29=":443"; ma=86400', 'Connection': 'keep-alive', 'Content-Length': '32722'}
kGFVsXAbxW	200	{'Content-Type': 'text/html; charset=utf-8', 'Vary': 'Accept-Language, Cookie, Accept-Encoding', 'Content-Language': 'en', 'Date': 'Thu, 24 Mar 2022 11:15:53 GMT', 'Content-Encoding': 'gzip', 'Strict-Transport-Security': 'max-age=31536000', 'Cache-Control': 'private, no-cache, no-store, must-revalidate', 'Pragma': 'no-cache', 'Expires': 'Sat, 01 Jan 2000 00:00:00 GMT', 'X-Frame-Options': 'SAMEORIGIN', 'content-security-policy': "report-uri https://www.instagram.com/security/csp_report/; default-src 'self' https://www.instagram.com; img-src data: blob: https://*.fbcdn.net https://*.instagram.com https://*.cdninstagram.com https://*.facebook.com https://*.fbsbx.com https://*.giphy.com; font-src data: https://*.fbcdn.net https://*.instagram.com https://*.cdninstagram.com; media-src 'self' blob: https://www.instagram.com https://*.cdninstagram.com https://*.fbcdn.net; manifest-src 'self' https://www.instagram.com; script-src 'self' https://instagram.com https://www.instagram.com https://*.www.instagram.com https://*.cdninstagram.com wss://www.instagram.com https://*.facebook.com https://*.fbcdn.net https://*.facebook.net 'unsafe-inline' 'unsafe-eval' blob:; style-src 'self' https://*.www.instagram.com https://www.instagram.com 'unsafe-inline'; connect-src 'self' https://instagram.com https://www.instagram.com https://*.www.instagram.com https://graph.instagram.com https://*.graph.instagram.com https://i.instagram.com/graphql_www https://graphql.instagram.com https://*.cdninstagram.com https://api.instagram.com https://i.instagram.com https://*.i.instagram.com https://*.od.instagram.com wss://www.instagram.com wss://edge-chat.instagram.com https://*.facebook.com https://*.fbcdn.net https://*.facebook.net chrome-extension://boadgeojelhgndaghljhdicfkmllpafd blob:; worker-src 'self' blob: https://www.instagram.com; frame-src 'self' https://instagram.com https://www.instagram.com https://*.instagram.com https://staticxx.facebook.com https://www.facebook.com https://web.facebook.com https://connect.facebook.net https://m.facebook.com; object-src 'none'; upgrade-insecure-requests", 'origin-trial': 'AuqWincgAuXeuu3KypEMnrrFEJHySaesyJS3EaIH40zvafzrU0Irhb7+5QwZpOqMZrPTjgvFl7Z5jJgy1dNAcQMAAAB6eyJvcmlnaW4iOiJodHRwczovL2luc3RhZ3JhbS5jb206NDQzIiwiZmVhdHVyZSI6IkNyb3NzT3JpZ2luT3BlbmVyUG9saWN5UmVwb3J0aW5nIiwiZXhwaXJ5IjoxNjEzNDExNjYyLCJpc1N1YmRvbWFpbiI6dHJ1ZX0=', 'report-to': '{"group": "coop", "max_age": 86400, "endpoints": [{"url": "/security/coop_report/"}]}', 'cross-origin-opener-policy': 'same-origin-allow-popups;report-to="coop"', 'X-Content-Type-Options': 'nosniff', 'X-XSS-Protection': '0', 'x-ig-push-state': 'c2', 'x-aed': '48', 'Access-Control-Expose-Headers': 'X-IG-Set-WWW-Claim', 'x-ig-request-elapsed-time-ms': '537', 'x-ig-peak-time': '0', 'Set-Cookie': 'csrftoken=Ly6ZJfBiyuo6qo5wKhVcQFFmdHfjyNSZ; Domain=.instagram.com; expires=Thu, 23-Mar-2023 11:15:53 GMT; Max-Age=31449600; Path=/; Secure, mid=YjxS6AAEAAG6EWekGzcFMQXSlADf; Domain=.instagram.com; expires=Sat, 23-Mar-2024 11:15:53 GMT; Max-Age=63072000; Path=/; Secure, ig_did=00D537FF-6AED-45C5-A999-3F9606E3A2BB; Domain=.instagram.com; expires=Sat, 23-Mar-2024 11:15:53 GMT; HttpOnly; Max-Age=63072000; Path=/; Secure, ig_nrcb=1; Domain=.instagram.com; expires=Fri, 24-Mar-2023 11:15:53 GMT; Max-Age=31536000; Path=/; Secure', 'x-ig-origin-region': 'nao', 'X-FB-TRIP-ID': '1679558926', 'Alt-Svc': 'h3=":443"; ma=86400,h3-29=":443"; ma=86400', 'Connection': 'keep-alive', 'Content-Length': '33989'}
